mode: atomic
github.com/ericbutera/bike/strava-gateway/cmd/admin/main.go:19.2,21.46 3 0
github.com/ericbutera/bike/strava-gateway/cmd/admin/main.go:22.3,23.1 1 0
github.com/ericbutera/bike/strava-gateway/cmd/admin/main.go:27.2,27.20 1 0
github.com/ericbutera/bike/strava-gateway/cmd/admin/main.go:28.3,29.1 1 0
github.com/ericbutera/bike/strava-gateway/cmd/admin/main.go:30.2,30.27 1 0
github.com/ericbutera/bike/strava-gateway/cmd/admin/main.go:31.3,31.21 1 0
github.com/ericbutera/bike/strava-gateway/cmd/admin/main.go:32.4,33.1 1 0
github.com/ericbutera/bike/strava-gateway/cmd/admin/main.go:34.3,35.17 2 0
github.com/ericbutera/bike/strava-gateway/cmd/admin/main.go:36.4,37.1 1 0
github.com/ericbutera/bike/strava-gateway/cmd/admin/main.go:38.3,39.17 2 0
github.com/ericbutera/bike/strava-gateway/cmd/admin/main.go:40.4,41.1 1 0
github.com/ericbutera/bike/strava-gateway/cmd/admin/main.go:42.3,43.13 2 0
github.com/ericbutera/bike/strava-gateway/cmd/admin/main.go:45.2,46.23 2 0
github.com/ericbutera/bike/strava-gateway/cmd/admin/main.go:47.3,48.1 1 0
github.com/ericbutera/bike/strava-gateway/cmd/admin/main.go:49.2,50.16 2 0
github.com/ericbutera/bike/strava-gateway/cmd/admin/main.go:51.3,52.1 1 0
github.com/ericbutera/bike/strava-gateway/cmd/admin/main.go:53.2,55.17 3 0
github.com/ericbutera/bike/strava-gateway/cmd/admin/main.go:57.3,57.21 1 0
github.com/ericbutera/bike/strava-gateway/cmd/admin/main.go:58.4,59.1 1 0
github.com/ericbutera/bike/strava-gateway/cmd/admin/main.go:60.3,61.17 2 0
github.com/ericbutera/bike/strava-gateway/cmd/admin/main.go:62.4,63.1 1 0
github.com/ericbutera/bike/strava-gateway/cmd/admin/main.go:64.3,64.31 1 0
github.com/ericbutera/bike/strava-gateway/cmd/admin/main.go:65.4,66.1 1 0
github.com/ericbutera/bike/strava-gateway/cmd/admin/main.go:67.3,67.13 1 0
github.com/ericbutera/bike/strava-gateway/cmd/admin/main.go:69.3,69.21 1 0
github.com/ericbutera/bike/strava-gateway/cmd/admin/main.go:70.4,71.1 1 0
github.com/ericbutera/bike/strava-gateway/cmd/admin/main.go:72.3,73.17 2 0
github.com/ericbutera/bike/strava-gateway/cmd/admin/main.go:74.4,75.1 1 0
github.com/ericbutera/bike/strava-gateway/cmd/admin/main.go:76.3,76.65 1 0
github.com/ericbutera/bike/strava-gateway/cmd/admin/main.go:77.4,78.1 1 0
github.com/ericbutera/bike/strava-gateway/cmd/admin/main.go:79.3,80.13 2 0
github.com/ericbutera/bike/strava-gateway/cmd/admin/main.go:82.3,82.21 1 0
github.com/ericbutera/bike/strava-gateway/cmd/admin/main.go:83.4,84.1 1 0
github.com/ericbutera/bike/strava-gateway/cmd/admin/main.go:85.3,86.17 2 0
github.com/ericbutera/bike/strava-gateway/cmd/admin/main.go:87.4,88.1 1 0
github.com/ericbutera/bike/strava-gateway/cmd/admin/main.go:89.3,89.49 1 0
github.com/ericbutera/bike/strava-gateway/cmd/admin/main.go:91.3,91.128 1 0
github.com/ericbutera/bike/strava-gateway/cmd/export_rust/main.go:18.2,20.46 3 0
github.com/ericbutera/bike/strava-gateway/cmd/export_rust/main.go:21.3,22.1 1 0
github.com/ericbutera/bike/strava-gateway/cmd/export_rust/main.go:26.2,27.44 2 0
github.com/ericbutera/bike/strava-gateway/cmd/export_rust/main.go:28.3,29.1 1 0
github.com/ericbutera/bike/strava-gateway/cmd/export_rust/main.go:29.9,29.27 1 0
github.com/ericbutera/bike/strava-gateway/cmd/export_rust/main.go:30.3,31.1 1 0
github.com/ericbutera/bike/strava-gateway/cmd/export_rust/main.go:32.2,32.77 1 0
github.com/ericbutera/bike/strava-gateway/cmd/export_rust/main.go:33.3,34.1 1 0
github.com/ericbutera/bike/strava-gateway/cmd/export_rust/main.go:35.2,36.16 2 0
github.com/ericbutera/bike/strava-gateway/cmd/export_rust/main.go:37.3,38.1 1 0
github.com/ericbutera/bike/strava-gateway/cmd/export_rust/main.go:39.2,40.16 2 0
github.com/ericbutera/bike/strava-gateway/cmd/export_rust/main.go:41.3,42.1 1 0
github.com/ericbutera/bike/strava-gateway/cmd/export_rust/main.go:43.2,45.16 3 0
github.com/ericbutera/bike/strava-gateway/cmd/export_rust/main.go:46.3,47.1 1 0
github.com/ericbutera/bike/strava-gateway/cmd/export_rust/main.go:48.2,51.16 4 0
github.com/ericbutera/bike/strava-gateway/cmd/export_rust/main.go:52.3,53.1 1 0
github.com/ericbutera/bike/strava-gateway/cmd/export_rust/main.go:54.2,56.18 3 0
github.com/ericbutera/bike/strava-gateway/cmd/export_rust/main.go:57.3,58.66 2 0
github.com/ericbutera/bike/strava-gateway/cmd/export_rust/main.go:59.4,61.1 2 0
github.com/ericbutera/bike/strava-gateway/cmd/export_rust/main.go:62.3,62.32 1 0
github.com/ericbutera/bike/strava-gateway/cmd/export_rust/main.go:64.2,66.16 3 0
github.com/ericbutera/bike/strava-gateway/cmd/export_rust/main.go:67.3,68.1 1 0
github.com/ericbutera/bike/strava-gateway/cmd/export_rust/main.go:69.2,69.22 1 0
github.com/ericbutera/bike/strava-gateway/cmd/export_rust/main.go:70.3,71.1 1 0
github.com/ericbutera/bike/strava-gateway/cmd/export_rust/main.go:72.2,75.1 3 0
github.com/ericbutera/bike/strava-gateway/cmd/export_rust/main.go:76.2,77.30 3 0
github.com/ericbutera/bike/strava-gateway/cmd/export_rust/main.go:78.3,79.17 2 0
github.com/ericbutera/bike/strava-gateway/cmd/export_rust/main.go:80.4,81.1 1 0
github.com/ericbutera/bike/strava-gateway/cmd/export_rust/main.go:82.3,82.33 1 0
github.com/ericbutera/bike/strava-gateway/cmd/export_rust/main.go:83.4,84.1 1 0
github.com/ericbutera/bike/strava-gateway/cmd/export_rust/main.go:85.3,86.17 2 0
github.com/ericbutera/bike/strava-gateway/cmd/export_rust/main.go:87.4,88.1 1 0
github.com/ericbutera/bike/strava-gateway/cmd/export_rust/main.go:89.3,89.62 1 0
github.com/ericbutera/bike/strava-gateway/cmd/export_rust/main.go:90.4,91.1 1 0
github.com/ericbutera/bike/strava-gateway/cmd/export_rust/main.go:92.3,92.71 1 0
github.com/ericbutera/bike/strava-gateway/cmd/export_rust/main.go:94.2,94.11 1 0
github.com/ericbutera/bike/strava-gateway/cmd/export_rust/main.go:95.3,97.17 3 0
github.com/ericbutera/bike/strava-gateway/cmd/export_rust/main.go:98.4,99.1 1 0
github.com/ericbutera/bike/strava-gateway/cmd/export_rust/main.go:100.3,100.16 1 0
github.com/ericbutera/bike/strava-gateway/cmd/export_rust/main.go:101.4,103.107 3 0
github.com/ericbutera/bike/strava-gateway/cmd/export_rust/main.go:104.5,105.1 1 0
github.com/ericbutera/bike/strava-gateway/cmd/export_rust/main.go:107.3,107.30 1 0
github.com/ericbutera/bike/strava-gateway/cmd/export_rust/main.go:108.4,113.18 2 0
github.com/ericbutera/bike/strava-gateway/cmd/export_rust/main.go:114.5,115.1 1 0
github.com/ericbutera/bike/strava-gateway/cmd/export_rust/main.go:116.4,116.34 1 0
github.com/ericbutera/bike/strava-gateway/cmd/export_rust/main.go:117.5,118.1 1 0
github.com/ericbutera/bike/strava-gateway/cmd/export_rust/main.go:120.3,120.40 1 0
github.com/ericbutera/bike/strava-gateway/cmd/export_rust/main.go:121.4,122.1 1 0
github.com/ericbutera/bike/strava-gateway/cmd/export_rust/main.go:124.2,124.11 1 0
github.com/ericbutera/bike/strava-gateway/cmd/export_rust/main.go:125.3,126.1 1 0
github.com/ericbutera/bike/strava-gateway/cmd/export_rust/main.go:127.3,128.1 1 0
github.com/ericbutera/bike/strava-gateway/cmd/export_rust/main.go:129.2,129.12 1 0
github.com/ericbutera/bike/strava-gateway/cmd/gateway/main.go:32.2,33.16 2 0
github.com/ericbutera/bike/strava-gateway/cmd/gateway/main.go:34.3,35.1 1 0
github.com/ericbutera/bike/strava-gateway/cmd/gateway/main.go:37.2,39.16 3 0
github.com/ericbutera/bike/strava-gateway/cmd/gateway/main.go:40.3,41.1 1 0
github.com/ericbutera/bike/strava-gateway/cmd/gateway/main.go:42.2,43.39 2 0
github.com/ericbutera/bike/strava-gateway/cmd/gateway/main.go:44.3,45.1 1 0
github.com/ericbutera/bike/strava-gateway/cmd/gateway/main.go:46.2,50.16 5 0
github.com/ericbutera/bike/strava-gateway/cmd/gateway/main.go:51.3,52.1 1 0
github.com/ericbutera/bike/strava-gateway/cmd/gateway/main.go:53.2,53.15 1 0
github.com/ericbutera/bike/strava-gateway/cmd/gateway/main.go:54.3,56.58 3 0
github.com/ericbutera/bike/strava-gateway/cmd/gateway/main.go:57.4,58.1 1 0
github.com/ericbutera/bike/strava-gateway/cmd/gateway/main.go:60.2,65.16 6 0
github.com/ericbutera/bike/strava-gateway/cmd/gateway/main.go:66.3,67.1 1 0
github.com/ericbutera/bike/strava-gateway/cmd/gateway/main.go:68.2,70.16 3 0
github.com/ericbutera/bike/strava-gateway/cmd/gateway/main.go:71.3,72.1 1 0
github.com/ericbutera/bike/strava-gateway/cmd/gateway/main.go:73.2,74.50 2 0
github.com/ericbutera/bike/strava-gateway/cmd/gateway/main.go:75.3,76.1 1 0
github.com/ericbutera/bike/strava-gateway/cmd/gateway/main.go:77.2,84.1 2 0
github.com/ericbutera/bike/strava-gateway/cmd/gateway/main.go:85.2,85.43 2 0
github.com/ericbutera/bike/strava-gateway/cmd/gateway/main.go:86.3,87.1 1 0
github.com/ericbutera/bike/strava-gateway/cmd/gateway/main.go:88.2,101.1 9 0
github.com/ericbutera/bike/strava-gateway/cmd/gateway/main.go:102.2,106.16 9 0
github.com/ericbutera/bike/strava-gateway/cmd/gateway/main.go:107.3,108.1 1 0
github.com/ericbutera/bike/strava-gateway/cmd/gateway/main.go:109.2,114.12 3 0
github.com/ericbutera/bike/strava-gateway/cmd/gateway/main.go:115.3,115.56 1 0
github.com/ericbutera/bike/strava-gateway/cmd/gateway/main.go:116.4,117.1 1 0
github.com/ericbutera/bike/strava-gateway/cmd/gateway/main.go:119.2,120.74 2 0
github.com/ericbutera/bike/strava-gateway/cmd/gateway/main.go:120.76,120.106 1 0
github.com/ericbutera/bike/strava-gateway/cmd/gateway/main.go:121.2,121.73 1 0
github.com/ericbutera/bike/strava-gateway/cmd/gateway/main.go:122.3,124.40 3 0
github.com/ericbutera/bike/strava-gateway/cmd/gateway/main.go:125.4,127.1 2 0
github.com/ericbutera/bike/strava-gateway/cmd/gateway/main.go:128.3,128.31 1 0
github.com/ericbutera/bike/strava-gateway/cmd/gateway/main.go:130.2,131.16 2 0
github.com/ericbutera/bike/strava-gateway/cmd/gateway/main.go:132.3,133.1 1 0
github.com/ericbutera/bike/strava-gateway/cmd/gateway/main.go:134.2,136.57 1 0
github.com/ericbutera/bike/strava-gateway/cmd/gateway/main.go:137.5,138.1 1 0
github.com/ericbutera/bike/strava-gateway/cmd/gateway/main.go:141.2,142.23 2 0
github.com/ericbutera/bike/strava-gateway/cmd/gateway/main.go:143.3,144.1 1 0
github.com/ericbutera/bike/strava-gateway/cmd/gateway/main.go:145.2,147.12 3 0
github.com/ericbutera/bike/strava-gateway/cmd/gateway/main.go:147.14,147.69 1 0
github.com/ericbutera/bike/strava-gateway/cmd/gateway/main.go:148.2,148.15 1 0
github.com/ericbutera/bike/strava-gateway/cmd/gateway/main.go:149.3,151.65 3 0
github.com/ericbutera/bike/strava-gateway/cmd/gateway/main.go:152.4,153.1 1 0
github.com/ericbutera/bike/strava-gateway/cmd/gateway/main.go:155.2,157.12 3 0
github.com/ericbutera/bike/strava-gateway/cmd/gateway/main.go:157.14,157.55 1 0
github.com/ericbutera/bike/strava-gateway/cmd/gateway/main.go:158.2,158.9 1 0
github.com/ericbutera/bike/strava-gateway/cmd/gateway/main.go:160.3,160.58 1 0
github.com/ericbutera/bike/strava-gateway/cmd/gateway/main.go:161.4,162.1 1 0
github.com/ericbutera/bike/strava-gateway/cmd/gateway/main.go:164.3,164.58 1 0
github.com/ericbutera/bike/strava-gateway/cmd/gateway/main.go:165.4,166.1 1 0
github.com/ericbutera/bike/strava-gateway/cmd/gateway/main.go:168.3,170.58 3 0
github.com/ericbutera/bike/strava-gateway/cmd/gateway/main.go:171.4,172.1 1 0
github.com/ericbutera/bike/strava-gateway/cmd/gateway/main.go:177.2,178.17 2 0
github.com/ericbutera/bike/strava-gateway/cmd/gateway/main.go:179.3,180.1 1 0
github.com/ericbutera/bike/strava-gateway/cmd/gateway/main.go:181.2,181.14 1 0
github.com/ericbutera/bike/strava-gateway/cmd/import_rust/main.go:24.2,26.46 3 0
github.com/ericbutera/bike/strava-gateway/cmd/import_rust/main.go:27.3,28.1 1 0
github.com/ericbutera/bike/strava-gateway/cmd/import_rust/main.go:32.2,34.44 3 0
github.com/ericbutera/bike/strava-gateway/cmd/import_rust/main.go:35.3,36.1 1 0
github.com/ericbutera/bike/strava-gateway/cmd/import_rust/main.go:36.9,36.84 1 0
github.com/ericbutera/bike/strava-gateway/cmd/import_rust/main.go:37.3,39.1 2 0
github.com/ericbutera/bike/strava-gateway/cmd/import_rust/main.go:39.9,39.27 1 0
github.com/ericbutera/bike/strava-gateway/cmd/import_rust/main.go:40.3,41.1 1 0
github.com/ericbutera/bike/strava-gateway/cmd/import_rust/main.go:42.2,43.19 2 0
github.com/ericbutera/bike/strava-gateway/cmd/import_rust/main.go:44.3,45.1 1 0
github.com/ericbutera/bike/strava-gateway/cmd/import_rust/main.go:46.2,47.16 2 0
github.com/ericbutera/bike/strava-gateway/cmd/import_rust/main.go:48.3,49.1 1 0
github.com/ericbutera/bike/strava-gateway/cmd/import_rust/main.go:50.2,52.16 3 0
github.com/ericbutera/bike/strava-gateway/cmd/import_rust/main.go:53.3,54.1 1 0
github.com/ericbutera/bike/strava-gateway/cmd/import_rust/main.go:55.2,55.12 1 0
github.com/ericbutera/bike/strava-gateway/cmd/import_rust/main.go:56.3,58.1 2 0
github.com/ericbutera/bike/strava-gateway/cmd/import_rust/main.go:59.2,59.27 1 0
github.com/ericbutera/bike/strava-gateway/cmd/import_rust/main.go:60.3,61.1 1 0
github.com/ericbutera/bike/strava-gateway/cmd/import_rust/main.go:62.2,63.22 2 0
github.com/ericbutera/bike/strava-gateway/cmd/import_rust/main.go:64.3,65.1 1 0
github.com/ericbutera/bike/strava-gateway/cmd/import_rust/main.go:66.2,67.16 2 0
github.com/ericbutera/bike/strava-gateway/cmd/import_rust/main.go:68.3,69.1 1 0
github.com/ericbutera/bike/strava-gateway/cmd/import_rust/main.go:70.2,71.16 2 0
github.com/ericbutera/bike/strava-gateway/cmd/import_rust/main.go:72.3,73.1 1 0
github.com/ericbutera/bike/strava-gateway/cmd/import_rust/main.go:74.2,77.35 4 0
github.com/ericbutera/bike/strava-gateway/cmd/import_rust/main.go:78.3,79.17 2 0
github.com/ericbutera/bike/strava-gateway/cmd/import_rust/main.go:80.4,81.1 1 0
github.com/ericbutera/bike/strava-gateway/cmd/import_rust/main.go:82.3,82.14 1 0
github.com/ericbutera/bike/strava-gateway/cmd/import_rust/main.go:83.4,84.1 1 0
github.com/ericbutera/bike/strava-gateway/cmd/import_rust/main.go:86.2,88.12 2 0
github.com/ericbutera/bike/strava-gateway/cmd/import_rust/main.go:92.2,95.16 2 0
github.com/ericbutera/bike/strava-gateway/cmd/import_rust/main.go:96.3,97.1 1 0
github.com/ericbutera/bike/strava-gateway/cmd/import_rust/main.go:98.2,100.18 3 0
github.com/ericbutera/bike/strava-gateway/cmd/import_rust/main.go:101.3,105.44 3 0
github.com/ericbutera/bike/strava-gateway/cmd/import_rust/main.go:106.4,107.1 1 0
github.com/ericbutera/bike/strava-gateway/cmd/import_rust/main.go:108.3,108.81 1 0
github.com/ericbutera/bike/strava-gateway/cmd/import_rust/main.go:109.4,110.1 1 0
github.com/ericbutera/bike/strava-gateway/cmd/import_rust/main.go:111.3,111.68 1 0
github.com/ericbutera/bike/strava-gateway/cmd/import_rust/main.go:112.4,113.1 1 0
github.com/ericbutera/bike/strava-gateway/cmd/import_rust/main.go:114.3,114.32 1 0
github.com/ericbutera/bike/strava-gateway/cmd/import_rust/main.go:116.2,116.27 1 0
github.com/ericbutera/bike/strava-gateway/cmd/migrate/main.go:13.2,14.23 2 0
github.com/ericbutera/bike/strava-gateway/cmd/migrate/main.go:15.3,16.1 1 0
github.com/ericbutera/bike/strava-gateway/cmd/migrate/main.go:17.2,19.58 3 0
github.com/ericbutera/bike/strava-gateway/cmd/migrate/main.go:20.3,21.1 1 0
github.com/ericbutera/bike/strava-gateway/cmd/worker/main.go:25.2,26.16 2 0
github.com/ericbutera/bike/strava-gateway/cmd/worker/main.go:27.3,28.1 1 0
github.com/ericbutera/bike/strava-gateway/cmd/worker/main.go:30.2,31.16 2 0
github.com/ericbutera/bike/strava-gateway/cmd/worker/main.go:32.3,33.1 1 0
github.com/ericbutera/bike/strava-gateway/cmd/worker/main.go:34.2,38.16 5 0
github.com/ericbutera/bike/strava-gateway/cmd/worker/main.go:39.3,40.1 1 0
github.com/ericbutera/bike/strava-gateway/cmd/worker/main.go:41.2,41.15 1 0
github.com/ericbutera/bike/strava-gateway/cmd/worker/main.go:42.3,44.58 3 0
github.com/ericbutera/bike/strava-gateway/cmd/worker/main.go:45.4,46.1 1 0
github.com/ericbutera/bike/strava-gateway/cmd/worker/main.go:48.2,51.16 4 0
github.com/ericbutera/bike/strava-gateway/cmd/worker/main.go:52.3,53.1 1 0
github.com/ericbutera/bike/strava-gateway/cmd/worker/main.go:54.2,56.16 3 0
github.com/ericbutera/bike/strava-gateway/cmd/worker/main.go:57.3,58.1 1 0
github.com/ericbutera/bike/strava-gateway/cmd/worker/main.go:59.2,60.39 2 0
github.com/ericbutera/bike/strava-gateway/cmd/worker/main.go:61.3,62.1 1 0
github.com/ericbutera/bike/strava-gateway/cmd/worker/main.go:63.2,77.1 3 0
github.com/ericbutera/bike/strava-gateway/cmd/worker/main.go:78.2,79.23 3 0
github.com/ericbutera/bike/strava-gateway/cmd/worker/main.go:80.3,81.1 1 0
github.com/ericbutera/bike/strava-gateway/cmd/worker/main.go:82.2,84.12 3 0
github.com/ericbutera/bike/strava-gateway/cmd/worker/main.go:84.14,84.69 1 0
github.com/ericbutera/bike/strava-gateway/cmd/worker/main.go:85.2,85.15 1 0
github.com/ericbutera/bike/strava-gateway/cmd/worker/main.go:86.3,88.65 3 0
github.com/ericbutera/bike/strava-gateway/cmd/worker/main.go:89.4,90.1 1 0
github.com/ericbutera/bike/strava-gateway/cmd/worker/main.go:92.2,92.23 1 0
github.com/ericbutera/bike/strava-gateway/cmd/worker/main.go:93.3,93.10 1 0
github.com/ericbutera/bike/strava-gateway/cmd/worker/main.go:95.4,95.45 1 0
github.com/ericbutera/bike/strava-gateway/cmd/worker/main.go:96.5,98.1 2 0
github.com/ericbutera/bike/strava-gateway/cmd/worker/main.go:99.11,99.11 0 0
github.com/ericbutera/bike/strava-gateway/cmd/worker/main.go:101.3,101.42 1 0
github.com/ericbutera/bike/strava-gateway/cmd/worker/main.go:102.4,103.11 2 0
github.com/ericbutera/bike/strava-gateway/cmd/worker/main.go:104.22,104.22 0 0
github.com/ericbutera/bike/strava-gateway/cmd/worker/main.go:105.39,105.39 0 0
github.com/ericbutera/bike/strava-gateway/cmd/worker/main.go:112.2,113.17 2 0
github.com/ericbutera/bike/strava-gateway/cmd/worker/main.go:114.3,115.1 1 0
github.com/ericbutera/bike/strava-gateway/cmd/worker/main.go:116.2,116.14 1 0
github.com/ericbutera/bike/strava-gateway/cmd/admin/main.go:19.2,21.46 3 0
github.com/ericbutera/bike/strava-gateway/cmd/admin/main.go:22.3,23.1 1 0
github.com/ericbutera/bike/strava-gateway/cmd/admin/main.go:27.2,27.20 1 0
github.com/ericbutera/bike/strava-gateway/cmd/admin/main.go:28.3,29.1 1 0
github.com/ericbutera/bike/strava-gateway/cmd/admin/main.go:30.2,30.27 1 0
github.com/ericbutera/bike/strava-gateway/cmd/admin/main.go:31.3,31.21 1 0
github.com/ericbutera/bike/strava-gateway/cmd/admin/main.go:32.4,33.1 1 0
github.com/ericbutera/bike/strava-gateway/cmd/admin/main.go:34.3,35.17 2 0
github.com/ericbutera/bike/strava-gateway/cmd/admin/main.go:36.4,37.1 1 0
github.com/ericbutera/bike/strava-gateway/cmd/admin/main.go:38.3,39.17 2 0
github.com/ericbutera/bike/strava-gateway/cmd/admin/main.go:40.4,41.1 1 0
github.com/ericbutera/bike/strava-gateway/cmd/admin/main.go:42.3,43.13 2 0
github.com/ericbutera/bike/strava-gateway/cmd/admin/main.go:45.2,46.23 2 0
github.com/ericbutera/bike/strava-gateway/cmd/admin/main.go:47.3,48.1 1 0
github.com/ericbutera/bike/strava-gateway/cmd/admin/main.go:49.2,50.16 2 0
github.com/ericbutera/bike/strava-gateway/cmd/admin/main.go:51.3,52.1 1 0
github.com/ericbutera/bike/strava-gateway/cmd/admin/main.go:53.2,55.17 3 0
github.com/ericbutera/bike/strava-gateway/cmd/admin/main.go:57.3,57.21 1 0
github.com/ericbutera/bike/strava-gateway/cmd/admin/main.go:58.4,59.1 1 0
github.com/ericbutera/bike/strava-gateway/cmd/admin/main.go:60.3,61.17 2 0
github.com/ericbutera/bike/strava-gateway/cmd/admin/main.go:62.4,63.1 1 0
github.com/ericbutera/bike/strava-gateway/cmd/admin/main.go:64.3,64.31 1 0
github.com/ericbutera/bike/strava-gateway/cmd/admin/main.go:65.4,66.1 1 0
github.com/ericbutera/bike/strava-gateway/cmd/admin/main.go:67.3,67.13 1 0
github.com/ericbutera/bike/strava-gateway/cmd/admin/main.go:69.3,69.21 1 0
github.com/ericbutera/bike/strava-gateway/cmd/admin/main.go:70.4,71.1 1 0
github.com/ericbutera/bike/strava-gateway/cmd/admin/main.go:72.3,73.17 2 0
github.com/ericbutera/bike/strava-gateway/cmd/admin/main.go:74.4,75.1 1 0
github.com/ericbutera/bike/strava-gateway/cmd/admin/main.go:76.3,76.65 1 0
github.com/ericbutera/bike/strava-gateway/cmd/admin/main.go:77.4,78.1 1 0
github.com/ericbutera/bike/strava-gateway/cmd/admin/main.go:79.3,80.13 2 0
github.com/ericbutera/bike/strava-gateway/cmd/admin/main.go:82.3,82.21 1 0
github.com/ericbutera/bike/strava-gateway/cmd/admin/main.go:83.4,84.1 1 0
github.com/ericbutera/bike/strava-gateway/cmd/admin/main.go:85.3,86.17 2 0
github.com/ericbutera/bike/strava-gateway/cmd/admin/main.go:87.4,88.1 1 0
github.com/ericbutera/bike/strava-gateway/cmd/admin/main.go:89.3,89.49 1 0
github.com/ericbutera/bike/strava-gateway/cmd/admin/main.go:91.3,91.128 1 0
github.com/ericbutera/bike/strava-gateway/cmd/export_rust/main.go:18.2,20.46 3 0
github.com/ericbutera/bike/strava-gateway/cmd/export_rust/main.go:21.3,22.1 1 0
github.com/ericbutera/bike/strava-gateway/cmd/export_rust/main.go:26.2,27.44 2 0
github.com/ericbutera/bike/strava-gateway/cmd/export_rust/main.go:28.3,29.1 1 0
github.com/ericbutera/bike/strava-gateway/cmd/export_rust/main.go:29.9,29.27 1 0
github.com/ericbutera/bike/strava-gateway/cmd/export_rust/main.go:30.3,31.1 1 0
github.com/ericbutera/bike/strava-gateway/cmd/export_rust/main.go:32.2,32.77 1 0
github.com/ericbutera/bike/strava-gateway/cmd/export_rust/main.go:33.3,34.1 1 0
github.com/ericbutera/bike/strava-gateway/cmd/export_rust/main.go:35.2,36.16 2 0
github.com/ericbutera/bike/strava-gateway/cmd/export_rust/main.go:37.3,38.1 1 0
github.com/ericbutera/bike/strava-gateway/cmd/export_rust/main.go:39.2,40.16 2 0
github.com/ericbutera/bike/strava-gateway/cmd/export_rust/main.go:41.3,42.1 1 0
github.com/ericbutera/bike/strava-gateway/cmd/export_rust/main.go:43.2,45.16 3 0
github.com/ericbutera/bike/strava-gateway/cmd/export_rust/main.go:46.3,47.1 1 0
github.com/ericbutera/bike/strava-gateway/cmd/export_rust/main.go:48.2,51.16 4 0
github.com/ericbutera/bike/strava-gateway/cmd/export_rust/main.go:52.3,53.1 1 0
github.com/ericbutera/bike/strava-gateway/cmd/export_rust/main.go:54.2,56.18 3 0
github.com/ericbutera/bike/strava-gateway/cmd/export_rust/main.go:57.3,58.66 2 0
github.com/ericbutera/bike/strava-gateway/cmd/export_rust/main.go:59.4,61.1 2 0
github.com/ericbutera/bike/strava-gateway/cmd/export_rust/main.go:62.3,62.32 1 0
github.com/ericbutera/bike/strava-gateway/cmd/export_rust/main.go:64.2,66.16 3 0
github.com/ericbutera/bike/strava-gateway/cmd/export_rust/main.go:67.3,68.1 1 0
github.com/ericbutera/bike/strava-gateway/cmd/export_rust/main.go:69.2,69.22 1 0
github.com/ericbutera/bike/strava-gateway/cmd/export_rust/main.go:70.3,71.1 1 0
github.com/ericbutera/bike/strava-gateway/cmd/export_rust/main.go:72.2,75.1 3 0
github.com/ericbutera/bike/strava-gateway/cmd/export_rust/main.go:76.2,77.30 3 0
github.com/ericbutera/bike/strava-gateway/cmd/export_rust/main.go:78.3,79.17 2 0
github.com/ericbutera/bike/strava-gateway/cmd/export_rust/main.go:80.4,81.1 1 0
github.com/ericbutera/bike/strava-gateway/cmd/export_rust/main.go:82.3,82.33 1 0
github.com/ericbutera/bike/strava-gateway/cmd/export_rust/main.go:83.4,84.1 1 0
github.com/ericbutera/bike/strava-gateway/cmd/export_rust/main.go:85.3,86.17 2 0
github.com/ericbutera/bike/strava-gateway/cmd/export_rust/main.go:87.4,88.1 1 0
github.com/ericbutera/bike/strava-gateway/cmd/export_rust/main.go:89.3,89.62 1 0
github.com/ericbutera/bike/strava-gateway/cmd/export_rust/main.go:90.4,91.1 1 0
github.com/ericbutera/bike/strava-gateway/cmd/export_rust/main.go:92.3,92.71 1 0
github.com/ericbutera/bike/strava-gateway/cmd/export_rust/main.go:94.2,94.11 1 0
github.com/ericbutera/bike/strava-gateway/cmd/export_rust/main.go:95.3,97.17 3 0
github.com/ericbutera/bike/strava-gateway/cmd/export_rust/main.go:98.4,99.1 1 0
github.com/ericbutera/bike/strava-gateway/cmd/export_rust/main.go:100.3,100.16 1 0
github.com/ericbutera/bike/strava-gateway/cmd/export_rust/main.go:101.4,103.107 3 0
github.com/ericbutera/bike/strava-gateway/cmd/export_rust/main.go:104.5,105.1 1 0
github.com/ericbutera/bike/strava-gateway/cmd/export_rust/main.go:107.3,107.30 1 0
github.com/ericbutera/bike/strava-gateway/cmd/export_rust/main.go:108.4,113.18 2 0
github.com/ericbutera/bike/strava-gateway/cmd/export_rust/main.go:114.5,115.1 1 0
github.com/ericbutera/bike/strava-gateway/cmd/export_rust/main.go:116.4,116.34 1 0
github.com/ericbutera/bike/strava-gateway/cmd/export_rust/main.go:117.5,118.1 1 0
github.com/ericbutera/bike/strava-gateway/cmd/export_rust/main.go:120.3,120.40 1 0
github.com/ericbutera/bike/strava-gateway/cmd/export_rust/main.go:121.4,122.1 1 0
github.com/ericbutera/bike/strava-gateway/cmd/export_rust/main.go:124.2,124.11 1 0
github.com/ericbutera/bike/strava-gateway/cmd/export_rust/main.go:125.3,126.1 1 0
github.com/ericbutera/bike/strava-gateway/cmd/export_rust/main.go:127.3,128.1 1 0
github.com/ericbutera/bike/strava-gateway/cmd/export_rust/main.go:129.2,129.12 1 0
github.com/ericbutera/bike/strava-gateway/cmd/gateway/main.go:32.2,33.16 2 0
github.com/ericbutera/bike/strava-gateway/cmd/gateway/main.go:34.3,35.1 1 0
github.com/ericbutera/bike/strava-gateway/cmd/gateway/main.go:37.2,39.16 3 0
github.com/ericbutera/bike/strava-gateway/cmd/gateway/main.go:40.3,41.1 1 0
github.com/ericbutera/bike/strava-gateway/cmd/gateway/main.go:42.2,43.39 2 0
github.com/ericbutera/bike/strava-gateway/cmd/gateway/main.go:44.3,45.1 1 0
github.com/ericbutera/bike/strava-gateway/cmd/gateway/main.go:46.2,50.16 5 0
github.com/ericbutera/bike/strava-gateway/cmd/gateway/main.go:51.3,52.1 1 0
github.com/ericbutera/bike/strava-gateway/cmd/gateway/main.go:53.2,53.15 1 0
github.com/ericbutera/bike/strava-gateway/cmd/gateway/main.go:54.3,56.58 3 0
github.com/ericbutera/bike/strava-gateway/cmd/gateway/main.go:57.4,58.1 1 0
github.com/ericbutera/bike/strava-gateway/cmd/gateway/main.go:60.2,65.16 6 0
github.com/ericbutera/bike/strava-gateway/cmd/gateway/main.go:66.3,67.1 1 0
github.com/ericbutera/bike/strava-gateway/cmd/gateway/main.go:68.2,70.16 3 0
github.com/ericbutera/bike/strava-gateway/cmd/gateway/main.go:71.3,72.1 1 0
github.com/ericbutera/bike/strava-gateway/cmd/gateway/main.go:73.2,74.50 2 0
github.com/ericbutera/bike/strava-gateway/cmd/gateway/main.go:75.3,76.1 1 0
github.com/ericbutera/bike/strava-gateway/cmd/gateway/main.go:77.2,84.1 2 0
github.com/ericbutera/bike/strava-gateway/cmd/gateway/main.go:85.2,85.43 2 0
github.com/ericbutera/bike/strava-gateway/cmd/gateway/main.go:86.3,87.1 1 0
github.com/ericbutera/bike/strava-gateway/cmd/gateway/main.go:88.2,101.1 9 0
github.com/ericbutera/bike/strava-gateway/cmd/gateway/main.go:102.2,106.16 9 0
github.com/ericbutera/bike/strava-gateway/cmd/gateway/main.go:107.3,108.1 1 0
github.com/ericbutera/bike/strava-gateway/cmd/gateway/main.go:109.2,114.12 3 0
github.com/ericbutera/bike/strava-gateway/cmd/gateway/main.go:115.3,115.56 1 0
github.com/ericbutera/bike/strava-gateway/cmd/gateway/main.go:116.4,117.1 1 0
github.com/ericbutera/bike/strava-gateway/cmd/gateway/main.go:119.2,120.74 2 0
github.com/ericbutera/bike/strava-gateway/cmd/gateway/main.go:120.76,120.106 1 0
github.com/ericbutera/bike/strava-gateway/cmd/gateway/main.go:121.2,121.73 1 0
github.com/ericbutera/bike/strava-gateway/cmd/gateway/main.go:122.3,124.40 3 0
github.com/ericbutera/bike/strava-gateway/cmd/gateway/main.go:125.4,127.1 2 0
github.com/ericbutera/bike/strava-gateway/cmd/gateway/main.go:128.3,128.31 1 0
github.com/ericbutera/bike/strava-gateway/cmd/gateway/main.go:130.2,131.16 2 0
github.com/ericbutera/bike/strava-gateway/cmd/gateway/main.go:132.3,133.1 1 0
github.com/ericbutera/bike/strava-gateway/cmd/gateway/main.go:134.2,136.57 1 0
github.com/ericbutera/bike/strava-gateway/cmd/gateway/main.go:137.5,138.1 1 0
github.com/ericbutera/bike/strava-gateway/cmd/gateway/main.go:141.2,142.23 2 0
github.com/ericbutera/bike/strava-gateway/cmd/gateway/main.go:143.3,144.1 1 0
github.com/ericbutera/bike/strava-gateway/cmd/gateway/main.go:145.2,147.12 3 0
github.com/ericbutera/bike/strava-gateway/cmd/gateway/main.go:147.14,147.69 1 0
github.com/ericbutera/bike/strava-gateway/cmd/gateway/main.go:148.2,148.15 1 0
github.com/ericbutera/bike/strava-gateway/cmd/gateway/main.go:149.3,151.65 3 0
github.com/ericbutera/bike/strava-gateway/cmd/gateway/main.go:152.4,153.1 1 0
github.com/ericbutera/bike/strava-gateway/cmd/gateway/main.go:155.2,157.12 3 0
github.com/ericbutera/bike/strava-gateway/cmd/gateway/main.go:157.14,157.55 1 0
github.com/ericbutera/bike/strava-gateway/cmd/gateway/main.go:158.2,158.9 1 0
github.com/ericbutera/bike/strava-gateway/cmd/gateway/main.go:160.3,160.58 1 0
github.com/ericbutera/bike/strava-gateway/cmd/gateway/main.go:161.4,162.1 1 0
github.com/ericbutera/bike/strava-gateway/cmd/gateway/main.go:164.3,164.58 1 0
github.com/ericbutera/bike/strava-gateway/cmd/gateway/main.go:165.4,166.1 1 0
github.com/ericbutera/bike/strava-gateway/cmd/gateway/main.go:168.3,170.58 3 0
github.com/ericbutera/bike/strava-gateway/cmd/gateway/main.go:171.4,172.1 1 0
github.com/ericbutera/bike/strava-gateway/cmd/gateway/main.go:177.2,178.17 2 0
github.com/ericbutera/bike/strava-gateway/cmd/gateway/main.go:179.3,180.1 1 0
github.com/ericbutera/bike/strava-gateway/cmd/gateway/main.go:181.2,181.14 1 0
github.com/ericbutera/bike/strava-gateway/cmd/import_rust/main.go:24.2,26.46 3 0
github.com/ericbutera/bike/strava-gateway/cmd/import_rust/main.go:27.3,28.1 1 0
github.com/ericbutera/bike/strava-gateway/cmd/import_rust/main.go:32.2,34.44 3 0
github.com/ericbutera/bike/strava-gateway/cmd/import_rust/main.go:35.3,36.1 1 0
github.com/ericbutera/bike/strava-gateway/cmd/import_rust/main.go:36.9,36.84 1 0
github.com/ericbutera/bike/strava-gateway/cmd/import_rust/main.go:37.3,39.1 2 0
github.com/ericbutera/bike/strava-gateway/cmd/import_rust/main.go:39.9,39.27 1 0
github.com/ericbutera/bike/strava-gateway/cmd/import_rust/main.go:40.3,41.1 1 0
github.com/ericbutera/bike/strava-gateway/cmd/import_rust/main.go:42.2,43.19 2 0
github.com/ericbutera/bike/strava-gateway/cmd/import_rust/main.go:44.3,45.1 1 0
github.com/ericbutera/bike/strava-gateway/cmd/import_rust/main.go:46.2,47.16 2 0
github.com/ericbutera/bike/strava-gateway/cmd/import_rust/main.go:48.3,49.1 1 0
github.com/ericbutera/bike/strava-gateway/cmd/import_rust/main.go:50.2,52.16 3 0
github.com/ericbutera/bike/strava-gateway/cmd/import_rust/main.go:53.3,54.1 1 0
github.com/ericbutera/bike/strava-gateway/cmd/import_rust/main.go:55.2,55.12 1 0
github.com/ericbutera/bike/strava-gateway/cmd/import_rust/main.go:56.3,58.1 2 0
github.com/ericbutera/bike/strava-gateway/cmd/import_rust/main.go:59.2,59.27 1 0
github.com/ericbutera/bike/strava-gateway/cmd/import_rust/main.go:60.3,61.1 1 0
github.com/ericbutera/bike/strava-gateway/cmd/import_rust/main.go:62.2,63.22 2 0
github.com/ericbutera/bike/strava-gateway/cmd/import_rust/main.go:64.3,65.1 1 0
github.com/ericbutera/bike/strava-gateway/cmd/import_rust/main.go:66.2,67.16 2 0
github.com/ericbutera/bike/strava-gateway/cmd/import_rust/main.go:68.3,69.1 1 0
github.com/ericbutera/bike/strava-gateway/cmd/import_rust/main.go:70.2,71.16 2 0
github.com/ericbutera/bike/strava-gateway/cmd/import_rust/main.go:72.3,73.1 1 0
github.com/ericbutera/bike/strava-gateway/cmd/import_rust/main.go:74.2,77.35 4 0
github.com/ericbutera/bike/strava-gateway/cmd/import_rust/main.go:78.3,79.17 2 0
github.com/ericbutera/bike/strava-gateway/cmd/import_rust/main.go:80.4,81.1 1 0
github.com/ericbutera/bike/strava-gateway/cmd/import_rust/main.go:82.3,82.14 1 0
github.com/ericbutera/bike/strava-gateway/cmd/import_rust/main.go:83.4,84.1 1 0
github.com/ericbutera/bike/strava-gateway/cmd/import_rust/main.go:86.2,88.12 2 0
github.com/ericbutera/bike/strava-gateway/cmd/import_rust/main.go:92.2,95.16 2 0
github.com/ericbutera/bike/strava-gateway/cmd/import_rust/main.go:96.3,97.1 1 0
github.com/ericbutera/bike/strava-gateway/cmd/import_rust/main.go:98.2,100.18 3 0
github.com/ericbutera/bike/strava-gateway/cmd/import_rust/main.go:101.3,105.44 3 0
github.com/ericbutera/bike/strava-gateway/cmd/import_rust/main.go:106.4,107.1 1 0
github.com/ericbutera/bike/strava-gateway/cmd/import_rust/main.go:108.3,108.81 1 0
github.com/ericbutera/bike/strava-gateway/cmd/import_rust/main.go:109.4,110.1 1 0
github.com/ericbutera/bike/strava-gateway/cmd/import_rust/main.go:111.3,111.68 1 0
github.com/ericbutera/bike/strava-gateway/cmd/import_rust/main.go:112.4,113.1 1 0
github.com/ericbutera/bike/strava-gateway/cmd/import_rust/main.go:114.3,114.32 1 0
github.com/ericbutera/bike/strava-gateway/cmd/import_rust/main.go:116.2,116.27 1 0
github.com/ericbutera/bike/strava-gateway/cmd/migrate/main.go:13.2,14.23 2 0
github.com/ericbutera/bike/strava-gateway/cmd/migrate/main.go:15.3,16.1 1 0
github.com/ericbutera/bike/strava-gateway/cmd/migrate/main.go:17.2,19.58 3 0
github.com/ericbutera/bike/strava-gateway/cmd/migrate/main.go:20.3,21.1 1 0
github.com/ericbutera/bike/strava-gateway/cmd/worker/main.go:25.2,26.16 2 0
github.com/ericbutera/bike/strava-gateway/cmd/worker/main.go:27.3,28.1 1 0
github.com/ericbutera/bike/strava-gateway/cmd/worker/main.go:30.2,31.16 2 0
github.com/ericbutera/bike/strava-gateway/cmd/worker/main.go:32.3,33.1 1 0
github.com/ericbutera/bike/strava-gateway/cmd/worker/main.go:34.2,38.16 5 0
github.com/ericbutera/bike/strava-gateway/cmd/worker/main.go:39.3,40.1 1 0
github.com/ericbutera/bike/strava-gateway/cmd/worker/main.go:41.2,41.15 1 0
github.com/ericbutera/bike/strava-gateway/cmd/worker/main.go:42.3,44.58 3 0
github.com/ericbutera/bike/strava-gateway/cmd/worker/main.go:45.4,46.1 1 0
github.com/ericbutera/bike/strava-gateway/cmd/worker/main.go:48.2,51.16 4 0
github.com/ericbutera/bike/strava-gateway/cmd/worker/main.go:52.3,53.1 1 0
github.com/ericbutera/bike/strava-gateway/cmd/worker/main.go:54.2,56.16 3 0
github.com/ericbutera/bike/strava-gateway/cmd/worker/main.go:57.3,58.1 1 0
github.com/ericbutera/bike/strava-gateway/cmd/worker/main.go:59.2,60.39 2 0
github.com/ericbutera/bike/strava-gateway/cmd/worker/main.go:61.3,62.1 1 0
github.com/ericbutera/bike/strava-gateway/cmd/worker/main.go:63.2,77.1 3 0
github.com/ericbutera/bike/strava-gateway/cmd/worker/main.go:78.2,79.23 3 0
github.com/ericbutera/bike/strava-gateway/cmd/worker/main.go:80.3,81.1 1 0
github.com/ericbutera/bike/strava-gateway/cmd/worker/main.go:82.2,84.12 3 0
github.com/ericbutera/bike/strava-gateway/cmd/worker/main.go:84.14,84.69 1 0
github.com/ericbutera/bike/strava-gateway/cmd/worker/main.go:85.2,85.15 1 0
github.com/ericbutera/bike/strava-gateway/cmd/worker/main.go:86.3,88.65 3 0
github.com/ericbutera/bike/strava-gateway/cmd/worker/main.go:89.4,90.1 1 0
github.com/ericbutera/bike/strava-gateway/cmd/worker/main.go:92.2,92.23 1 0
github.com/ericbutera/bike/strava-gateway/cmd/worker/main.go:93.3,93.10 1 0
github.com/ericbutera/bike/strava-gateway/cmd/worker/main.go:95.4,95.45 1 0
github.com/ericbutera/bike/strava-gateway/cmd/worker/main.go:96.5,98.1 2 0
github.com/ericbutera/bike/strava-gateway/cmd/worker/main.go:99.11,99.11 0 0
github.com/ericbutera/bike/strava-gateway/cmd/worker/main.go:101.3,101.42 1 0
github.com/ericbutera/bike/strava-gateway/cmd/worker/main.go:102.4,103.11 2 0
github.com/ericbutera/bike/strava-gateway/cmd/worker/main.go:104.22,104.22 0 0
github.com/ericbutera/bike/strava-gateway/cmd/worker/main.go:105.39,105.39 0 0
github.com/ericbutera/bike/strava-gateway/cmd/worker/main.go:112.2,113.17 2 0
github.com/ericbutera/bike/strava-gateway/cmd/worker/main.go:114.3,115.1 1 0
github.com/ericbutera/bike/strava-gateway/cmd/worker/main.go:116.2,116.14 1 0
github.com/ericbutera/bike/strava-gateway/internal/oauth/grpc.go:29.2,30.45 2 4
github.com/ericbutera/bike/strava-gateway/internal/oauth/grpc.go:31.3,32.1 1 1
github.com/ericbutera/bike/strava-gateway/internal/oauth/grpc.go:33.2,34.97 2 3
github.com/ericbutera/bike/strava-gateway/internal/oauth/grpc.go:35.3,36.1 1 0
github.com/ericbutera/bike/strava-gateway/internal/oauth/grpc.go:37.2,39.16 3 3
github.com/ericbutera/bike/strava-gateway/internal/oauth/grpc.go:40.3,41.1 1 0
github.com/ericbutera/bike/strava-gateway/internal/oauth/grpc.go:42.2,43.31 2 3
github.com/ericbutera/bike/strava-gateway/internal/oauth/grpc.go:44.3,45.1 1 3
github.com/ericbutera/bike/strava-gateway/internal/oauth/grpc.go:46.2,46.64 1 3
github.com/ericbutera/bike/strava-gateway/internal/oauth/grpc.go:47.3,48.1 1 0
github.com/ericbutera/bike/strava-gateway/internal/oauth/grpc.go:49.2,50.48 2 3
github.com/ericbutera/bike/strava-gateway/internal/oauth/grpc.go:51.3,52.1 1 0
github.com/ericbutera/bike/strava-gateway/internal/oauth/grpc.go:53.2,55.41 3 3
github.com/ericbutera/bike/strava-gateway/internal/oauth/grpc.go:56.3,57.1 1 2
github.com/ericbutera/bike/strava-gateway/internal/oauth/grpc.go:58.2,58.12 1 1
github.com/ericbutera/bike/strava-gateway/internal/oauth/grpc.go:62.2,63.65 1 0
github.com/ericbutera/bike/strava-gateway/internal/oauth/grpc.go:64.3,65.1 1 0
github.com/ericbutera/bike/strava-gateway/internal/oauth/grpc.go:66.2,67.49 2 0
github.com/ericbutera/bike/strava-gateway/internal/oauth/grpc.go:68.3,69.1 1 0
github.com/ericbutera/bike/strava-gateway/internal/oauth/grpc.go:70.2,75.17 4 0
github.com/ericbutera/bike/strava-gateway/internal/oauth/grpc.go:76.3,77.1 1 0
github.com/ericbutera/bike/strava-gateway/internal/oauth/grpc.go:78.2,80.8 1 0
github.com/ericbutera/bike/strava-gateway/internal/oauth/grpc.go:84.2,85.65 1 0
github.com/ericbutera/bike/strava-gateway/internal/oauth/grpc.go:86.3,87.1 1 0
github.com/ericbutera/bike/strava-gateway/internal/oauth/grpc.go:88.2,91.45 4 0
github.com/ericbutera/bike/strava-gateway/internal/oauth/grpc.go:92.3,93.1 1 0
github.com/ericbutera/bike/strava-gateway/internal/oauth/grpc.go:94.2,94.16 1 0
github.com/ericbutera/bike/strava-gateway/internal/oauth/grpc.go:95.3,96.1 1 0
github.com/ericbutera/bike/strava-gateway/internal/oauth/grpc.go:97.2,98.16 2 0
github.com/ericbutera/bike/strava-gateway/internal/oauth/grpc.go:99.3,100.1 1 0
github.com/ericbutera/bike/strava-gateway/internal/oauth/grpc.go:101.2,102.16 2 0
github.com/ericbutera/bike/strava-gateway/internal/oauth/grpc.go:103.3,104.1 1 0
github.com/ericbutera/bike/strava-gateway/internal/oauth/grpc.go:105.2,109.1 2 0
github.com/ericbutera/bike/strava-gateway/internal/oauth/grpc.go:110.2,110.37 2 0
github.com/ericbutera/bike/strava-gateway/internal/oauth/grpc.go:111.3,113.1 2 0
github.com/ericbutera/bike/strava-gateway/internal/oauth/grpc.go:114.2,114.22 1 0
github.com/ericbutera/bike/strava-gateway/internal/oauth/grpc.go:118.2,119.80 1 0
github.com/ericbutera/bike/strava-gateway/internal/oauth/grpc.go:120.3,121.1 1 0
github.com/ericbutera/bike/strava-gateway/internal/oauth/grpc.go:122.2,122.105 1 0
github.com/ericbutera/bike/strava-gateway/internal/oauth/grpc.go:123.3,124.1 1 0
github.com/ericbutera/bike/strava-gateway/internal/oauth/grpc.go:125.2,128.45 4 0
github.com/ericbutera/bike/strava-gateway/internal/oauth/grpc.go:129.3,130.1 1 0
github.com/ericbutera/bike/strava-gateway/internal/oauth/grpc.go:131.2,131.83 1 0
github.com/ericbutera/bike/strava-gateway/internal/oauth/grpc.go:132.3,133.1 1 0
github.com/ericbutera/bike/strava-gateway/internal/oauth/grpc.go:134.2,134.57 1 0
github.com/ericbutera/bike/strava-gateway/internal/oauth/grpc.go:138.2,139.65 1 0
github.com/ericbutera/bike/strava-gateway/internal/oauth/grpc.go:140.3,141.1 1 0
github.com/ericbutera/bike/strava-gateway/internal/oauth/grpc.go:142.2,145.45 4 0
github.com/ericbutera/bike/strava-gateway/internal/oauth/grpc.go:146.3,147.1 1 0
github.com/ericbutera/bike/strava-gateway/internal/oauth/grpc.go:148.2,148.76 1 0
github.com/ericbutera/bike/strava-gateway/internal/oauth/grpc.go:149.3,150.1 1 0
github.com/ericbutera/bike/strava-gateway/internal/oauth/grpc.go:151.2,151.63 1 0
github.com/ericbutera/bike/strava-gateway/internal/oauth/handler.go:45.2,50.1 5 0
github.com/ericbutera/bike/strava-gateway/internal/oauth/handler.go:53.2,54.9 2 0
github.com/ericbutera/bike/strava-gateway/internal/oauth/handler.go:55.3,56.1 1 0
github.com/ericbutera/bike/strava-gateway/internal/oauth/handler.go:57.2,60.45 4 0
github.com/ericbutera/bike/strava-gateway/internal/oauth/handler.go:61.3,68.1 2 0
github.com/ericbutera/bike/strava-gateway/internal/oauth/handler.go:69.2,69.16 1 0
github.com/ericbutera/bike/strava-gateway/internal/oauth/handler.go:70.3,72.1 2 0
github.com/ericbutera/bike/strava-gateway/internal/oauth/handler.go:73.2,74.16 2 0
github.com/ericbutera/bike/strava-gateway/internal/oauth/handler.go:75.3,77.1 2 0
github.com/ericbutera/bike/strava-gateway/internal/oauth/handler.go:78.2,79.16 2 0
github.com/ericbutera/bike/strava-gateway/internal/oauth/handler.go:80.3,82.1 2 0
github.com/ericbutera/bike/strava-gateway/internal/oauth/handler.go:83.2,90.4 1 0
github.com/ericbutera/bike/strava-gateway/internal/oauth/handler.go:94.2,95.9 2 0
github.com/ericbutera/bike/strava-gateway/internal/oauth/handler.go:96.3,97.1 1 0
github.com/ericbutera/bike/strava-gateway/internal/oauth/handler.go:98.2,98.84 1 0
github.com/ericbutera/bike/strava-gateway/internal/oauth/handler.go:99.3,101.1 2 0
github.com/ericbutera/bike/strava-gateway/internal/oauth/handler.go:102.2,105.45 4 0
github.com/ericbutera/bike/strava-gateway/internal/oauth/handler.go:106.3,108.1 2 0
github.com/ericbutera/bike/strava-gateway/internal/oauth/handler.go:109.2,109.69 1 0
github.com/ericbutera/bike/strava-gateway/internal/oauth/handler.go:110.3,112.1 2 0
github.com/ericbutera/bike/strava-gateway/internal/oauth/handler.go:113.2,113.53 1 0
github.com/ericbutera/bike/strava-gateway/internal/oauth/handler.go:117.2,118.9 2 0
github.com/ericbutera/bike/strava-gateway/internal/oauth/handler.go:119.3,120.1 1 0
github.com/ericbutera/bike/strava-gateway/internal/oauth/handler.go:121.2,124.45 4 0
github.com/ericbutera/bike/strava-gateway/internal/oauth/handler.go:125.3,127.1 2 0
github.com/ericbutera/bike/strava-gateway/internal/oauth/handler.go:128.2,128.69 1 0
github.com/ericbutera/bike/strava-gateway/internal/oauth/handler.go:129.3,131.1 2 0
github.com/ericbutera/bike/strava-gateway/internal/oauth/handler.go:132.2,132.59 1 0
github.com/ericbutera/bike/strava-gateway/internal/oauth/handler.go:136.2,137.16 2 0
github.com/ericbutera/bike/strava-gateway/internal/oauth/handler.go:138.3,140.1 2 0
github.com/ericbutera/bike/strava-gateway/internal/oauth/handler.go:141.2,142.78 2 0
github.com/ericbutera/bike/strava-gateway/internal/oauth/handler.go:143.3,145.1 2 0
github.com/ericbutera/bike/strava-gateway/internal/oauth/handler.go:146.2,147.87 2 0
github.com/ericbutera/bike/strava-gateway/internal/oauth/handler.go:148.3,150.1 2 0
github.com/ericbutera/bike/strava-gateway/internal/oauth/handler.go:151.2,151.20 1 0
github.com/ericbutera/bike/strava-gateway/internal/oauth/handler.go:155.2,157.1 2 0
github.com/ericbutera/bike/strava-gateway/internal/oauth/handler.go:160.2,161.16 2 0
github.com/ericbutera/bike/strava-gateway/internal/oauth/handler.go:162.3,164.1 2 0
github.com/ericbutera/bike/strava-gateway/internal/oauth/handler.go:165.2,166.78 2 0
github.com/ericbutera/bike/strava-gateway/internal/oauth/handler.go:167.3,169.1 2 0
github.com/ericbutera/bike/strava-gateway/internal/oauth/handler.go:170.2,172.53 2 0
github.com/ericbutera/bike/strava-gateway/internal/oauth/handler.go:173.3,175.1 2 0
github.com/ericbutera/bike/strava-gateway/internal/oauth/handler.go:176.2,177.49 2 0
github.com/ericbutera/bike/strava-gateway/internal/oauth/handler.go:178.3,180.1 2 0
github.com/ericbutera/bike/strava-gateway/internal/oauth/handler.go:181.2,186.17 4 0
github.com/ericbutera/bike/strava-gateway/internal/oauth/handler.go:187.3,189.1 2 0
github.com/ericbutera/bike/strava-gateway/internal/oauth/handler.go:190.2,193.4 2 0
github.com/ericbutera/bike/strava-gateway/internal/oauth/handler.go:197.2,199.17 3 0
github.com/ericbutera/bike/strava-gateway/internal/oauth/handler.go:200.3,202.1 2 0
github.com/ericbutera/bike/strava-gateway/internal/oauth/handler.go:203.2,206.16 4 0
github.com/ericbutera/bike/strava-gateway/internal/oauth/handler.go:207.3,209.1 2 0
github.com/ericbutera/bike/strava-gateway/internal/oauth/handler.go:210.2,211.13 2 0
github.com/ericbutera/bike/strava-gateway/internal/oauth/handler.go:212.3,214.1 2 0
github.com/ericbutera/bike/strava-gateway/internal/oauth/handler.go:215.2,216.52 2 0
github.com/ericbutera/bike/strava-gateway/internal/oauth/handler.go:217.3,217.59 1 0
github.com/ericbutera/bike/strava-gateway/internal/oauth/handler.go:218.4,219.1 1 0
github.com/ericbutera/bike/strava-gateway/internal/oauth/handler.go:221.2,222.49 2 0
github.com/ericbutera/bike/strava-gateway/internal/oauth/handler.go:223.3,225.1 2 0
github.com/ericbutera/bike/strava-gateway/internal/oauth/handler.go:226.2,229.64 4 0
github.com/ericbutera/bike/strava-gateway/internal/oauth/handler.go:233.2,233.60 1 0
github.com/ericbutera/bike/strava-gateway/internal/oauth/handler.go:234.3,235.1 1 0
github.com/ericbutera/bike/strava-gateway/internal/oauth/handler.go:235.9,235.30 1 0
github.com/ericbutera/bike/strava-gateway/internal/oauth/handler.go:236.3,237.1 1 0
github.com/ericbutera/bike/strava-gateway/internal/oauth/handler.go:238.2,239.89 2 0
github.com/ericbutera/bike/strava-gateway/internal/oauth/handler.go:240.3,241.1 1 0
github.com/ericbutera/bike/strava-gateway/internal/oauth/handler.go:242.2,242.16 1 0
github.com/ericbutera/bike/strava-gateway/internal/oauth/handler.go:243.3,244.1 1 0
github.com/ericbutera/bike/strava-gateway/internal/oauth/handler.go:245.2,245.80 1 0
github.com/ericbutera/bike/strava-gateway/internal/oauth/handler.go:246.3,247.1 1 0
github.com/ericbutera/bike/strava-gateway/internal/oauth/handler.go:248.2,249.20 2 0
github.com/ericbutera/bike/strava-gateway/internal/oauth/handler.go:250.3,250.61 1 0
github.com/ericbutera/bike/strava-gateway/internal/oauth/handler.go:251.4,252.1 1 0
github.com/ericbutera/bike/strava-gateway/internal/oauth/handler.go:252.10,252.31 1 0
github.com/ericbutera/bike/strava-gateway/internal/oauth/handler.go:253.4,254.1 1 0
github.com/ericbutera/bike/strava-gateway/internal/oauth/handler.go:255.3,257.97 3 0
github.com/ericbutera/bike/strava-gateway/internal/oauth/handler.go:258.4,259.1 1 0
github.com/ericbutera/bike/strava-gateway/internal/oauth/handler.go:260.3,260.17 1 0
github.com/ericbutera/bike/strava-gateway/internal/oauth/handler.go:261.4,262.1 1 0
github.com/ericbutera/bike/strava-gateway/internal/oauth/handler.go:264.2,268.17 1 0
github.com/ericbutera/bike/strava-gateway/internal/oauth/handler.go:269.3,270.1 1 0
github.com/ericbutera/bike/strava-gateway/internal/oauth/handler.go:271.2,273.1 2 0
github.com/ericbutera/bike/strava-gateway/internal/oauth/handler.go:274.2,274.60 2 0
github.com/ericbutera/bike/strava-gateway/internal/oauth/handler.go:275.3,276.1 1 0
github.com/ericbutera/bike/strava-gateway/internal/oauth/handler.go:277.2,277.50 1 0
github.com/ericbutera/bike/strava-gateway/internal/oauth/handler.go:281.2,283.48 3 0
github.com/ericbutera/bike/strava-gateway/internal/oauth/handler.go:284.3,285.1 1 0
github.com/ericbutera/bike/strava-gateway/internal/oauth/handler.go:286.2,287.16 2 0
github.com/ericbutera/bike/strava-gateway/internal/oauth/handler.go:288.3,289.1 1 0
github.com/ericbutera/bike/strava-gateway/internal/oauth/handler.go:290.2,291.24 2 0
github.com/ericbutera/bike/strava-gateway/internal/oauth/handler.go:292.3,293.1 1 0
github.com/ericbutera/bike/strava-gateway/internal/oauth/handler.go:294.2,294.64 1 0
github.com/ericbutera/bike/strava-gateway/internal/oauth/handler.go:295.3,296.1 1 0
github.com/ericbutera/bike/strava-gateway/internal/oauth/handler.go:297.2,300.43 4 0
github.com/ericbutera/bike/strava-gateway/internal/observability/logger.go:11.2,11.19 1 0
github.com/ericbutera/bike/strava-gateway/internal/observability/logger.go:12.3,13.1 1 0
github.com/ericbutera/bike/strava-gateway/internal/observability/logger.go:15.2,15.76 1 0
github.com/ericbutera/bike/strava-gateway/internal/observability/logger.go:19.2,20.28 2 0
github.com/ericbutera/bike/strava-gateway/internal/observability/logger.go:21.3,22.1 1 0
github.com/ericbutera/bike/strava-gateway/internal/observability/logger.go:24.2,27.3 1 0
github.com/ericbutera/bike/strava-gateway/internal/observability/metrics.go:54.2,90.1 6 0
github.com/ericbutera/bike/strava-gateway/internal/observability/metrics.go:91.2,103.1 6 0
github.com/ericbutera/bike/strava-gateway/internal/observability/metrics.go:106.2,107.1 1 0
github.com/ericbutera/bike/strava-gateway/internal/observability/metrics.go:110.2,110.82 1 0
github.com/ericbutera/bike/strava-gateway/internal/observability/metrics.go:111.3,111.104 1 0
github.com/ericbutera/bike/strava-gateway/internal/observability/metrics.go:112.4,114.1 2 0
github.com/ericbutera/bike/strava-gateway/internal/observability/metrics.go:115.3,118.27 4 0
github.com/ericbutera/bike/strava-gateway/internal/observability/metrics.go:119.4,120.1 1 0
github.com/ericbutera/bike/strava-gateway/internal/observability/metrics.go:121.3,122.18 2 0
github.com/ericbutera/bike/strava-gateway/internal/observability/metrics.go:123.4,124.1 1 0
github.com/ericbutera/bike/strava-gateway/internal/observability/metrics.go:125.3,127.74 3 0
github.com/ericbutera/bike/strava-gateway/internal/observability/metrics.go:128.4,130.29 3 0
github.com/ericbutera/bike/strava-gateway/internal/observability/metrics.go:131.5,132.1 1 0
github.com/ericbutera/bike/strava-gateway/internal/observability/metrics.go:133.4,138.1 2 0
github.com/ericbutera/bike/strava-gateway/internal/observability/metrics.go:139.4,139.57 2 0
github.com/ericbutera/bike/strava-gateway/internal/observability/metrics.go:140.5,141.1 1 0
github.com/ericbutera/bike/strava-gateway/internal/observability/metrics.go:141.11,141.55 1 0
github.com/ericbutera/bike/strava-gateway/internal/observability/metrics.go:142.5,143.1 1 0
github.com/ericbutera/bike/strava-gateway/internal/observability/metrics.go:144.5,145.1 1 0
github.com/ericbutera/bike/strava-gateway/internal/observability/metrics.go:151.2,157.1 6 0
github.com/ericbutera/bike/strava-gateway/internal/observability/metrics.go:160.2,161.17 2 0
github.com/ericbutera/bike/strava-gateway/internal/observability/metrics.go:162.3,163.1 1 0
github.com/ericbutera/bike/strava-gateway/internal/observability/metrics.go:164.2,166.77 3 0
github.com/ericbutera/bike/strava-gateway/internal/observability/metrics.go:170.2,174.1 4 0
github.com/ericbutera/bike/strava-gateway/internal/observability/metrics.go:177.2,181.1 4 0
github.com/ericbutera/bike/strava-gateway/internal/observability/metrics.go:184.2,186.60 3 0
github.com/ericbutera/bike/strava-gateway/internal/observability/metrics.go:187.3,188.1 1 0
github.com/ericbutera/bike/strava-gateway/internal/observability/metrics.go:189.2,191.64 3 0
github.com/ericbutera/bike/strava-gateway/internal/observability/metrics.go:192.3,193.1 1 0
github.com/ericbutera/bike/strava-gateway/internal/observability/metrics.go:194.2,196.72 3 0
github.com/ericbutera/bike/strava-gateway/internal/observability/metrics.go:200.2,201.1 1 0
github.com/ericbutera/bike/strava-gateway/internal/observability/metrics.go:204.2,208.1 4 0
github.com/ericbutera/bike/strava-gateway/internal/observability/metrics.go:211.2,215.1 4 0
github.com/ericbutera/bike/strava-gateway/internal/observability/metrics.go:218.2,218.16 1 0
github.com/ericbutera/bike/strava-gateway/internal/observability/metrics.go:219.3,220.1 1 0
github.com/ericbutera/bike/strava-gateway/internal/observability/metrics.go:221.2,222.70 2 0
github.com/ericbutera/bike/strava-gateway/internal/observability/metrics.go:226.2,228.1 2 0
github.com/ericbutera/bike/strava-gateway/internal/observability/metrics.go:231.2,232.1 1 0
github.com/ericbutera/bike/strava-gateway/internal/observability/metrics.go:235.2,240.1 5 0
github.com/ericbutera/bike/strava-gateway/internal/observability/metrics.go:243.2,243.16 1 0
github.com/ericbutera/bike/strava-gateway/internal/observability/metrics.go:245.3,245.26 1 0
github.com/ericbutera/bike/strava-gateway/internal/observability/metrics.go:247.3,247.22 1 0
github.com/ericbutera/bike/strava-gateway/internal/observability/metrics.go:249.3,249.29 1 0
github.com/ericbutera/bike/strava-gateway/internal/observability/metrics.go:251.3,251.25 1 0
github.com/ericbutera/bike/strava-gateway/internal/observability/metrics.go:253.3,253.17 1 0
github.com/ericbutera/bike/strava-gateway/internal/observability/metrics.go:258.2,260.1 2 0
github.com/ericbutera/bike/strava-gateway/internal/observability/metrics.go:263.2,264.1 1 0
github.com/ericbutera/bike/strava-gateway/internal/observability/metrics.go:267.2,268.1 1 0
github.com/ericbutera/bike/strava-gateway/internal/observability/metrics.go:271.2,277.68 7 0
github.com/ericbutera/bike/strava-gateway/internal/observability/metrics.go:278.3,279.1 1 0
github.com/ericbutera/bike/strava-gateway/internal/observability/metrics.go:283.2,283.68 1 0
github.com/ericbutera/bike/strava-gateway/internal/observability/metrics.go:284.3,285.1 1 0
github.com/ericbutera/bike/strava-gateway/internal/observability/metrics.go:294.2,294.26 1 0
github.com/ericbutera/bike/strava-gateway/internal/observability/metrics.go:295.3,296.1 1 0
github.com/ericbutera/bike/strava-gateway/internal/observability/metrics.go:297.2,298.49 2 0
github.com/ericbutera/bike/strava-gateway/internal/observability/metrics.go:302.2,302.26 1 0
github.com/ericbutera/bike/strava-gateway/internal/observability/metrics.go:303.3,304.1 1 0
github.com/ericbutera/bike/strava-gateway/internal/observability/metrics.go:305.2,305.44 1 0
github.com/ericbutera/bike/strava-gateway/internal/observability/metrics.go:308.64,308.96 1 0
github.com/ericbutera/bike/strava-gateway/internal/observability/metrics.go:311.2,311.9 1 0
github.com/ericbutera/bike/strava-gateway/internal/observability/metrics.go:313.3,313.23 1 0
github.com/ericbutera/bike/strava-gateway/internal/observability/metrics.go:315.3,315.27 1 0
github.com/ericbutera/bike/strava-gateway/internal/observability/metrics.go:317.3,317.27 1 0
github.com/ericbutera/bike/strava-gateway/internal/observability/metrics.go:319.3,319.28 1 0
github.com/ericbutera/bike/strava-gateway/internal/observability/metrics.go:321.3,321.27 1 0
github.com/ericbutera/bike/strava-gateway/internal/observability/metrics.go:323.3,323.17 1 0
github.com/ericbutera/bike/strava-gateway/internal/observability/metrics.go:328.2,328.16 1 0
github.com/ericbutera/bike/strava-gateway/internal/observability/metrics.go:330.3,330.16 1 0
github.com/ericbutera/bike/strava-gateway/internal/observability/metrics.go:332.3,332.17 1 0
github.com/ericbutera/bike/strava-gateway/internal/observability/metrics.go:337.2,337.36 1 0
github.com/ericbutera/bike/strava-gateway/internal/observability/metrics.go:338.3,338.25 1 0
github.com/ericbutera/bike/strava-gateway/internal/observability/metrics.go:339.4,340.1 1 0
github.com/ericbutera/bike/strava-gateway/internal/observability/metrics.go:342.2,342.16 1 0
github.com/ericbutera/bike/strava-gateway/internal/observability/metrics.go:346.2,347.1 1 0
github.com/ericbutera/bike/strava-gateway/internal/observability/tracing.go:19.2,26.1 5 0
github.com/ericbutera/bike/strava-gateway/internal/observability/tracing.go:27.2,32.1 5 0
github.com/ericbutera/bike/strava-gateway/internal/observability/tracing.go:33.2,33.23 5 0
github.com/ericbutera/bike/strava-gateway/internal/observability/tracing.go:34.3,35.17 2 0
github.com/ericbutera/bike/strava-gateway/internal/observability/tracing.go:36.4,37.1 1 0
github.com/ericbutera/bike/strava-gateway/internal/observability/tracing.go:38.3,41.5 1 0
github.com/ericbutera/bike/strava-gateway/internal/observability/tracing.go:43.2,45.31 3 0
github.com/ericbutera/bike/strava-gateway/internal/observability/tracing.go:49.2,49.127 1 0
github.com/ericbutera/bike/strava-gateway/internal/observability/tracing.go:50.3,51.1 1 0
github.com/ericbutera/bike/strava-gateway/internal/observability/tracing.go:52.2,52.90 1 0
github.com/ericbutera/bike/strava-gateway/internal/observability/tracing.go:53.3,53.59 1 0
github.com/ericbutera/bike/strava-gateway/internal/observability/tracing.go:54.4,54.62 1 0
github.com/ericbutera/bike/strava-gateway/internal/observability/tracing.go:55.5,56.1 1 0
github.com/ericbutera/bike/strava-gateway/internal/observability/tracing.go:58.3,58.15 1 0
github.com/ericbutera/bike/strava-gateway/internal/observability/tracing.go:60.2,60.112 1 0
github.com/ericbutera/bike/strava-gateway/internal/observability/tracing.go:64.2,64.62 1 0
github.com/ericbutera/bike/strava-gateway/internal/observability/tracing.go:65.3,66.1 1 0
github.com/ericbutera/bike/strava-gateway/internal/observability/tracing.go:67.2,67.17 1 0
github.com/ericbutera/bike/strava-gateway/internal/observability/tracing.go:71.2,72.24 2 0
github.com/ericbutera/bike/strava-gateway/internal/observability/tracing.go:73.3,74.1 1 0
github.com/ericbutera/bike/strava-gateway/internal/observability/tracing.go:75.2,75.23 1 0
github.com/ericbutera/bike/strava-gateway/internal/observability/tracing.go:76.3,77.1 1 0
github.com/ericbutera/bike/strava-gateway/internal/observability/tracing.go:78.2,82.29 5 0
github.com/ericbutera/bike/strava-gateway/internal/observability/tracing.go:83.3,84.1 1 0
github.com/ericbutera/bike/strava-gateway/internal/observability/tracing.go:85.2,85.72 1 0
github.com/ericbutera/bike/strava-gateway/internal/provider/client.go:30.2,31.16 2 0
github.com/ericbutera/bike/strava-gateway/internal/provider/client.go:32.3,33.1 1 0
github.com/ericbutera/bike/strava-gateway/internal/provider/client.go:34.2,38.1 2 0
github.com/ericbutera/bike/strava-gateway/internal/provider/client.go:39.2,39.52 2 0
github.com/ericbutera/bike/strava-gateway/internal/provider/client.go:43.2,44.16 2 0
github.com/ericbutera/bike/strava-gateway/internal/provider/client.go:45.3,46.1 1 0
github.com/ericbutera/bike/strava-gateway/internal/provider/client.go:47.2,49.1 2 0
github.com/ericbutera/bike/strava-gateway/internal/provider/client.go:50.2,50.64 2 0
github.com/ericbutera/bike/strava-gateway/internal/provider/client.go:51.3,52.1 1 0
github.com/ericbutera/bike/strava-gateway/internal/provider/client.go:53.2,53.21 1 0
github.com/ericbutera/bike/strava-gateway/internal/provider/client.go:54.3,55.1 1 0
github.com/ericbutera/bike/strava-gateway/internal/provider/client.go:56.2,56.34 1 0
github.com/ericbutera/bike/strava-gateway/internal/provider/client.go:80.39,80.102 1 0
github.com/ericbutera/bike/strava-gateway/internal/provider/client.go:93.2,93.24 1 0
github.com/ericbutera/bike/strava-gateway/internal/provider/client.go:95.3,95.29 1 0
github.com/ericbutera/bike/strava-gateway/internal/provider/client.go:97.3,97.28 1 0
github.com/ericbutera/bike/strava-gateway/internal/provider/client.go:99.3,99.26 1 0
github.com/ericbutera/bike/strava-gateway/internal/provider/client.go:101.3,101.25 1 0
github.com/ericbutera/bike/strava-gateway/internal/provider/client.go:103.3,103.22 1 0
github.com/ericbutera/bike/strava-gateway/internal/provider/client.go:108.2,109.1 1 0
github.com/ericbutera/bike/strava-gateway/internal/provider/client.go:112.2,116.1 3 0
github.com/ericbutera/bike/strava-gateway/internal/provider/client.go:117.2,118.1 3 0
github.com/ericbutera/bike/strava-gateway/internal/provider/client.go:121.2,122.20 2 0
github.com/ericbutera/bike/strava-gateway/internal/provider/client.go:123.3,124.1 1 0
github.com/ericbutera/bike/strava-gateway/internal/provider/client.go:125.2,126.16 2 0
github.com/ericbutera/bike/strava-gateway/internal/provider/client.go:127.3,128.1 1 0
github.com/ericbutera/bike/strava-gateway/internal/provider/client.go:129.2,131.1 2 0
github.com/ericbutera/bike/strava-gateway/internal/provider/client.go:132.2,132.63 2 0
github.com/ericbutera/bike/strava-gateway/internal/provider/client.go:133.3,134.1 1 0
github.com/ericbutera/bike/strava-gateway/internal/provider/client.go:135.2,136.31 2 0
github.com/ericbutera/bike/strava-gateway/internal/provider/client.go:137.3,137.19 1 0
github.com/ericbutera/bike/strava-gateway/internal/provider/client.go:138.4,139.1 1 0
github.com/ericbutera/bike/strava-gateway/internal/provider/client.go:141.2,141.27 1 0
github.com/ericbutera/bike/strava-gateway/internal/provider/client.go:145.2,146.16 2 0
github.com/ericbutera/bike/strava-gateway/internal/provider/client.go:147.3,148.1 1 0
github.com/ericbutera/bike/strava-gateway/internal/provider/client.go:149.2,150.16 2 0
github.com/ericbutera/bike/strava-gateway/internal/provider/client.go:151.3,152.1 1 0
github.com/ericbutera/bike/strava-gateway/internal/provider/client.go:153.2,154.29 2 0
github.com/ericbutera/bike/strava-gateway/internal/provider/client.go:158.2,159.1 1 0
github.com/ericbutera/bike/strava-gateway/internal/provider/client.go:162.2,163.1 1 0
github.com/ericbutera/bike/strava-gateway/internal/provider/client.go:166.2,166.56 1 0
github.com/ericbutera/bike/strava-gateway/internal/provider/client.go:167.3,168.1 1 0
github.com/ericbutera/bike/strava-gateway/internal/provider/client.go:169.2,172.16 4 0
github.com/ericbutera/bike/strava-gateway/internal/provider/client.go:173.3,174.1 1 0
github.com/ericbutera/bike/strava-gateway/internal/provider/client.go:175.2,177.16 2 0
github.com/ericbutera/bike/strava-gateway/internal/provider/client.go:178.3,179.1 1 0
github.com/ericbutera/bike/strava-gateway/internal/provider/client.go:180.2,182.16 3 0
github.com/ericbutera/bike/strava-gateway/internal/provider/client.go:183.3,184.1 1 0
github.com/ericbutera/bike/strava-gateway/internal/provider/client.go:185.2,186.62 2 0
github.com/ericbutera/bike/strava-gateway/internal/provider/client.go:187.3,188.1 1 0
github.com/ericbutera/bike/strava-gateway/internal/provider/client.go:189.2,189.81 1 0
github.com/ericbutera/bike/strava-gateway/internal/provider/client.go:190.3,191.1 1 0
github.com/ericbutera/bike/strava-gateway/internal/provider/client.go:192.2,192.29 1 0
github.com/ericbutera/bike/strava-gateway/internal/provider/client.go:196.2,198.23 3 0
github.com/ericbutera/bike/strava-gateway/internal/provider/client.go:199.3,200.1 1 0
github.com/ericbutera/bike/strava-gateway/internal/provider/client.go:201.2,202.16 2 0
github.com/ericbutera/bike/strava-gateway/internal/provider/client.go:203.3,205.1 2 0
github.com/ericbutera/bike/strava-gateway/internal/provider/client.go:206.2,206.15 1 0
github.com/ericbutera/bike/strava-gateway/internal/provider/client.go:206.17,206.62 1 0
github.com/ericbutera/bike/strava-gateway/internal/provider/client.go:207.2,207.27 1 0
github.com/ericbutera/bike/strava-gateway/internal/provider/client.go:208.3,209.1 1 0
github.com/ericbutera/bike/strava-gateway/internal/provider/client.go:210.2,211.16 2 0
github.com/ericbutera/bike/strava-gateway/internal/provider/client.go:212.3,214.1 2 0
github.com/ericbutera/bike/strava-gateway/internal/provider/client.go:215.2,215.33 1 0
github.com/ericbutera/bike/strava-gateway/internal/provider/client.go:216.3,218.1 2 0
github.com/ericbutera/bike/strava-gateway/internal/provider/client.go:219.2,221.57 3 0
github.com/ericbutera/bike/strava-gateway/internal/provider/client.go:222.3,223.1 1 0
github.com/ericbutera/bike/strava-gateway/internal/provider/client.go:224.2,224.22 1 0
github.com/ericbutera/bike/strava-gateway/internal/provider/client.go:228.2,228.27 1 0
github.com/ericbutera/bike/strava-gateway/internal/provider/client.go:229.3,230.1 1 0
github.com/ericbutera/bike/strava-gateway/internal/provider/client.go:234.2,234.85 1 0
github.com/ericbutera/bike/strava-gateway/internal/provider/client.go:235.3,236.1 1 0
github.com/ericbutera/bike/strava-gateway/internal/provider/client.go:237.2,237.74 1 0
github.com/ericbutera/bike/strava-gateway/internal/provider/client.go:238.3,239.1 1 0
github.com/ericbutera/bike/strava-gateway/internal/provider/client.go:240.2,240.20 1 0
github.com/ericbutera/bike/strava-gateway/internal/provider/client.go:250.2,251.56 2 0
github.com/ericbutera/bike/strava-gateway/internal/provider/client.go:252.3,253.1 1 0
github.com/ericbutera/bike/strava-gateway/internal/provider/client.go:254.2,254.22 1 0
github.com/ericbutera/bike/strava-gateway/internal/provider/client.go:255.3,256.1 1 0
github.com/ericbutera/bike/strava-gateway/internal/provider/client.go:257.2,257.22 1 0
github.com/ericbutera/bike/strava-gateway/internal/provider/client.go:261.2,262.16 2 0
github.com/ericbutera/bike/strava-gateway/internal/provider/client.go:263.3,264.1 1 0
github.com/ericbutera/bike/strava-gateway/internal/provider/client.go:265.2,265.50 1 0
github.com/ericbutera/bike/strava-gateway/internal/provider/client.go:267.3,267.14 1 0
github.com/ericbutera/bike/strava-gateway/internal/provider/client.go:269.3,269.15 1 0
github.com/ericbutera/bike/strava-gateway/internal/provider/scopes.go:9.2,9.53 1 0
github.com/ericbutera/bike/strava-gateway/internal/provider/scopes.go:10.3,11.1 1 0
github.com/ericbutera/bike/strava-gateway/internal/provider/scopes.go:15.2,15.32 1 0
github.com/ericbutera/bike/strava-gateway/internal/provider/scopes.go:16.3,16.45 1 0
github.com/ericbutera/bike/strava-gateway/internal/provider/scopes.go:17.4,17.23 1 0
github.com/ericbutera/bike/strava-gateway/internal/provider/scopes.go:18.5,19.1 1 0
github.com/ericbutera/bike/strava-gateway/internal/provider/scopes.go:22.2,22.14 1 0
github.com/ericbutera/bike/strava-gateway/internal/secret/token.go:18.2,19.34 2 0
github.com/ericbutera/bike/strava-gateway/internal/secret/token.go:20.3,21.1 1 0
github.com/ericbutera/bike/strava-gateway/internal/secret/token.go:22.2,23.16 2 0
github.com/ericbutera/bike/strava-gateway/internal/secret/token.go:24.3,25.1 1 0
github.com/ericbutera/bike/strava-gateway/internal/secret/token.go:26.2,27.16 2 0
github.com/ericbutera/bike/strava-gateway/internal/secret/token.go:28.3,29.1 1 0
github.com/ericbutera/bike/strava-gateway/internal/secret/token.go:30.2,30.37 1 0
github.com/ericbutera/bike/strava-gateway/internal/secret/token.go:36.2,37.44 2 0
github.com/ericbutera/bike/strava-gateway/internal/secret/token.go:38.3,39.1 1 0
github.com/ericbutera/bike/strava-gateway/internal/secret/token.go:40.2,40.71 1 0
github.com/ericbutera/bike/strava-gateway/internal/secret/token.go:44.2,45.29 2 0
github.com/ericbutera/bike/strava-gateway/internal/secret/token.go:46.3,47.1 1 0
github.com/ericbutera/bike/strava-gateway/internal/secret/token.go:48.2,48.86 1 0
github.com/ericbutera/bike/strava-gateway/internal/storage/connections.go:29.2,30.16 2 0
github.com/ericbutera/bike/strava-gateway/internal/storage/connections.go:31.3,32.1 1 0
github.com/ericbutera/bike/strava-gateway/internal/storage/connections.go:33.2,40.12 2 0
github.com/ericbutera/bike/strava-gateway/internal/storage/connections.go:46.2,46.17 1 0
github.com/ericbutera/bike/strava-gateway/internal/storage/connections.go:47.3,48.1 1 0
github.com/ericbutera/bike/strava-gateway/internal/storage/connections.go:49.2,50.16 2 0
github.com/ericbutera/bike/strava-gateway/internal/storage/connections.go:51.3,52.1 1 0
github.com/ericbutera/bike/strava-gateway/internal/storage/connections.go:53.2,54.16 2 0
github.com/ericbutera/bike/strava-gateway/internal/storage/connections.go:55.3,56.1 1 0
github.com/ericbutera/bike/strava-gateway/internal/storage/connections.go:57.2,61.13 3 0
github.com/ericbutera/bike/strava-gateway/internal/storage/connections.go:62.3,66.1 1 0
github.com/ericbutera/bike/strava-gateway/internal/storage/connections.go:67.2,68.16 2 0
github.com/ericbutera/bike/strava-gateway/internal/storage/connections.go:69.3,70.1 1 0
github.com/ericbutera/bike/strava-gateway/internal/storage/connections.go:71.2,75.16 2 0
github.com/ericbutera/bike/strava-gateway/internal/storage/connections.go:76.3,77.1 1 0
github.com/ericbutera/bike/strava-gateway/internal/storage/connections.go:78.2,78.32 1 0
github.com/ericbutera/bike/strava-gateway/internal/storage/connections.go:79.3,80.1 1 0
github.com/ericbutera/bike/strava-gateway/internal/storage/connections.go:81.2,81.39 1 0
github.com/ericbutera/bike/strava-gateway/internal/storage/connections.go:82.3,83.1 1 0
github.com/ericbutera/bike/strava-gateway/internal/storage/connections.go:84.2,84.42 1 0
github.com/ericbutera/bike/strava-gateway/internal/storage/connections.go:88.2,88.105 1 0
github.com/ericbutera/bike/strava-gateway/internal/storage/connections.go:89.3,90.1 1 0
github.com/ericbutera/bike/strava-gateway/internal/storage/connections.go:91.2,95.16 2 0
github.com/ericbutera/bike/strava-gateway/internal/storage/connections.go:96.3,97.1 1 0
github.com/ericbutera/bike/strava-gateway/internal/storage/connections.go:98.2,99.20 2 0
github.com/ericbutera/bike/strava-gateway/internal/storage/connections.go:103.2,109.16 5 0
github.com/ericbutera/bike/strava-gateway/internal/storage/connections.go:110.3,111.1 1 0
github.com/ericbutera/bike/strava-gateway/internal/storage/connections.go:112.2,113.16 2 0
github.com/ericbutera/bike/strava-gateway/internal/storage/connections.go:114.3,115.1 1 0
github.com/ericbutera/bike/strava-gateway/internal/storage/connections.go:116.2,119.1 2 0
github.com/ericbutera/bike/strava-gateway/internal/storage/connections.go:120.2,120.55 2 0
github.com/ericbutera/bike/strava-gateway/internal/storage/connections.go:121.3,122.1 1 0
github.com/ericbutera/bike/strava-gateway/internal/storage/connections.go:123.2,124.18 2 0
github.com/ericbutera/bike/strava-gateway/internal/storage/connections.go:129.2,130.16 2 0
github.com/ericbutera/bike/strava-gateway/internal/storage/connections.go:131.3,132.1 1 0
github.com/ericbutera/bike/strava-gateway/internal/storage/connections.go:133.2,135.12 2 0
github.com/ericbutera/bike/strava-gateway/internal/storage/connections.go:145.2,145.70 1 0
github.com/ericbutera/bike/strava-gateway/internal/storage/connections.go:146.3,147.1 1 0
github.com/ericbutera/bike/strava-gateway/internal/storage/connections.go:148.2,153.16 2 0
github.com/ericbutera/bike/strava-gateway/internal/storage/connections.go:154.3,155.1 1 0
github.com/ericbutera/bike/strava-gateway/internal/storage/connections.go:156.2,156.33 1 0
github.com/ericbutera/bike/strava-gateway/internal/storage/connections.go:157.3,158.1 1 0
github.com/ericbutera/bike/strava-gateway/internal/storage/connections.go:159.2,159.12 1 0
github.com/ericbutera/bike/strava-gateway/internal/storage/connections.go:163.2,167.35 4 0
github.com/ericbutera/bike/strava-gateway/internal/storage/connections.go:168.3,169.1 1 0
github.com/ericbutera/bike/strava-gateway/internal/storage/connections.go:170.2,170.18 1 0
github.com/ericbutera/bike/strava-gateway/internal/storage/connections.go:174.2,178.35 4 0
github.com/ericbutera/bike/strava-gateway/internal/storage/connections.go:179.3,180.1 1 0
github.com/ericbutera/bike/strava-gateway/internal/storage/connections.go:181.2,181.18 1 0
github.com/ericbutera/bike/strava-gateway/internal/storage/connections.go:185.2,186.16 2 0
github.com/ericbutera/bike/strava-gateway/internal/storage/connections.go:187.3,188.1 1 0
github.com/ericbutera/bike/strava-gateway/internal/storage/connections.go:189.2,193.16 3 0
github.com/ericbutera/bike/strava-gateway/internal/storage/connections.go:194.3,195.1 1 0
github.com/ericbutera/bike/strava-gateway/internal/storage/connections.go:196.2,196.33 1 0
github.com/ericbutera/bike/strava-gateway/internal/storage/connections.go:197.3,198.1 1 0
github.com/ericbutera/bike/strava-gateway/internal/storage/connections.go:199.2,201.84 1 0
github.com/ericbutera/bike/strava-gateway/internal/storage/connections.go:202.3,203.1 1 0
github.com/ericbutera/bike/strava-gateway/internal/storage/connections.go:204.2,204.23 1 0
github.com/ericbutera/bike/strava-gateway/internal/storage/inbox.go:25.2,28.16 4 0
github.com/ericbutera/bike/strava-gateway/internal/storage/inbox.go:29.3,30.1 1 0
github.com/ericbutera/bike/strava-gateway/internal/storage/inbox.go:31.2,38.35 4 0
github.com/ericbutera/bike/strava-gateway/internal/storage/inbox.go:39.3,40.1 1 0
github.com/ericbutera/bike/strava-gateway/internal/storage/inbox.go:41.2,41.16 1 0
github.com/ericbutera/bike/strava-gateway/internal/storage/inbox.go:42.3,43.1 1 0
github.com/ericbutera/bike/strava-gateway/internal/storage/inbox.go:44.2,47.16 2 0
github.com/ericbutera/bike/strava-gateway/internal/storage/inbox.go:48.3,49.1 1 0
github.com/ericbutera/bike/strava-gateway/internal/storage/inbox.go:50.2,51.18 2 0
github.com/ericbutera/bike/strava-gateway/internal/storage/inbox.go:52.3,53.44 2 0
github.com/ericbutera/bike/strava-gateway/internal/storage/inbox.go:54.4,56.1 2 0
github.com/ericbutera/bike/strava-gateway/internal/storage/inbox.go:57.3,57.21 1 0
github.com/ericbutera/bike/strava-gateway/internal/storage/inbox.go:59.2,59.35 1 0
github.com/ericbutera/bike/strava-gateway/internal/storage/inbox.go:60.3,62.1 2 0
github.com/ericbutera/bike/strava-gateway/internal/storage/inbox.go:63.2,64.39 2 0
github.com/ericbutera/bike/strava-gateway/internal/storage/inbox.go:65.3,66.1 1 0
github.com/ericbutera/bike/strava-gateway/internal/storage/inbox.go:67.2,67.26 1 0
github.com/ericbutera/bike/strava-gateway/internal/storage/inbox.go:68.3,68.37 1 0
github.com/ericbutera/bike/strava-gateway/internal/storage/inbox.go:69.4,70.1 1 0
github.com/ericbutera/bike/strava-gateway/internal/storage/inbox.go:72.2,72.18 1 0
github.com/ericbutera/bike/strava-gateway/internal/storage/inbox.go:76.2,76.17 1 0
github.com/ericbutera/bike/strava-gateway/internal/storage/inbox.go:77.3,78.1 1 0
github.com/ericbutera/bike/strava-gateway/internal/storage/inbox.go:79.2,79.15 1 0
github.com/ericbutera/bike/strava-gateway/internal/storage/jobs.go:32.2,50.63 3 0
github.com/ericbutera/bike/strava-gateway/internal/storage/jobs.go:51.3,52.1 1 0
github.com/ericbutera/bike/strava-gateway/internal/storage/jobs.go:53.2,56.19 4 0
github.com/ericbutera/bike/strava-gateway/internal/storage/jobs.go:68.2,81.35 4 0
github.com/ericbutera/bike/strava-gateway/internal/storage/jobs.go:82.3,83.1 1 0
github.com/ericbutera/bike/strava-gateway/internal/storage/jobs.go:84.2,84.16 1 0
github.com/ericbutera/bike/strava-gateway/internal/storage/jobs.go:85.3,86.1 1 0
github.com/ericbutera/bike/strava-gateway/internal/storage/jobs.go:87.2,87.56 1 0
github.com/ericbutera/bike/strava-gateway/internal/storage/jobs.go:88.3,89.1 1 0
github.com/ericbutera/bike/strava-gateway/internal/storage/jobs.go:90.2,90.18 1 0
github.com/ericbutera/bike/strava-gateway/internal/storage/jobs.go:100.2,100.82 1 0
github.com/ericbutera/bike/strava-gateway/internal/storage/jobs.go:101.3,102.1 1 0
github.com/ericbutera/bike/strava-gateway/internal/storage/jobs.go:103.2,104.16 2 0
github.com/ericbutera/bike/strava-gateway/internal/storage/jobs.go:105.3,106.1 1 0
github.com/ericbutera/bike/strava-gateway/internal/storage/jobs.go:107.2,109.21 3 0
github.com/ericbutera/bike/strava-gateway/internal/storage/jobs.go:110.3,110.111 1 0
github.com/ericbutera/bike/strava-gateway/internal/storage/jobs.go:111.4,112.1 1 0
github.com/ericbutera/bike/strava-gateway/internal/storage/jobs.go:113.3,117.84 1 0
github.com/ericbutera/bike/strava-gateway/internal/storage/jobs.go:118.4,119.1 1 0
github.com/ericbutera/bike/strava-gateway/internal/storage/jobs.go:120.3,120.26 1 0
github.com/ericbutera/bike/strava-gateway/internal/storage/jobs.go:121.9,121.34 1 0
github.com/ericbutera/bike/strava-gateway/internal/storage/jobs.go:122.3,123.1 1 0
github.com/ericbutera/bike/strava-gateway/internal/storage/jobs.go:124.2,126.124 1 0
github.com/ericbutera/bike/strava-gateway/internal/storage/jobs.go:127.3,128.1 1 0
github.com/ericbutera/bike/strava-gateway/internal/storage/jobs.go:129.2,131.16 2 0
github.com/ericbutera/bike/strava-gateway/internal/storage/jobs.go:132.3,133.1 1 0
github.com/ericbutera/bike/strava-gateway/internal/storage/jobs.go:134.2,134.33 1 0
github.com/ericbutera/bike/strava-gateway/internal/storage/jobs.go:135.3,136.1 1 0
github.com/ericbutera/bike/strava-gateway/internal/storage/jobs.go:137.2,137.23 1 0
github.com/ericbutera/bike/strava-gateway/internal/storage/jobs.go:141.2,142.37 2 0
github.com/ericbutera/bike/strava-gateway/internal/storage/jobs.go:143.3,144.1 1 0
github.com/ericbutera/bike/strava-gateway/internal/storage/jobs.go:145.2,148.12 2 0
github.com/ericbutera/bike/strava-gateway/internal/storage/jobs.go:152.2,154.1 2 0
github.com/ericbutera/bike/strava-gateway/internal/storage/jobs.go:157.2,158.16 2 0
github.com/ericbutera/bike/strava-gateway/internal/storage/jobs.go:159.3,160.1 1 0
github.com/ericbutera/bike/strava-gateway/internal/storage/jobs.go:161.2,163.109 2 0
github.com/ericbutera/bike/strava-gateway/internal/storage/jobs.go:164.3,165.1 1 0
github.com/ericbutera/bike/strava-gateway/internal/storage/jobs.go:166.2,167.96 1 0
github.com/ericbutera/bike/strava-gateway/internal/storage/jobs.go:168.3,169.1 1 0
github.com/ericbutera/bike/strava-gateway/internal/storage/jobs.go:170.2,170.23 1 0
github.com/ericbutera/bike/strava-gateway/internal/storage/jobs.go:187.2,206.35 6 0
github.com/ericbutera/bike/strava-gateway/internal/storage/jobs.go:207.3,208.1 1 0
github.com/ericbutera/bike/strava-gateway/internal/storage/jobs.go:209.2,209.16 1 0
github.com/ericbutera/bike/strava-gateway/internal/storage/jobs.go:210.3,211.1 1 0
github.com/ericbutera/bike/strava-gateway/internal/storage/jobs.go:212.2,212.56 1 0
github.com/ericbutera/bike/strava-gateway/internal/storage/jobs.go:213.3,214.1 1 0
github.com/ericbutera/bike/strava-gateway/internal/storage/jobs.go:215.2,215.47 1 0
github.com/ericbutera/bike/strava-gateway/internal/storage/jobs.go:216.3,217.1 1 0
github.com/ericbutera/bike/strava-gateway/internal/storage/jobs.go:218.2,218.18 1 0
github.com/ericbutera/bike/strava-gateway/internal/storage/jobs.go:222.2,225.16 2 0
github.com/ericbutera/bike/strava-gateway/internal/storage/jobs.go:226.3,227.1 1 0
github.com/ericbutera/bike/strava-gateway/internal/storage/jobs.go:228.2,228.33 1 0
github.com/ericbutera/bike/strava-gateway/internal/storage/jobs.go:229.3,230.1 1 0
github.com/ericbutera/bike/strava-gateway/internal/storage/jobs.go:231.2,231.12 1 0
github.com/ericbutera/bike/strava-gateway/internal/storage/jobs.go:235.2,236.37 2 0
github.com/ericbutera/bike/strava-gateway/internal/storage/jobs.go:237.3,238.1 1 0
github.com/ericbutera/bike/strava-gateway/internal/storage/jobs.go:239.2,242.12 2 0
github.com/ericbutera/bike/strava-gateway/internal/storage/jobs.go:249.2,249.51 1 0
github.com/ericbutera/bike/strava-gateway/internal/storage/jobs.go:250.3,251.1 1 0
github.com/ericbutera/bike/strava-gateway/internal/storage/jobs.go:252.2,253.16 2 0
github.com/ericbutera/bike/strava-gateway/internal/storage/jobs.go:254.3,255.1 1 0
github.com/ericbutera/bike/strava-gateway/internal/storage/jobs.go:256.2,259.65 2 0
github.com/ericbutera/bike/strava-gateway/internal/storage/jobs.go:260.3,261.1 1 0
github.com/ericbutera/bike/strava-gateway/internal/storage/jobs.go:262.2,265.16 2 0
github.com/ericbutera/bike/strava-gateway/internal/storage/jobs.go:266.3,267.1 1 0
github.com/ericbutera/bike/strava-gateway/internal/storage/jobs.go:268.2,268.33 1 0
github.com/ericbutera/bike/strava-gateway/internal/storage/jobs.go:269.3,270.1 1 0
github.com/ericbutera/bike/strava-gateway/internal/storage/jobs.go:271.2,271.23 1 0
github.com/ericbutera/bike/strava-gateway/internal/storage/migrations.go:20.2,21.16 2 0
github.com/ericbutera/bike/strava-gateway/internal/storage/migrations.go:22.3,23.1 1 0
github.com/ericbutera/bike/strava-gateway/internal/storage/migrations.go:24.2,24.15 1 0
github.com/ericbutera/bike/strava-gateway/internal/storage/migrations.go:24.17,24.53 1 0
github.com/ericbutera/bike/strava-gateway/internal/storage/migrations.go:25.2,26.16 2 0
github.com/ericbutera/bike/strava-gateway/internal/storage/migrations.go:27.3,28.1 1 0
github.com/ericbutera/bike/strava-gateway/internal/storage/migrations.go:29.2,31.16 2 0
github.com/ericbutera/bike/strava-gateway/internal/storage/migrations.go:32.3,33.1 1 0
github.com/ericbutera/bike/strava-gateway/internal/storage/migrations.go:34.2,35.12 2 0
github.com/ericbutera/bike/strava-gateway/internal/storage/oauth.go:22.2,22.62 1 0
github.com/ericbutera/bike/strava-gateway/internal/storage/oauth.go:23.3,24.1 1 0
github.com/ericbutera/bike/strava-gateway/internal/storage/oauth.go:25.2,28.12 2 0
github.com/ericbutera/bike/strava-gateway/internal/storage/oauth.go:34.2,35.17 2 0
github.com/ericbutera/bike/strava-gateway/internal/storage/oauth.go:36.3,37.1 1 0
github.com/ericbutera/bike/strava-gateway/internal/storage/oauth.go:38.2,41.35 2 0
github.com/ericbutera/bike/strava-gateway/internal/storage/oauth.go:42.3,43.1 1 0
github.com/ericbutera/bike/strava-gateway/internal/storage/oauth.go:44.2,44.18 1 0
github.com/ericbutera/bike/strava-gateway/internal/storage/oauth.go:50.2,52.1 2 0
github.com/ericbutera/bike/strava-gateway/internal/storage/operations.go:37.2,50.16 2 0
github.com/ericbutera/bike/strava-gateway/internal/storage/operations.go:51.3,52.1 1 0
github.com/ericbutera/bike/strava-gateway/internal/storage/operations.go:53.2,55.18 3 0
github.com/ericbutera/bike/strava-gateway/internal/storage/operations.go:56.3,58.125 2 0
github.com/ericbutera/bike/strava-gateway/internal/storage/operations.go:59.4,60.1 1 0
github.com/ericbutera/bike/strava-gateway/internal/storage/operations.go:61.3,61.30 1 0
github.com/ericbutera/bike/strava-gateway/internal/storage/operations.go:63.2,63.26 1 0
github.com/ericbutera/bike/strava-gateway/internal/storage/operations.go:67.2,72.16 2 0
github.com/ericbutera/bike/strava-gateway/internal/storage/operations.go:73.3,74.1 1 0
github.com/ericbutera/bike/strava-gateway/internal/storage/operations.go:75.2,77.18 3 0
github.com/ericbutera/bike/strava-gateway/internal/storage/operations.go:78.3,79.74 2 0
github.com/ericbutera/bike/strava-gateway/internal/storage/operations.go:80.4,81.1 1 0
github.com/ericbutera/bike/strava-gateway/internal/storage/operations.go:82.3,82.32 1 0
github.com/ericbutera/bike/strava-gateway/internal/storage/operations.go:84.2,84.27 1 0
github.com/ericbutera/bike/strava-gateway/internal/storage/operations.go:88.2,88.13 1 0
github.com/ericbutera/bike/strava-gateway/internal/storage/operations.go:89.3,90.1 1 0
github.com/ericbutera/bike/strava-gateway/internal/storage/operations.go:91.2,92.14 2 0
github.com/ericbutera/bike/strava-gateway/internal/storage/operations.go:94.3,96.34 1 0
github.com/ericbutera/bike/strava-gateway/internal/storage/operations.go:98.3,100.52 1 0
github.com/ericbutera/bike/strava-gateway/internal/storage/operations.go:102.3,104.52 1 0
github.com/ericbutera/bike/strava-gateway/internal/storage/operations.go:106.3,106.49 1 0
github.com/ericbutera/bike/strava-gateway/internal/storage/operations.go:108.2,109.16 2 0
github.com/ericbutera/bike/strava-gateway/internal/storage/operations.go:110.3,111.1 1 0
github.com/ericbutera/bike/strava-gateway/internal/storage/operations.go:112.2,112.33 1 0
github.com/ericbutera/bike/strava-gateway/internal/storage/operations.go:113.3,114.1 1 0
github.com/ericbutera/bike/strava-gateway/internal/storage/operations.go:115.2,115.12 1 0
github.com/ericbutera/bike/strava-gateway/internal/storage/quota.go:45.2,48.1 3 0
github.com/ericbutera/bike/strava-gateway/internal/storage/quota.go:49.2,50.31 3 0
github.com/ericbutera/bike/strava-gateway/internal/storage/quota.go:51.3,52.46 2 0
github.com/ericbutera/bike/strava-gateway/internal/storage/quota.go:53.4,53.12 1 0
github.com/ericbutera/bike/strava-gateway/internal/storage/quota.go:56.3,57.31 2 0
github.com/ericbutera/bike/strava-gateway/internal/storage/quota.go:58.4,59.1 1 0
github.com/ericbutera/bike/strava-gateway/internal/storage/quota.go:60.3,60.24 1 0
github.com/ericbutera/bike/strava-gateway/internal/storage/quota.go:63.2,63.20 1 0
github.com/ericbutera/bike/strava-gateway/internal/storage/quota.go:67.2,68.16 2 0
github.com/ericbutera/bike/strava-gateway/internal/storage/quota.go:69.3,70.1 1 0
github.com/ericbutera/bike/strava-gateway/internal/storage/quota.go:71.2,73.18 3 0
github.com/ericbutera/bike/strava-gateway/internal/storage/quota.go:74.3,75.105 2 0
github.com/ericbutera/bike/strava-gateway/internal/storage/quota.go:76.4,77.1 1 0
github.com/ericbutera/bike/strava-gateway/internal/storage/quota.go:78.3,78.42 1 0
github.com/ericbutera/bike/strava-gateway/internal/storage/quota.go:80.2,80.30 1 0
github.com/ericbutera/bike/strava-gateway/internal/storage/quota.go:84.2,86.16 2 0
github.com/ericbutera/bike/strava-gateway/internal/storage/quota.go:87.3,88.1 1 0
github.com/ericbutera/bike/strava-gateway/internal/storage/quota.go:89.2,91.18 3 0
github.com/ericbutera/bike/strava-gateway/internal/storage/quota.go:92.3,93.44 2 0
github.com/ericbutera/bike/strava-gateway/internal/storage/quota.go:94.4,95.1 1 0
github.com/ericbutera/bike/strava-gateway/internal/storage/quota.go:96.3,96.36 1 0
github.com/ericbutera/bike/strava-gateway/internal/storage/quota.go:98.2,98.28 1 0
github.com/ericbutera/bike/strava-gateway/internal/storage/quota.go:102.2,103.22 2 0
github.com/ericbutera/bike/strava-gateway/internal/storage/quota.go:104.3,105.1 1 0
github.com/ericbutera/bike/strava-gateway/internal/storage/quota.go:106.2,108.28 3 0
github.com/ericbutera/bike/strava-gateway/internal/storage/quota.go:109.3,109.25 1 0
github.com/ericbutera/bike/strava-gateway/internal/storage/quota.go:110.4,111.1 1 0
github.com/ericbutera/bike/strava-gateway/internal/storage/quota.go:113.2,120.1 3 0
github.com/ericbutera/bike/strava-gateway/internal/storage/quota.go:126.2,127.16 2 0
github.com/ericbutera/bike/strava-gateway/internal/storage/quota.go:128.3,129.1 1 0
github.com/ericbutera/bike/strava-gateway/internal/storage/quota.go:130.2,133.22 4 0
github.com/ericbutera/bike/strava-gateway/internal/storage/quota.go:134.3,135.1 1 0
github.com/ericbutera/bike/strava-gateway/internal/storage/quota.go:136.2,137.31 2 0
github.com/ericbutera/bike/strava-gateway/internal/storage/quota.go:138.3,139.103 1 0
github.com/ericbutera/bike/strava-gateway/internal/storage/quota.go:140.4,141.1 1 0
github.com/ericbutera/bike/strava-gateway/internal/storage/quota.go:142.3,145.84 3 0
github.com/ericbutera/bike/strava-gateway/internal/storage/quota.go:146.4,147.1 1 0
github.com/ericbutera/bike/strava-gateway/internal/storage/quota.go:148.3,148.24 1 0
github.com/ericbutera/bike/strava-gateway/internal/storage/quota.go:149.4,150.1 1 0
github.com/ericbutera/bike/strava-gateway/internal/storage/quota.go:151.3,151.44 1 0
github.com/ericbutera/bike/strava-gateway/internal/storage/quota.go:152.4,153.1 1 0
github.com/ericbutera/bike/strava-gateway/internal/storage/quota.go:154.3,156.40 1 0
github.com/ericbutera/bike/strava-gateway/internal/storage/quota.go:157.4,158.1 1 0
github.com/ericbutera/bike/strava-gateway/internal/storage/quota.go:160.2,160.23 1 0
github.com/ericbutera/bike/strava-gateway/internal/storage/quota.go:161.3,161.40 1 0
github.com/ericbutera/bike/strava-gateway/internal/storage/quota.go:162.4,163.1 1 0
github.com/ericbutera/bike/strava-gateway/internal/storage/quota.go:164.3,164.22 1 0
github.com/ericbutera/bike/strava-gateway/internal/storage/quota.go:166.2,166.31 1 0
github.com/ericbutera/bike/strava-gateway/internal/storage/quota.go:167.3,168.62 1 0
github.com/ericbutera/bike/strava-gateway/internal/storage/quota.go:169.4,170.1 1 0
github.com/ericbutera/bike/strava-gateway/internal/storage/quota.go:172.2,172.36 1 0
github.com/ericbutera/bike/strava-gateway/internal/storage/quota.go:176.2,181.35 6 0
github.com/ericbutera/bike/strava-gateway/internal/storage/quota.go:182.3,183.43 2 0
github.com/ericbutera/bike/strava-gateway/internal/storage/quota.go:184.4,185.1 1 0
github.com/ericbutera/bike/strava-gateway/internal/storage/quota.go:186.3,187.29 2 0
github.com/ericbutera/bike/strava-gateway/internal/storage/quota.go:188.4,188.12 1 0
github.com/ericbutera/bike/strava-gateway/internal/storage/quota.go:190.3,192.58 1 0
github.com/ericbutera/bike/strava-gateway/internal/storage/quota.go:193.4,194.1 1 0
github.com/ericbutera/bike/strava-gateway/internal/storage/quota.go:196.2,196.12 1 0
github.com/ericbutera/bike/strava-gateway/internal/storage/quota.go:200.2,201.21 2 0
github.com/ericbutera/bike/strava-gateway/internal/storage/quota.go:202.3,203.1 1 0
github.com/ericbutera/bike/strava-gateway/internal/storage/quota.go:204.2,205.33 2 0
github.com/ericbutera/bike/strava-gateway/internal/storage/quota.go:206.3,207.17 2 0
github.com/ericbutera/bike/strava-gateway/internal/storage/quota.go:208.4,209.1 1 0
github.com/ericbutera/bike/strava-gateway/internal/storage/quota.go:210.3,210.25 1 0
github.com/ericbutera/bike/strava-gateway/internal/storage/quota.go:212.2,212.15 1 0
github.com/ericbutera/bike/strava-gateway/internal/storage/quota.go:216.2,217.16 2 0
github.com/ericbutera/bike/strava-gateway/internal/storage/quota.go:218.3,219.1 1 0
github.com/ericbutera/bike/strava-gateway/internal/storage/quota.go:220.2,222.18 3 0
github.com/ericbutera/bike/strava-gateway/internal/storage/quota.go:223.3,225.57 3 0
github.com/ericbutera/bike/strava-gateway/internal/storage/quota.go:226.4,227.1 1 0
github.com/ericbutera/bike/strava-gateway/internal/storage/quota.go:228.3,228.55 1 0
github.com/ericbutera/bike/strava-gateway/internal/storage/quota.go:230.2,230.55 1 0
github.com/ericbutera/bike/strava-gateway/internal/storage/sync.go:22.2,25.1 3 0
github.com/ericbutera/bike/strava-gateway/internal/storage/sync.go:44.2,57.16 2 0
github.com/ericbutera/bike/strava-gateway/internal/storage/sync.go:58.3,59.1 1 0
github.com/ericbutera/bike/strava-gateway/internal/storage/sync.go:60.2,60.36 1 0
github.com/ericbutera/bike/strava-gateway/internal/storage/sync.go:64.2,64.66 1 0
github.com/ericbutera/bike/strava-gateway/internal/storage/sync.go:65.3,66.1 1 0
github.com/ericbutera/bike/strava-gateway/internal/storage/sync.go:67.2,75.12 5 0
github.com/ericbutera/bike/strava-gateway/internal/storage/sync.go:79.2,79.48 1 0
github.com/ericbutera/bike/strava-gateway/internal/storage/sync.go:80.3,81.1 1 0
github.com/ericbutera/bike/strava-gateway/internal/storage/sync.go:82.2,82.10 1 0
github.com/ericbutera/bike/strava-gateway/internal/storage/sync.go:92.2,98.35 5 0
github.com/ericbutera/bike/strava-gateway/internal/storage/sync.go:99.3,100.1 1 0
github.com/ericbutera/bike/strava-gateway/internal/storage/sync.go:101.2,101.68 1 0
github.com/ericbutera/bike/strava-gateway/internal/storage/sync.go:102.3,103.1 1 0
github.com/ericbutera/bike/strava-gateway/internal/storage/sync.go:104.2,104.20 1 0
github.com/ericbutera/bike/strava-gateway/internal/storage/sync.go:108.2,109.16 2 0
github.com/ericbutera/bike/strava-gateway/internal/storage/sync.go:110.3,111.1 1 0
github.com/ericbutera/bike/strava-gateway/internal/storage/sync.go:112.2,127.35 4 0
github.com/ericbutera/bike/strava-gateway/internal/storage/sync.go:128.3,129.1 1 0
github.com/ericbutera/bike/strava-gateway/internal/storage/sync.go:130.2,130.16 1 0
github.com/ericbutera/bike/strava-gateway/internal/storage/sync.go:131.3,132.1 1 0
github.com/ericbutera/bike/strava-gateway/internal/storage/sync.go:133.2,133.29 1 0
github.com/ericbutera/bike/strava-gateway/internal/storage/sync.go:134.3,136.120 1 0
github.com/ericbutera/bike/strava-gateway/internal/storage/sync.go:137.4,138.1 1 0
github.com/ericbutera/bike/strava-gateway/internal/storage/sync.go:139.3,140.62 1 0
github.com/ericbutera/bike/strava-gateway/internal/storage/sync.go:141.4,142.1 1 0
github.com/ericbutera/bike/strava-gateway/internal/storage/sync.go:144.2,144.39 1 0
github.com/ericbutera/bike/strava-gateway/internal/storage/sync.go:145.3,146.1 1 0
github.com/ericbutera/bike/strava-gateway/internal/storage/sync.go:147.2,147.18 1 0
github.com/ericbutera/bike/strava-gateway/internal/storage/sync.go:151.2,154.16 4 0
github.com/ericbutera/bike/strava-gateway/internal/storage/sync.go:155.3,156.1 1 0
github.com/ericbutera/bike/strava-gateway/internal/storage/sync.go:157.2,158.25 2 0
github.com/ericbutera/bike/strava-gateway/internal/storage/sync.go:159.3,162.1 3 0
github.com/ericbutera/bike/strava-gateway/internal/storage/sync.go:163.3,164.17 3 0
github.com/ericbutera/bike/strava-gateway/internal/storage/sync.go:165.4,166.1 1 0
github.com/ericbutera/bike/strava-gateway/internal/storage/sync.go:167.3,174.142 3 0
github.com/ericbutera/bike/strava-gateway/internal/storage/sync.go:175.4,176.1 1 0
github.com/ericbutera/bike/strava-gateway/internal/storage/sync.go:177.3,179.80 1 0
github.com/ericbutera/bike/strava-gateway/internal/storage/sync.go:180.4,181.1 1 0
github.com/ericbutera/bike/strava-gateway/internal/storage/sync.go:183.2,184.20 2 0
github.com/ericbutera/bike/strava-gateway/internal/storage/sync.go:185.3,186.1 1 0
github.com/ericbutera/bike/strava-gateway/internal/storage/sync.go:187.2,190.16 2 0
github.com/ericbutera/bike/strava-gateway/internal/storage/sync.go:191.3,192.1 1 0
github.com/ericbutera/bike/strava-gateway/internal/storage/sync.go:193.2,193.33 1 0
github.com/ericbutera/bike/strava-gateway/internal/storage/sync.go:194.3,195.1 1 0
github.com/ericbutera/bike/strava-gateway/internal/storage/sync.go:196.2,196.23 1 0
github.com/ericbutera/bike/strava-gateway/internal/storage/sync.go:200.2,201.24 2 0
github.com/ericbutera/bike/strava-gateway/internal/storage/sync.go:202.3,203.1 1 0
github.com/ericbutera/bike/strava-gateway/internal/storage/sync.go:204.2,205.16 2 0
github.com/ericbutera/bike/strava-gateway/internal/storage/sync.go:206.3,207.1 1 0
github.com/ericbutera/bike/strava-gateway/internal/storage/sync.go:208.2,212.16 3 0
github.com/ericbutera/bike/strava-gateway/internal/storage/sync.go:213.3,214.1 1 0
github.com/ericbutera/bike/strava-gateway/internal/storage/sync.go:215.2,215.33 1 0
github.com/ericbutera/bike/strava-gateway/internal/storage/sync.go:216.3,217.1 1 0
github.com/ericbutera/bike/strava-gateway/internal/storage/sync.go:218.2,218.47 1 0
github.com/ericbutera/bike/strava-gateway/internal/storage/sync.go:219.3,221.115 1 0
github.com/ericbutera/bike/strava-gateway/internal/storage/sync.go:222.4,223.1 1 0
github.com/ericbutera/bike/strava-gateway/internal/storage/sync.go:225.2,225.23 1 0
github.com/ericbutera/bike/strava-gateway/internal/storage/sync.go:229.2,233.1 2 0
github.com/ericbutera/bike/strava-gateway/internal/storage/transaction.go:13.2,15.84 3 0
github.com/ericbutera/bike/strava-gateway/internal/storage/transaction.go:16.3,17.1 1 0
github.com/ericbutera/bike/strava-gateway/internal/webhook/webhook.go:34.2,34.113 1 0
github.com/ericbutera/bike/strava-gateway/internal/webhook/webhook.go:35.3,36.1 1 0
github.com/ericbutera/bike/strava-gateway/internal/webhook/webhook.go:37.2,37.69 1 0
github.com/ericbutera/bike/strava-gateway/internal/webhook/webhook.go:38.3,39.1 1 0
github.com/ericbutera/bike/strava-gateway/internal/webhook/webhook.go:40.2,40.101 1 0
github.com/ericbutera/bike/strava-gateway/internal/webhook/webhook.go:46.2,49.1 3 0
github.com/ericbutera/bike/strava-gateway/internal/webhook/webhook.go:66.2,69.1 3 0
github.com/ericbutera/bike/strava-gateway/internal/webhook/webhook.go:72.2,72.18 1 0
github.com/ericbutera/bike/strava-gateway/internal/webhook/webhook.go:74.3,74.23 1 0
github.com/ericbutera/bike/strava-gateway/internal/webhook/webhook.go:76.3,76.24 1 0
github.com/ericbutera/bike/strava-gateway/internal/webhook/webhook.go:78.3,79.96 2 0
github.com/ericbutera/bike/strava-gateway/internal/webhook/webhook.go:84.2,88.43 3 0
github.com/ericbutera/bike/strava-gateway/internal/webhook/webhook.go:89.3,91.1 2 0
github.com/ericbutera/bike/strava-gateway/internal/webhook/webhook.go:92.2,93.78 2 0
github.com/ericbutera/bike/strava-gateway/internal/webhook/webhook.go:97.2,98.15 2 0
github.com/ericbutera/bike/strava-gateway/internal/webhook/webhook.go:99.3,99.29 1 0
github.com/ericbutera/bike/strava-gateway/internal/webhook/webhook.go:100.4,101.1 1 0
github.com/ericbutera/bike/strava-gateway/internal/webhook/webhook.go:103.2,103.57 1 0
github.com/ericbutera/bike/strava-gateway/internal/webhook/webhook.go:104.3,107.1 3 0
github.com/ericbutera/bike/strava-gateway/internal/webhook/webhook.go:108.2,108.74 1 0
github.com/ericbutera/bike/strava-gateway/internal/webhook/webhook.go:109.3,111.1 2 0
github.com/ericbutera/bike/strava-gateway/internal/webhook/webhook.go:112.2,113.16 2 0
github.com/ericbutera/bike/strava-gateway/internal/webhook/webhook.go:114.3,117.1 3 0
github.com/ericbutera/bike/strava-gateway/internal/webhook/webhook.go:118.2,118.71 1 0
github.com/ericbutera/bike/strava-gateway/internal/webhook/webhook.go:119.3,122.1 3 0
github.com/ericbutera/bike/strava-gateway/internal/webhook/webhook.go:123.2,124.53 2 0
github.com/ericbutera/bike/strava-gateway/internal/webhook/webhook.go:125.3,128.1 3 0
github.com/ericbutera/bike/strava-gateway/internal/webhook/webhook.go:129.2,129.42 1 0
github.com/ericbutera/bike/strava-gateway/internal/webhook/webhook.go:130.3,132.53 3 0
github.com/ericbutera/bike/strava-gateway/internal/webhook/webhook.go:133.4,134.1 1 0
github.com/ericbutera/bike/strava-gateway/internal/webhook/webhook.go:135.3,136.9 2 0
github.com/ericbutera/bike/strava-gateway/internal/webhook/webhook.go:138.2,141.16 4 0
github.com/ericbutera/bike/strava-gateway/internal/webhook/webhook.go:142.3,145.1 3 0
github.com/ericbutera/bike/strava-gateway/internal/webhook/webhook.go:146.2,146.14 1 0
github.com/ericbutera/bike/strava-gateway/internal/webhook/webhook.go:147.3,148.1 1 0
github.com/ericbutera/bike/strava-gateway/internal/webhook/webhook.go:149.3,150.1 1 0
github.com/ericbutera/bike/strava-gateway/internal/webhook/webhook.go:151.2,156.46 3 0
github.com/ericbutera/bike/strava-gateway/internal/webhook/webhook.go:160.2,162.46 3 0
github.com/ericbutera/bike/strava-gateway/internal/webhook/webhook.go:163.3,164.1 1 0
github.com/ericbutera/bike/strava-gateway/internal/webhook/webhook.go:167.2,172.32 2 0
github.com/ericbutera/bike/strava-gateway/internal/webhook/webhook.go:178.2,178.49 1 0
github.com/ericbutera/bike/strava-gateway/internal/webhook/webhook.go:179.3,180.1 1 0
github.com/ericbutera/bike/strava-gateway/internal/webhook/webhook.go:181.2,182.50 2 0
github.com/ericbutera/bike/strava-gateway/internal/webhook/webhook.go:183.3,184.30 2 0
github.com/ericbutera/bike/strava-gateway/internal/webhook/webhook.go:185.4,186.1 1 0
github.com/ericbutera/bike/strava-gateway/internal/webhook/webhook.go:187.3,187.21 1 0
github.com/ericbutera/bike/strava-gateway/internal/webhook/webhook.go:189.2,190.42 2 0
github.com/ericbutera/bike/strava-gateway/internal/webhook/webhook.go:191.3,192.1 1 0
github.com/ericbutera/bike/strava-gateway/internal/webhook/webhook.go:193.2,194.24 2 0
github.com/ericbutera/bike/strava-gateway/internal/webhook/webhook.go:195.3,196.1 1 0
github.com/ericbutera/bike/strava-gateway/internal/webhook/webhook.go:197.2,197.66 1 0
github.com/ericbutera/bike/strava-gateway/internal/webhook/webhook.go:198.3,199.1 1 0
github.com/ericbutera/bike/strava-gateway/internal/webhook/webhook.go:200.2,201.16 2 0
github.com/ericbutera/bike/strava-gateway/internal/webhook/webhook.go:202.3,203.1 1 0
github.com/ericbutera/bike/strava-gateway/internal/webhook/webhook.go:204.2,207.43 4 0
github.com/ericbutera/bike/strava-gateway/internal/webhook/webhook.go:213.2,213.121 1 0
github.com/ericbutera/bike/strava-gateway/internal/webhook/webhook.go:214.3,215.1 1 0
github.com/ericbutera/bike/strava-gateway/internal/webhook/webhook.go:216.2,216.12 1 0
github.com/ericbutera/bike/strava-gateway/internal/worker/artifacts.go:18.2,19.100 2 0
github.com/ericbutera/bike/strava-gateway/internal/worker/artifacts.go:20.3,20.21 1 0
github.com/ericbutera/bike/strava-gateway/internal/worker/artifacts.go:21.4,22.1 1 0
github.com/ericbutera/bike/strava-gateway/internal/worker/artifacts.go:23.3,23.20 1 0
github.com/ericbutera/bike/strava-gateway/internal/worker/artifacts.go:24.4,25.1 1 0
github.com/ericbutera/bike/strava-gateway/internal/worker/artifacts.go:26.3,27.17 2 0
github.com/ericbutera/bike/strava-gateway/internal/worker/artifacts.go:28.4,29.1 1 0
github.com/ericbutera/bike/strava-gateway/internal/worker/artifacts.go:30.3,31.13 2 0
github.com/ericbutera/bike/strava-gateway/internal/worker/artifacts.go:33.2,33.24 1 0
github.com/ericbutera/bike/strava-gateway/internal/worker/artifacts.go:34.3,35.1 1 0
github.com/ericbutera/bike/strava-gateway/internal/worker/artifacts.go:36.2,36.19 1 0
github.com/ericbutera/bike/strava-gateway/internal/worker/artifacts.go:43.2,44.86 2 0
github.com/ericbutera/bike/strava-gateway/internal/worker/artifacts.go:45.3,46.1 1 0
github.com/ericbutera/bike/strava-gateway/internal/worker/artifacts.go:47.2,49.16 3 0
github.com/ericbutera/bike/strava-gateway/internal/worker/artifacts.go:50.3,51.1 1 0
github.com/ericbutera/bike/strava-gateway/internal/worker/artifacts.go:52.2,52.103 1 0
github.com/ericbutera/bike/strava-gateway/internal/worker/artifacts.go:56.2,58.1 2 0
github.com/ericbutera/bike/strava-gateway/internal/worker/artifacts.go:61.2,61.20 1 0
github.com/ericbutera/bike/strava-gateway/internal/worker/artifacts.go:62.3,63.1 1 0
github.com/ericbutera/bike/strava-gateway/internal/worker/artifacts.go:64.2,68.70 5 0
github.com/ericbutera/bike/strava-gateway/internal/worker/artifacts.go:69.3,70.1 1 0
github.com/ericbutera/bike/strava-gateway/internal/worker/artifacts.go:71.2,71.59 1 0
github.com/ericbutera/bike/strava-gateway/internal/worker/artifacts.go:72.3,72.33 1 0
github.com/ericbutera/bike/strava-gateway/internal/worker/artifacts.go:73.4,74.27 2 0
github.com/ericbutera/bike/strava-gateway/internal/worker/artifacts.go:75.5,76.1 1 0
github.com/ericbutera/bike/strava-gateway/internal/worker/artifacts.go:78.9,78.44 1 0
github.com/ericbutera/bike/strava-gateway/internal/worker/artifacts.go:79.3,80.1 1 0
github.com/ericbutera/bike/strava-gateway/internal/worker/artifacts.go:81.2,82.16 2 0
github.com/ericbutera/bike/strava-gateway/internal/worker/artifacts.go:83.3,84.1 1 0
github.com/ericbutera/bike/strava-gateway/internal/worker/artifacts.go:85.2,86.15 2 0
github.com/ericbutera/bike/strava-gateway/internal/worker/artifacts.go:87.3,87.97 1 0
github.com/ericbutera/bike/strava-gateway/internal/worker/artifacts.go:88.4,89.1 1 0
github.com/ericbutera/bike/strava-gateway/internal/worker/artifacts.go:91.2,91.42 1 0
github.com/ericbutera/bike/strava-gateway/internal/worker/artifacts.go:92.3,93.1 1 0
github.com/ericbutera/bike/strava-gateway/internal/worker/artifacts.go:94.2,94.44 1 0
github.com/ericbutera/bike/strava-gateway/internal/worker/artifacts.go:95.3,96.1 1 0
github.com/ericbutera/bike/strava-gateway/internal/worker/artifacts.go:97.2,97.36 1 0
github.com/ericbutera/bike/strava-gateway/internal/worker/artifacts.go:98.3,99.1 1 0
github.com/ericbutera/bike/strava-gateway/internal/worker/artifacts.go:100.2,100.37 1 0
github.com/ericbutera/bike/strava-gateway/internal/worker/artifacts.go:101.3,102.1 1 0
github.com/ericbutera/bike/strava-gateway/internal/worker/artifacts.go:103.2,103.53 1 0
github.com/ericbutera/bike/strava-gateway/internal/worker/artifacts.go:104.3,105.1 1 0
github.com/ericbutera/bike/strava-gateway/internal/worker/artifacts.go:106.2,106.103 1 0
github.com/ericbutera/bike/strava-gateway/internal/worker/artifacts.go:110.2,110.104 1 0
github.com/ericbutera/bike/strava-gateway/internal/worker/artifacts.go:111.3,112.1 1 0
github.com/ericbutera/bike/strava-gateway/internal/worker/artifacts.go:113.2,114.16 2 0
github.com/ericbutera/bike/strava-gateway/internal/worker/artifacts.go:115.3,116.1 1 0
github.com/ericbutera/bike/strava-gateway/internal/worker/artifacts.go:117.2,118.85 2 0
github.com/ericbutera/bike/strava-gateway/internal/worker/artifacts.go:119.3,120.1 1 0
github.com/ericbutera/bike/strava-gateway/internal/worker/artifacts.go:121.2,121.18 1 0
github.com/ericbutera/bike/strava-gateway/internal/worker/delivery.go:47.43,47.62 1 0
github.com/ericbutera/bike/strava-gateway/internal/worker/delivery.go:50.2,51.56 2 0
github.com/ericbutera/bike/strava-gateway/internal/worker/delivery.go:52.3,53.1 1 0
github.com/ericbutera/bike/strava-gateway/internal/worker/delivery.go:54.2,59.1 3 0
github.com/ericbutera/bike/strava-gateway/internal/worker/delivery.go:60.2,60.31 3 0
github.com/ericbutera/bike/strava-gateway/internal/worker/delivery.go:61.3,61.26 1 0
github.com/ericbutera/bike/strava-gateway/internal/worker/delivery.go:62.4,63.1 1 0
github.com/ericbutera/bike/strava-gateway/internal/worker/delivery.go:64.3,65.17 2 0
github.com/ericbutera/bike/strava-gateway/internal/worker/delivery.go:66.4,67.1 1 0
github.com/ericbutera/bike/strava-gateway/internal/worker/delivery.go:68.3,69.29 2 0
github.com/ericbutera/bike/strava-gateway/internal/worker/delivery.go:71.2,72.16 2 0
github.com/ericbutera/bike/strava-gateway/internal/worker/delivery.go:73.3,74.1 1 0
github.com/ericbutera/bike/strava-gateway/internal/worker/delivery.go:75.2,80.16 6 0
github.com/ericbutera/bike/strava-gateway/internal/worker/delivery.go:81.3,82.1 1 0
github.com/ericbutera/bike/strava-gateway/internal/worker/delivery.go:83.2,88.23 6 0
github.com/ericbutera/bike/strava-gateway/internal/worker/delivery.go:89.3,90.1 1 0
github.com/ericbutera/bike/strava-gateway/internal/worker/delivery.go:91.2,92.16 2 0
github.com/ericbutera/bike/strava-gateway/internal/worker/delivery.go:93.3,94.1 1 0
github.com/ericbutera/bike/strava-gateway/internal/worker/delivery.go:95.2,95.15 1 0
github.com/ericbutera/bike/strava-gateway/internal/worker/delivery.go:95.17,95.64 1 0
github.com/ericbutera/bike/strava-gateway/internal/worker/delivery.go:96.2,96.84 1 0
github.com/ericbutera/bike/strava-gateway/internal/worker/delivery.go:97.3,98.1 1 0
github.com/ericbutera/bike/strava-gateway/internal/worker/delivery.go:99.2,99.88 1 0
github.com/ericbutera/bike/strava-gateway/internal/worker/delivery.go:100.3,101.1 1 0
github.com/ericbutera/bike/strava-gateway/internal/worker/delivery.go:102.2,103.88 1 0
github.com/ericbutera/bike/strava-gateway/internal/worker/failures.go:19.49,19.73 1 0
github.com/ericbutera/bike/strava-gateway/internal/worker/failures.go:20.49,20.65 1 0
github.com/ericbutera/bike/strava-gateway/internal/worker/failures.go:23.2,27.16 2 0
github.com/ericbutera/bike/strava-gateway/internal/worker/failures.go:28.3,29.1 1 0
github.com/ericbutera/bike/strava-gateway/internal/worker/failures.go:30.2,31.16 2 0
github.com/ericbutera/bike/strava-gateway/internal/worker/failures.go:32.3,32.28 1 0
github.com/ericbutera/bike/strava-gateway/internal/worker/failures.go:33.4,34.1 1 0
github.com/ericbutera/bike/strava-gateway/internal/worker/failures.go:35.3,35.136 1 0
github.com/ericbutera/bike/strava-gateway/internal/worker/failures.go:37.2,37.38 1 0
github.com/ericbutera/bike/strava-gateway/internal/worker/failures.go:38.3,39.1 1 0
github.com/ericbutera/bike/strava-gateway/internal/worker/failures.go:40.2,41.57 1 0
github.com/ericbutera/bike/strava-gateway/internal/worker/worker.go:35.47,35.71 1 0
github.com/ericbutera/bike/strava-gateway/internal/worker/worker.go:37.47,37.63 1 0
github.com/ericbutera/bike/strava-gateway/internal/worker/worker.go:49.2,50.30 2 0
github.com/ericbutera/bike/strava-gateway/internal/worker/worker.go:51.3,52.1 1 0
github.com/ericbutera/bike/strava-gateway/internal/worker/worker.go:53.2,53.23 1 0
github.com/ericbutera/bike/strava-gateway/internal/worker/worker.go:55.3,55.16 1 0
github.com/ericbutera/bike/strava-gateway/internal/worker/worker.go:56.4,57.1 1 0
github.com/ericbutera/bike/strava-gateway/internal/worker/worker.go:58.3,58.32 1 0
github.com/ericbutera/bike/strava-gateway/internal/worker/worker.go:60.3,60.31 1 0
github.com/ericbutera/bike/strava-gateway/internal/worker/worker.go:62.3,62.30 1 0
github.com/ericbutera/bike/strava-gateway/internal/worker/worker.go:67.2,67.40 1 0
github.com/ericbutera/bike/strava-gateway/internal/worker/worker.go:68.3,70.1 2 0
github.com/ericbutera/bike/strava-gateway/internal/worker/worker.go:71.2,71.22 1 0
github.com/ericbutera/bike/strava-gateway/internal/worker/worker.go:75.2,77.23 3 0
github.com/ericbutera/bike/strava-gateway/internal/worker/worker.go:78.3,78.73 1 0
github.com/ericbutera/bike/strava-gateway/internal/worker/worker.go:79.4,81.1 2 0
github.com/ericbutera/bike/strava-gateway/internal/worker/worker.go:82.3,82.78 1 0
github.com/ericbutera/bike/strava-gateway/internal/worker/worker.go:83.4,84.18 2 0
github.com/ericbutera/bike/strava-gateway/internal/worker/worker.go:85.5,86.1 1 0
github.com/ericbutera/bike/strava-gateway/internal/worker/worker.go:87.4,87.17 1 0
github.com/ericbutera/bike/strava-gateway/internal/worker/worker.go:88.5,89.1 1 0
github.com/ericbutera/bike/strava-gateway/internal/worker/worker.go:90.4,90.35 1 0
github.com/ericbutera/bike/strava-gateway/internal/worker/worker.go:92.3,93.17 2 0
github.com/ericbutera/bike/strava-gateway/internal/worker/worker.go:94.4,95.1 1 0
github.com/ericbutera/bike/strava-gateway/internal/worker/worker.go:96.3,96.14 1 0
github.com/ericbutera/bike/strava-gateway/internal/worker/worker.go:97.4,97.12 1 0
github.com/ericbutera/bike/strava-gateway/internal/worker/worker.go:99.3,100.10 2 0
github.com/ericbutera/bike/strava-gateway/internal/worker/worker.go:102.4,103.14 2 0
github.com/ericbutera/bike/strava-gateway/internal/worker/worker.go:104.18,104.18 0 0
github.com/ericbutera/bike/strava-gateway/internal/worker/worker.go:107.2,107.12 1 0
github.com/ericbutera/bike/strava-gateway/internal/worker/worker.go:111.2,112.16 2 0
github.com/ericbutera/bike/strava-gateway/internal/worker/worker.go:113.3,114.1 1 0
github.com/ericbutera/bike/strava-gateway/internal/worker/worker.go:115.2,115.18 1 0
github.com/ericbutera/bike/strava-gateway/internal/worker/worker.go:116.3,122.65 4 0
github.com/ericbutera/bike/strava-gateway/internal/worker/worker.go:123.4,127.128 5 0
github.com/ericbutera/bike/strava-gateway/internal/worker/worker.go:128.5,131.1 3 0
github.com/ericbutera/bike/strava-gateway/internal/worker/worker.go:132.4,133.41 2 0
github.com/ericbutera/bike/strava-gateway/internal/worker/worker.go:134.5,135.1 1 0
github.com/ericbutera/bike/strava-gateway/internal/worker/worker.go:136.4,137.67 2 0
github.com/ericbutera/bike/strava-gateway/internal/worker/worker.go:139.4,140.1 1 0
github.com/ericbutera/bike/strava-gateway/internal/worker/worker.go:141.3,142.19 2 0
github.com/ericbutera/bike/strava-gateway/internal/worker/worker.go:144.2,145.16 2 0
github.com/ericbutera/bike/strava-gateway/internal/worker/worker.go:146.3,147.1 1 0
github.com/ericbutera/bike/strava-gateway/internal/worker/worker.go:148.2,148.21 1 0
github.com/ericbutera/bike/strava-gateway/internal/worker/worker.go:149.3,149.29 1 0
github.com/ericbutera/bike/strava-gateway/internal/worker/worker.go:150.4,151.1 1 0
github.com/ericbutera/bike/strava-gateway/internal/worker/worker.go:152.3,153.35 2 0
github.com/ericbutera/bike/strava-gateway/internal/worker/worker.go:154.4,155.1 1 0
github.com/ericbutera/bike/strava-gateway/internal/worker/worker.go:156.3,162.66 4 0
github.com/ericbutera/bike/strava-gateway/internal/worker/worker.go:163.4,167.32 5 0
github.com/ericbutera/bike/strava-gateway/internal/worker/worker.go:168.5,168.87 1 0
github.com/ericbutera/bike/strava-gateway/internal/worker/worker.go:169.6,171.1 2 0
github.com/ericbutera/bike/strava-gateway/internal/worker/worker.go:172.5,172.38 1 0
github.com/ericbutera/bike/strava-gateway/internal/worker/worker.go:174.4,174.33 1 0
github.com/ericbutera/bike/strava-gateway/internal/worker/worker.go:175.5,178.1 3 0
github.com/ericbutera/bike/strava-gateway/internal/worker/worker.go:179.5,179.154 1 0
github.com/ericbutera/bike/strava-gateway/internal/worker/worker.go:180.6,183.1 3 0
github.com/ericbutera/bike/strava-gateway/internal/worker/worker.go:184.5,185.31 2 0
github.com/ericbutera/bike/strava-gateway/internal/worker/worker.go:186.6,187.1 1 0
github.com/ericbutera/bike/strava-gateway/internal/worker/worker.go:188.5,189.66 2 0
github.com/ericbutera/bike/strava-gateway/internal/worker/worker.go:192.4,193.1 1 0
github.com/ericbutera/bike/strava-gateway/internal/worker/worker.go:194.3,195.19 2 0
github.com/ericbutera/bike/strava-gateway/internal/worker/worker.go:197.2,204.30 3 0
github.com/ericbutera/bike/strava-gateway/internal/worker/worker.go:205.3,206.1 1 0
github.com/ericbutera/bike/strava-gateway/internal/worker/worker.go:207.2,208.27 2 0
github.com/ericbutera/bike/strava-gateway/internal/worker/worker.go:209.3,210.1 1 0
github.com/ericbutera/bike/strava-gateway/internal/worker/worker.go:211.2,212.70 2 0
github.com/ericbutera/bike/strava-gateway/internal/worker/worker.go:213.3,215.45 3 0
github.com/ericbutera/bike/strava-gateway/internal/worker/worker.go:216.4,217.29 2 0
github.com/ericbutera/bike/strava-gateway/internal/worker/worker.go:218.5,219.1 1 0
github.com/ericbutera/bike/strava-gateway/internal/worker/worker.go:220.4,221.91 2 0
github.com/ericbutera/bike/strava-gateway/internal/worker/worker.go:222.5,226.1 4 0
github.com/ericbutera/bike/strava-gateway/internal/worker/worker.go:227.4,229.20 3 0
github.com/ericbutera/bike/strava-gateway/internal/worker/worker.go:231.3,236.80 4 0
github.com/ericbutera/bike/strava-gateway/internal/worker/worker.go:237.4,241.1 4 0
github.com/ericbutera/bike/strava-gateway/internal/worker/worker.go:242.3,242.15 1 0
github.com/ericbutera/bike/strava-gateway/internal/worker/worker.go:243.4,244.1 1 0
github.com/ericbutera/bike/strava-gateway/internal/worker/worker.go:245.4,246.1 1 0
github.com/ericbutera/bike/strava-gateway/internal/worker/worker.go:247.3,247.45 1 0
github.com/ericbutera/bike/strava-gateway/internal/worker/worker.go:249.2,251.18 3 0
github.com/ericbutera/bike/strava-gateway/internal/worker/worker.go:255.2,256.78 2 0
github.com/ericbutera/bike/strava-gateway/internal/worker/worker.go:257.3,258.1 1 0
github.com/ericbutera/bike/strava-gateway/internal/worker/worker.go:259.2,260.22 2 0
github.com/ericbutera/bike/strava-gateway/internal/worker/worker.go:261.3,262.1 1 0
github.com/ericbutera/bike/strava-gateway/internal/worker/worker.go:263.2,263.36 1 0
github.com/ericbutera/bike/strava-gateway/internal/worker/worker.go:267.2,268.33 2 0
github.com/ericbutera/bike/strava-gateway/internal/worker/worker.go:269.3,269.10 1 0
github.com/ericbutera/bike/strava-gateway/internal/worker/worker.go:271.4,271.16 1 0
github.com/ericbutera/bike/strava-gateway/internal/worker/worker.go:273.4,273.22 1 0
github.com/ericbutera/bike/strava-gateway/internal/worker/worker.go:276.2,276.9 1 0
github.com/ericbutera/bike/strava-gateway/internal/worker/worker.go:278.3,278.40 1 0
github.com/ericbutera/bike/strava-gateway/internal/worker/worker.go:280.3,280.23 1 0
github.com/ericbutera/bike/strava-gateway/internal/worker/worker.go:282.3,282.30 1 0
github.com/ericbutera/bike/strava-gateway/internal/worker/worker.go:284.3,284.22 1 0
github.com/ericbutera/bike/strava-gateway/internal/worker/worker.go:289.2,289.27 1 0
github.com/ericbutera/bike/strava-gateway/internal/worker/worker.go:290.3,291.1 1 0
github.com/ericbutera/bike/strava-gateway/internal/worker/worker.go:295.2,295.27 1 0
github.com/ericbutera/bike/strava-gateway/internal/worker/worker.go:296.3,298.1 2 0
github.com/ericbutera/bike/strava-gateway/internal/worker/worker.go:302.2,303.16 2 0
github.com/ericbutera/bike/strava-gateway/internal/worker/worker.go:304.3,305.1 1 0
github.com/ericbutera/bike/strava-gateway/internal/worker/worker.go:306.3,309.1 2 0
github.com/ericbutera/bike/strava-gateway/internal/worker/worker.go:310.2,311.16 2 0
github.com/ericbutera/bike/strava-gateway/internal/worker/worker.go:312.3,313.1 1 0
github.com/ericbutera/bike/strava-gateway/internal/worker/worker.go:314.3,315.1 1 0
github.com/ericbutera/bike/strava-gateway/internal/worker/worker.go:316.2,317.16 2 0
github.com/ericbutera/bike/strava-gateway/internal/worker/worker.go:318.3,319.1 1 0
github.com/ericbutera/bike/strava-gateway/internal/worker/worker.go:320.3,320.43 1 0
github.com/ericbutera/bike/strava-gateway/internal/worker/worker.go:321.4,322.1 1 0
github.com/ericbutera/bike/strava-gateway/internal/worker/worker.go:327.2,328.30 2 0
github.com/ericbutera/bike/strava-gateway/internal/worker/worker.go:329.3,330.30 2 0
github.com/ericbutera/bike/strava-gateway/internal/worker/worker.go:331.4,332.1 1 0
github.com/ericbutera/bike/strava-gateway/internal/worker/worker.go:334.2,334.26 1 0
github.com/ericbutera/bike/strava-gateway/internal/worker/worker.go:335.3,337.1 2 0
github.com/ericbutera/bike/strava-gateway/internal/worker/worker.go:338.2,338.47 1 0
github.com/ericbutera/bike/strava-gateway/internal/worker/worker.go:339.3,341.1 2 0
github.com/ericbutera/bike/strava-gateway/internal/worker/worker.go:342.2,342.76 1 0
github.com/ericbutera/bike/strava-gateway/internal/worker/worker.go:346.2,347.16 2 0
github.com/ericbutera/bike/strava-gateway/internal/worker/worker.go:348.3,349.1 1 0
github.com/ericbutera/bike/strava-gateway/internal/worker/worker.go:350.2,350.64 1 0
github.com/ericbutera/bike/strava-gateway/internal/worker/worker.go:351.3,352.1 1 0
github.com/ericbutera/bike/strava-gateway/internal/worker/worker.go:353.2,354.16 2 0
github.com/ericbutera/bike/strava-gateway/internal/worker/worker.go:355.3,355.45 1 0
github.com/ericbutera/bike/strava-gateway/internal/worker/worker.go:356.4,357.1 1 0
github.com/ericbutera/bike/strava-gateway/internal/worker/worker.go:358.3,358.13 1 0
github.com/ericbutera/bike/strava-gateway/internal/worker/worker.go:360.2,361.67 2 0
github.com/ericbutera/bike/strava-gateway/internal/worker/worker.go:362.3,363.45 2 0
github.com/ericbutera/bike/strava-gateway/internal/worker/worker.go:364.4,365.1 1 0
github.com/ericbutera/bike/strava-gateway/internal/worker/worker.go:366.3,366.17 1 0
github.com/ericbutera/bike/strava-gateway/internal/worker/worker.go:367.4,368.1 1 0
github.com/ericbutera/bike/strava-gateway/internal/worker/worker.go:370.2,370.44 1 0
github.com/ericbutera/bike/strava-gateway/internal/worker/worker.go:371.3,372.1 1 0
github.com/ericbutera/bike/strava-gateway/internal/worker/worker.go:373.2,373.16 1 0
github.com/ericbutera/bike/strava-gateway/internal/worker/worker.go:374.3,375.1 1 0
github.com/ericbutera/bike/strava-gateway/internal/worker/worker.go:376.2,376.49 1 0
github.com/ericbutera/bike/strava-gateway/internal/worker/worker.go:380.2,380.58 1 0
github.com/ericbutera/bike/strava-gateway/internal/worker/worker.go:381.3,382.1 1 0
github.com/ericbutera/bike/strava-gateway/internal/worker/worker.go:382.9,382.30 1 0
github.com/ericbutera/bike/strava-gateway/internal/worker/worker.go:383.3,384.1 1 0
github.com/ericbutera/bike/strava-gateway/internal/worker/worker.go:385.2,386.88 2 0
github.com/ericbutera/bike/strava-gateway/internal/worker/worker.go:387.3,388.1 1 0
github.com/ericbutera/bike/strava-gateway/internal/worker/worker.go:389.2,389.56 1 0
github.com/ericbutera/bike/strava-gateway/internal/worker/worker.go:390.3,391.1 1 0
github.com/ericbutera/bike/strava-gateway/internal/worker/worker.go:392.2,392.17 1 0
github.com/ericbutera/bike/strava-gateway/internal/worker/worker.go:396.2,396.66 1 0
github.com/ericbutera/bike/strava-gateway/internal/worker/worker.go:397.3,398.1 1 0
github.com/ericbutera/bike/strava-gateway/internal/worker/worker.go:399.2,399.67 1 0
github.com/ericbutera/bike/strava-gateway/internal/worker/worker.go:400.3,401.1 1 0
github.com/ericbutera/bike/strava-gateway/internal/worker/worker.go:402.2,402.38 1 0
github.com/ericbutera/bike/strava-gateway/internal/worker/worker.go:406.2,407.35 2 0
github.com/ericbutera/bike/strava-gateway/internal/worker/worker.go:408.3,408.45 1 0
github.com/ericbutera/bike/strava-gateway/internal/worker/worker.go:409.4,410.1 1 0
github.com/ericbutera/bike/strava-gateway/internal/worker/worker.go:411.3,411.71 1 0
github.com/ericbutera/bike/strava-gateway/internal/worker/worker.go:412.4,413.1 1 0
github.com/ericbutera/bike/strava-gateway/internal/worker/worker.go:414.3,414.65 1 0
github.com/ericbutera/bike/strava-gateway/internal/worker/worker.go:416.2,416.34 1 0
github.com/ericbutera/bike/strava-gateway/internal/worker/worker.go:417.3,418.1 1 0
github.com/ericbutera/bike/strava-gateway/internal/worker/worker.go:419.2,420.16 2 0
github.com/ericbutera/bike/strava-gateway/internal/worker/worker.go:421.3,422.1 1 0
github.com/ericbutera/bike/strava-gateway/internal/worker/worker.go:423.2,423.64 1 0
github.com/ericbutera/bike/strava-gateway/internal/worker/worker.go:424.3,425.1 1 0
github.com/ericbutera/bike/strava-gateway/internal/worker/worker.go:426.2,427.16 2 0
github.com/ericbutera/bike/strava-gateway/internal/worker/worker.go:428.3,428.45 1 0
github.com/ericbutera/bike/strava-gateway/internal/worker/worker.go:429.4,430.1 1 0
github.com/ericbutera/bike/strava-gateway/internal/worker/worker.go:431.3,431.13 1 0
github.com/ericbutera/bike/strava-gateway/internal/worker/worker.go:433.2,433.58 1 0
github.com/ericbutera/bike/strava-gateway/internal/worker/worker.go:434.3,435.1 1 0
github.com/ericbutera/bike/strava-gateway/internal/worker/worker.go:435.9,435.30 1 0
github.com/ericbutera/bike/strava-gateway/internal/worker/worker.go:436.3,437.1 1 0
github.com/ericbutera/bike/strava-gateway/internal/worker/worker.go:438.2,439.86 2 0
github.com/ericbutera/bike/strava-gateway/internal/worker/worker.go:440.3,441.1 1 0
github.com/ericbutera/bike/strava-gateway/internal/worker/worker.go:442.2,442.67 1 0
github.com/ericbutera/bike/strava-gateway/internal/worker/worker.go:443.3,444.17 2 0
github.com/ericbutera/bike/strava-gateway/internal/worker/worker.go:445.4,445.46 1 0
github.com/ericbutera/bike/strava-gateway/internal/worker/worker.go:446.5,447.1 1 0
github.com/ericbutera/bike/strava-gateway/internal/worker/worker.go:448.4,448.14 1 0
github.com/ericbutera/bike/strava-gateway/internal/worker/worker.go:450.3,450.69 1 0
github.com/ericbutera/bike/strava-gateway/internal/worker/worker.go:451.4,452.1 1 0
github.com/ericbutera/bike/strava-gateway/internal/worker/worker.go:452.10,452.31 1 0
github.com/ericbutera/bike/strava-gateway/internal/worker/worker.go:453.4,454.1 1 0
github.com/ericbutera/bike/strava-gateway/internal/worker/worker.go:455.3,456.87 2 0
github.com/ericbutera/bike/strava-gateway/internal/worker/worker.go:457.4,458.1 1 0
github.com/ericbutera/bike/strava-gateway/internal/worker/worker.go:460.2,460.16 1 0
github.com/ericbutera/bike/strava-gateway/internal/worker/worker.go:461.3,462.43 2 0
github.com/ericbutera/bike/strava-gateway/internal/worker/worker.go:463.4,464.1 1 0
github.com/ericbutera/bike/strava-gateway/internal/worker/worker.go:465.3,465.43 1 0
github.com/ericbutera/bike/strava-gateway/internal/worker/worker.go:466.4,467.1 1 0
github.com/ericbutera/bike/strava-gateway/internal/worker/worker.go:468.3,468.13 1 0
github.com/ericbutera/bike/strava-gateway/internal/worker/worker.go:470.2,471.16 2 0
github.com/ericbutera/bike/strava-gateway/internal/worker/worker.go:472.3,473.1 1 0
github.com/ericbutera/bike/strava-gateway/internal/worker/worker.go:474.2,474.35 1 0
github.com/ericbutera/bike/strava-gateway/internal/worker/worker.go:475.3,477.1 1 0
github.com/ericbutera/bike/strava-gateway/internal/worker/worker.go:478.2,478.25 1 0
github.com/ericbutera/bike/strava-gateway/internal/worker/worker.go:479.3,480.1 1 0
github.com/ericbutera/bike/strava-gateway/internal/worker/worker.go:481.2,481.58 1 0
github.com/ericbutera/bike/strava-gateway/internal/worker/worker.go:482.3,483.1 1 0
github.com/ericbutera/bike/strava-gateway/internal/worker/worker.go:483.9,483.30 1 0
github.com/ericbutera/bike/strava-gateway/internal/worker/worker.go:484.3,485.1 1 0
github.com/ericbutera/bike/strava-gateway/internal/worker/worker.go:486.2,487.87 2 0
github.com/ericbutera/bike/strava-gateway/internal/worker/worker.go:488.3,489.1 1 0
github.com/ericbutera/bike/strava-gateway/internal/worker/worker.go:490.2,490.67 1 0
github.com/ericbutera/bike/strava-gateway/internal/worker/worker.go:491.3,492.17 2 0
github.com/ericbutera/bike/strava-gateway/internal/worker/worker.go:493.4,493.46 1 0
github.com/ericbutera/bike/strava-gateway/internal/worker/worker.go:494.5,495.1 1 0
github.com/ericbutera/bike/strava-gateway/internal/worker/worker.go:496.4,496.14 1 0
github.com/ericbutera/bike/strava-gateway/internal/worker/worker.go:498.3,498.69 1 0
github.com/ericbutera/bike/strava-gateway/internal/worker/worker.go:499.4,500.1 1 0
github.com/ericbutera/bike/strava-gateway/internal/worker/worker.go:500.10,500.31 1 0
github.com/ericbutera/bike/strava-gateway/internal/worker/worker.go:501.4,502.1 1 0
github.com/ericbutera/bike/strava-gateway/internal/worker/worker.go:503.3,504.88 2 0
github.com/ericbutera/bike/strava-gateway/internal/worker/worker.go:505.4,506.1 1 0
github.com/ericbutera/bike/strava-gateway/internal/worker/worker.go:508.2,509.16 2 0
github.com/ericbutera/bike/strava-gateway/internal/worker/worker.go:510.3,511.43 2 0
github.com/ericbutera/bike/strava-gateway/internal/worker/worker.go:512.4,513.1 1 0
github.com/ericbutera/bike/strava-gateway/internal/worker/worker.go:514.3,514.43 1 0
github.com/ericbutera/bike/strava-gateway/internal/worker/worker.go:515.4,516.1 1 0
github.com/ericbutera/bike/strava-gateway/internal/worker/worker.go:517.3,517.13 1 0
github.com/ericbutera/bike/strava-gateway/internal/worker/worker.go:519.2,519.31 1 0
github.com/ericbutera/bike/strava-gateway/internal/worker/worker.go:520.3,521.1 1 0
github.com/ericbutera/bike/strava-gateway/internal/worker/worker.go:522.2,526.16 2 0
github.com/ericbutera/bike/strava-gateway/internal/worker/worker.go:527.3,528.1 1 0
github.com/ericbutera/bike/strava-gateway/internal/worker/worker.go:529.2,530.16 2 0
github.com/ericbutera/bike/strava-gateway/internal/worker/worker.go:531.3,531.28 1 0
github.com/ericbutera/bike/strava-gateway/internal/worker/worker.go:532.4,533.1 1 0
github.com/ericbutera/bike/strava-gateway/internal/worker/worker.go:534.3,534.13 1 0
github.com/ericbutera/bike/strava-gateway/internal/worker/worker.go:536.2,536.38 1 0
github.com/ericbutera/bike/strava-gateway/internal/worker/worker.go:537.3,538.1 1 0
github.com/ericbutera/bike/strava-gateway/internal/worker/worker.go:539.2,539.65 1 0
github.com/ericbutera/bike/strava-gateway/internal/worker/worker.go:543.2,544.61 2 0
github.com/ericbutera/bike/strava-gateway/internal/worker/worker.go:545.3,546.1 1 0
github.com/ericbutera/bike/strava-gateway/internal/worker/worker.go:547.2,548.43 2 0
github.com/ericbutera/bike/strava-gateway/internal/worker/worker.go:549.3,551.1 2 0
github.com/ericbutera/bike/strava-gateway/internal/worker/worker.go:552.2,552.33 1 0
github.com/ericbutera/bike/strava-gateway/internal/worker/worker.go:553.3,554.1 1 0
github.com/ericbutera/bike/strava-gateway/internal/worker/worker.go:555.2,555.21 1 0
github.com/ericbutera/bike/strava-gateway/internal/worker/worker.go:559.2,559.73 1 0
github.com/ericbutera/bike/strava-gateway/internal/worker/worker.go:560.3,561.1 1 0
github.com/ericbutera/bike/strava-gateway/internal/worker/worker.go:562.2,562.59 1 0
github.com/ericbutera/bike/strava-gateway/internal/worker/worker.go:563.3,564.1 1 0
github.com/ericbutera/bike/strava-gateway/internal/worker/worker.go:564.9,564.30 1 0
github.com/ericbutera/bike/strava-gateway/internal/worker/worker.go:565.3,566.1 1 0
github.com/ericbutera/bike/strava-gateway/internal/worker/worker.go:567.2,568.88 2 0
github.com/ericbutera/bike/strava-gateway/internal/worker/worker.go:569.3,570.1 1 0
github.com/ericbutera/bike/strava-gateway/internal/worker/worker.go:571.2,571.16 1 0
github.com/ericbutera/bike/strava-gateway/internal/worker/worker.go:572.3,573.1 1 0
github.com/ericbutera/bike/strava-gateway/internal/worker/worker.go:574.2,576.23 3 0
github.com/ericbutera/bike/strava-gateway/internal/worker/worker.go:577.3,578.1 1 0
github.com/ericbutera/bike/strava-gateway/internal/worker/worker.go:579.2,579.67 1 0
github.com/ericbutera/bike/strava-gateway/internal/worker/worker.go:580.3,581.1 1 0
github.com/ericbutera/bike/strava-gateway/internal/worker/worker.go:582.2,582.24 1 0
github.com/ericbutera/bike/strava-gateway/internal/worker/worker.go:586.2,587.45 2 0
github.com/ericbutera/bike/strava-gateway/internal/worker/worker.go:588.3,589.1 1 0
github.com/ericbutera/bike/strava-gateway/internal/worker/worker.go:590.2,590.16 1 0
github.com/ericbutera/bike/strava-gateway/internal/worker/worker.go:591.3,592.1 1 0
github.com/ericbutera/bike/strava-gateway/internal/worker/worker.go:593.2,593.77 1 0
github.com/ericbutera/bike/strava-gateway/internal/worker/worker.go:594.3,595.1 1 0
github.com/ericbutera/bike/strava-gateway/internal/worker/worker.go:596.2,596.47 1 0
github.com/ericbutera/bike/strava-gateway/internal/worker/worker.go:600.2,600.66 1 0
github.com/ericbutera/bike/strava-gateway/internal/worker/worker.go:601.3,602.1 1 0
github.com/ericbutera/bike/strava-gateway/internal/worker/worker.go:603.2,603.64 1 0
github.com/ericbutera/bike/strava-gateway/internal/worker/worker.go:607.2,607.26 1 0
github.com/ericbutera/bike/strava-gateway/internal/worker/worker.go:608.3,609.1 1 0
github.com/ericbutera/bike/strava-gateway/internal/worker/worker.go:610.2,610.23 1 0
github.com/ericbutera/bike/strava-gateway/internal/worker/worker.go:614.2,616.1 2 0
github.com/ericbutera/bike/strava-gateway/internal/worker/worker.go:619.2,620.65 2 0
github.com/ericbutera/bike/strava-gateway/internal/worker/worker.go:621.3,622.1 1 0
github.com/ericbutera/bike/strava-gateway/internal/worker/worker.go:623.2,623.19 1 0
github.com/ericbutera/bike/strava-gateway/internal/worker/worker.go:624.3,625.1 1 0
github.com/ericbutera/bike/strava-gateway/internal/worker/worker.go:626.2,627.25 2 0
github.com/ericbutera/bike/strava-gateway/internal/worker/worker.go:628.3,629.1 1 0
github.com/ericbutera/bike/strava-gateway/internal/worker/worker.go:630.2,630.80 1 0
github.com/ericbutera/bike/strava-gateway/cmd/admin/main.go:19.2,21.46 3 0
github.com/ericbutera/bike/strava-gateway/cmd/admin/main.go:22.3,23.1 1 0
github.com/ericbutera/bike/strava-gateway/cmd/admin/main.go:27.2,27.20 1 0
github.com/ericbutera/bike/strava-gateway/cmd/admin/main.go:28.3,29.1 1 0
github.com/ericbutera/bike/strava-gateway/cmd/admin/main.go:30.2,30.27 1 0
github.com/ericbutera/bike/strava-gateway/cmd/admin/main.go:31.3,31.21 1 0
github.com/ericbutera/bike/strava-gateway/cmd/admin/main.go:32.4,33.1 1 0
github.com/ericbutera/bike/strava-gateway/cmd/admin/main.go:34.3,35.17 2 0
github.com/ericbutera/bike/strava-gateway/cmd/admin/main.go:36.4,37.1 1 0
github.com/ericbutera/bike/strava-gateway/cmd/admin/main.go:38.3,39.17 2 0
github.com/ericbutera/bike/strava-gateway/cmd/admin/main.go:40.4,41.1 1 0
github.com/ericbutera/bike/strava-gateway/cmd/admin/main.go:42.3,43.13 2 0
github.com/ericbutera/bike/strava-gateway/cmd/admin/main.go:45.2,46.23 2 0
github.com/ericbutera/bike/strava-gateway/cmd/admin/main.go:47.3,48.1 1 0
github.com/ericbutera/bike/strava-gateway/cmd/admin/main.go:49.2,50.16 2 0
github.com/ericbutera/bike/strava-gateway/cmd/admin/main.go:51.3,52.1 1 0
github.com/ericbutera/bike/strava-gateway/cmd/admin/main.go:53.2,55.17 3 0
github.com/ericbutera/bike/strava-gateway/cmd/admin/main.go:57.3,57.21 1 0
github.com/ericbutera/bike/strava-gateway/cmd/admin/main.go:58.4,59.1 1 0
github.com/ericbutera/bike/strava-gateway/cmd/admin/main.go:60.3,61.17 2 0
github.com/ericbutera/bike/strava-gateway/cmd/admin/main.go:62.4,63.1 1 0
github.com/ericbutera/bike/strava-gateway/cmd/admin/main.go:64.3,64.31 1 0
github.com/ericbutera/bike/strava-gateway/cmd/admin/main.go:65.4,66.1 1 0
github.com/ericbutera/bike/strava-gateway/cmd/admin/main.go:67.3,67.13 1 0
github.com/ericbutera/bike/strava-gateway/cmd/admin/main.go:69.3,69.21 1 0
github.com/ericbutera/bike/strava-gateway/cmd/admin/main.go:70.4,71.1 1 0
github.com/ericbutera/bike/strava-gateway/cmd/admin/main.go:72.3,73.17 2 0
github.com/ericbutera/bike/strava-gateway/cmd/admin/main.go:74.4,75.1 1 0
github.com/ericbutera/bike/strava-gateway/cmd/admin/main.go:76.3,76.65 1 0
github.com/ericbutera/bike/strava-gateway/cmd/admin/main.go:77.4,78.1 1 0
github.com/ericbutera/bike/strava-gateway/cmd/admin/main.go:79.3,80.13 2 0
github.com/ericbutera/bike/strava-gateway/cmd/admin/main.go:82.3,82.21 1 0
github.com/ericbutera/bike/strava-gateway/cmd/admin/main.go:83.4,84.1 1 0
github.com/ericbutera/bike/strava-gateway/cmd/admin/main.go:85.3,86.17 2 0
github.com/ericbutera/bike/strava-gateway/cmd/admin/main.go:87.4,88.1 1 0
github.com/ericbutera/bike/strava-gateway/cmd/admin/main.go:89.3,89.49 1 0
github.com/ericbutera/bike/strava-gateway/cmd/admin/main.go:91.3,91.128 1 0
github.com/ericbutera/bike/strava-gateway/cmd/export_rust/main.go:18.2,20.46 3 0
github.com/ericbutera/bike/strava-gateway/cmd/export_rust/main.go:21.3,22.1 1 0
github.com/ericbutera/bike/strava-gateway/cmd/export_rust/main.go:26.2,27.44 2 0
github.com/ericbutera/bike/strava-gateway/cmd/export_rust/main.go:28.3,29.1 1 0
github.com/ericbutera/bike/strava-gateway/cmd/export_rust/main.go:29.9,29.27 1 0
github.com/ericbutera/bike/strava-gateway/cmd/export_rust/main.go:30.3,31.1 1 0
github.com/ericbutera/bike/strava-gateway/cmd/export_rust/main.go:32.2,32.77 1 0
github.com/ericbutera/bike/strava-gateway/cmd/export_rust/main.go:33.3,34.1 1 0
github.com/ericbutera/bike/strava-gateway/cmd/export_rust/main.go:35.2,36.16 2 0
github.com/ericbutera/bike/strava-gateway/cmd/export_rust/main.go:37.3,38.1 1 0
github.com/ericbutera/bike/strava-gateway/cmd/export_rust/main.go:39.2,40.16 2 0
github.com/ericbutera/bike/strava-gateway/cmd/export_rust/main.go:41.3,42.1 1 0
github.com/ericbutera/bike/strava-gateway/cmd/export_rust/main.go:43.2,45.16 3 0
github.com/ericbutera/bike/strava-gateway/cmd/export_rust/main.go:46.3,47.1 1 0
github.com/ericbutera/bike/strava-gateway/cmd/export_rust/main.go:48.2,51.16 4 0
github.com/ericbutera/bike/strava-gateway/cmd/export_rust/main.go:52.3,53.1 1 0
github.com/ericbutera/bike/strava-gateway/cmd/export_rust/main.go:54.2,56.18 3 0
github.com/ericbutera/bike/strava-gateway/cmd/export_rust/main.go:57.3,58.66 2 0
github.com/ericbutera/bike/strava-gateway/cmd/export_rust/main.go:59.4,61.1 2 0
github.com/ericbutera/bike/strava-gateway/cmd/export_rust/main.go:62.3,62.32 1 0
github.com/ericbutera/bike/strava-gateway/cmd/export_rust/main.go:64.2,66.16 3 0
github.com/ericbutera/bike/strava-gateway/cmd/export_rust/main.go:67.3,68.1 1 0
github.com/ericbutera/bike/strava-gateway/cmd/export_rust/main.go:69.2,69.22 1 0
github.com/ericbutera/bike/strava-gateway/cmd/export_rust/main.go:70.3,71.1 1 0
github.com/ericbutera/bike/strava-gateway/cmd/export_rust/main.go:72.2,75.1 3 0
github.com/ericbutera/bike/strava-gateway/cmd/export_rust/main.go:76.2,77.30 3 0
github.com/ericbutera/bike/strava-gateway/cmd/export_rust/main.go:78.3,79.17 2 0
github.com/ericbutera/bike/strava-gateway/cmd/export_rust/main.go:80.4,81.1 1 0
github.com/ericbutera/bike/strava-gateway/cmd/export_rust/main.go:82.3,82.33 1 0
github.com/ericbutera/bike/strava-gateway/cmd/export_rust/main.go:83.4,84.1 1 0
github.com/ericbutera/bike/strava-gateway/cmd/export_rust/main.go:85.3,86.17 2 0
github.com/ericbutera/bike/strava-gateway/cmd/export_rust/main.go:87.4,88.1 1 0
github.com/ericbutera/bike/strava-gateway/cmd/export_rust/main.go:89.3,89.62 1 0
github.com/ericbutera/bike/strava-gateway/cmd/export_rust/main.go:90.4,91.1 1 0
github.com/ericbutera/bike/strava-gateway/cmd/export_rust/main.go:92.3,92.71 1 0
github.com/ericbutera/bike/strava-gateway/cmd/export_rust/main.go:94.2,94.11 1 0
github.com/ericbutera/bike/strava-gateway/cmd/export_rust/main.go:95.3,97.17 3 0
github.com/ericbutera/bike/strava-gateway/cmd/export_rust/main.go:98.4,99.1 1 0
github.com/ericbutera/bike/strava-gateway/cmd/export_rust/main.go:100.3,100.16 1 0
github.com/ericbutera/bike/strava-gateway/cmd/export_rust/main.go:101.4,103.107 3 0
github.com/ericbutera/bike/strava-gateway/cmd/export_rust/main.go:104.5,105.1 1 0
github.com/ericbutera/bike/strava-gateway/cmd/export_rust/main.go:107.3,107.30 1 0
github.com/ericbutera/bike/strava-gateway/cmd/export_rust/main.go:108.4,113.18 2 0
github.com/ericbutera/bike/strava-gateway/cmd/export_rust/main.go:114.5,115.1 1 0
github.com/ericbutera/bike/strava-gateway/cmd/export_rust/main.go:116.4,116.34 1 0
github.com/ericbutera/bike/strava-gateway/cmd/export_rust/main.go:117.5,118.1 1 0
github.com/ericbutera/bike/strava-gateway/cmd/export_rust/main.go:120.3,120.40 1 0
github.com/ericbutera/bike/strava-gateway/cmd/export_rust/main.go:121.4,122.1 1 0
github.com/ericbutera/bike/strava-gateway/cmd/export_rust/main.go:124.2,124.11 1 0
github.com/ericbutera/bike/strava-gateway/cmd/export_rust/main.go:125.3,126.1 1 0
github.com/ericbutera/bike/strava-gateway/cmd/export_rust/main.go:127.3,128.1 1 0
github.com/ericbutera/bike/strava-gateway/cmd/export_rust/main.go:129.2,129.12 1 0
github.com/ericbutera/bike/strava-gateway/cmd/gateway/main.go:32.2,33.16 2 0
github.com/ericbutera/bike/strava-gateway/cmd/gateway/main.go:34.3,35.1 1 0
github.com/ericbutera/bike/strava-gateway/cmd/gateway/main.go:37.2,39.16 3 0
github.com/ericbutera/bike/strava-gateway/cmd/gateway/main.go:40.3,41.1 1 0
github.com/ericbutera/bike/strava-gateway/cmd/gateway/main.go:42.2,43.39 2 0
github.com/ericbutera/bike/strava-gateway/cmd/gateway/main.go:44.3,45.1 1 0
github.com/ericbutera/bike/strava-gateway/cmd/gateway/main.go:46.2,50.16 5 0
github.com/ericbutera/bike/strava-gateway/cmd/gateway/main.go:51.3,52.1 1 0
github.com/ericbutera/bike/strava-gateway/cmd/gateway/main.go:53.2,53.15 1 0
github.com/ericbutera/bike/strava-gateway/cmd/gateway/main.go:54.3,56.58 3 0
github.com/ericbutera/bike/strava-gateway/cmd/gateway/main.go:57.4,58.1 1 0
github.com/ericbutera/bike/strava-gateway/cmd/gateway/main.go:60.2,65.16 6 0
github.com/ericbutera/bike/strava-gateway/cmd/gateway/main.go:66.3,67.1 1 0
github.com/ericbutera/bike/strava-gateway/cmd/gateway/main.go:68.2,70.16 3 0
github.com/ericbutera/bike/strava-gateway/cmd/gateway/main.go:71.3,72.1 1 0
github.com/ericbutera/bike/strava-gateway/cmd/gateway/main.go:73.2,74.50 2 0
github.com/ericbutera/bike/strava-gateway/cmd/gateway/main.go:75.3,76.1 1 0
github.com/ericbutera/bike/strava-gateway/cmd/gateway/main.go:77.2,84.1 2 0
github.com/ericbutera/bike/strava-gateway/cmd/gateway/main.go:85.2,85.43 2 0
github.com/ericbutera/bike/strava-gateway/cmd/gateway/main.go:86.3,87.1 1 0
github.com/ericbutera/bike/strava-gateway/cmd/gateway/main.go:88.2,101.1 9 0
github.com/ericbutera/bike/strava-gateway/cmd/gateway/main.go:102.2,106.16 9 0
github.com/ericbutera/bike/strava-gateway/cmd/gateway/main.go:107.3,108.1 1 0
github.com/ericbutera/bike/strava-gateway/cmd/gateway/main.go:109.2,114.12 3 0
github.com/ericbutera/bike/strava-gateway/cmd/gateway/main.go:115.3,115.56 1 0
github.com/ericbutera/bike/strava-gateway/cmd/gateway/main.go:116.4,117.1 1 0
github.com/ericbutera/bike/strava-gateway/cmd/gateway/main.go:119.2,120.74 2 0
github.com/ericbutera/bike/strava-gateway/cmd/gateway/main.go:120.76,120.106 1 0
github.com/ericbutera/bike/strava-gateway/cmd/gateway/main.go:121.2,121.73 1 0
github.com/ericbutera/bike/strava-gateway/cmd/gateway/main.go:122.3,124.40 3 0
github.com/ericbutera/bike/strava-gateway/cmd/gateway/main.go:125.4,127.1 2 0
github.com/ericbutera/bike/strava-gateway/cmd/gateway/main.go:128.3,128.31 1 0
github.com/ericbutera/bike/strava-gateway/cmd/gateway/main.go:130.2,131.16 2 0
github.com/ericbutera/bike/strava-gateway/cmd/gateway/main.go:132.3,133.1 1 0
github.com/ericbutera/bike/strava-gateway/cmd/gateway/main.go:134.2,136.57 1 0
github.com/ericbutera/bike/strava-gateway/cmd/gateway/main.go:137.5,138.1 1 0
github.com/ericbutera/bike/strava-gateway/cmd/gateway/main.go:141.2,142.23 2 0
github.com/ericbutera/bike/strava-gateway/cmd/gateway/main.go:143.3,144.1 1 0
github.com/ericbutera/bike/strava-gateway/cmd/gateway/main.go:145.2,147.12 3 0
github.com/ericbutera/bike/strava-gateway/cmd/gateway/main.go:147.14,147.69 1 0
github.com/ericbutera/bike/strava-gateway/cmd/gateway/main.go:148.2,148.15 1 0
github.com/ericbutera/bike/strava-gateway/cmd/gateway/main.go:149.3,151.65 3 0
github.com/ericbutera/bike/strava-gateway/cmd/gateway/main.go:152.4,153.1 1 0
github.com/ericbutera/bike/strava-gateway/cmd/gateway/main.go:155.2,157.12 3 0
github.com/ericbutera/bike/strava-gateway/cmd/gateway/main.go:157.14,157.55 1 0
github.com/ericbutera/bike/strava-gateway/cmd/gateway/main.go:158.2,158.9 1 0
github.com/ericbutera/bike/strava-gateway/cmd/gateway/main.go:160.3,160.58 1 0
github.com/ericbutera/bike/strava-gateway/cmd/gateway/main.go:161.4,162.1 1 0
github.com/ericbutera/bike/strava-gateway/cmd/gateway/main.go:164.3,164.58 1 0
github.com/ericbutera/bike/strava-gateway/cmd/gateway/main.go:165.4,166.1 1 0
github.com/ericbutera/bike/strava-gateway/cmd/gateway/main.go:168.3,170.58 3 0
github.com/ericbutera/bike/strava-gateway/cmd/gateway/main.go:171.4,172.1 1 0
github.com/ericbutera/bike/strava-gateway/cmd/gateway/main.go:177.2,178.17 2 0
github.com/ericbutera/bike/strava-gateway/cmd/gateway/main.go:179.3,180.1 1 0
github.com/ericbutera/bike/strava-gateway/cmd/gateway/main.go:181.2,181.14 1 0
github.com/ericbutera/bike/strava-gateway/cmd/import_rust/main.go:24.2,26.46 3 0
github.com/ericbutera/bike/strava-gateway/cmd/import_rust/main.go:27.3,28.1 1 0
github.com/ericbutera/bike/strava-gateway/cmd/import_rust/main.go:32.2,34.44 3 0
github.com/ericbutera/bike/strava-gateway/cmd/import_rust/main.go:35.3,36.1 1 0
github.com/ericbutera/bike/strava-gateway/cmd/import_rust/main.go:36.9,36.84 1 0
github.com/ericbutera/bike/strava-gateway/cmd/import_rust/main.go:37.3,39.1 2 0
github.com/ericbutera/bike/strava-gateway/cmd/import_rust/main.go:39.9,39.27 1 0
github.com/ericbutera/bike/strava-gateway/cmd/import_rust/main.go:40.3,41.1 1 0
github.com/ericbutera/bike/strava-gateway/cmd/import_rust/main.go:42.2,43.19 2 0
github.com/ericbutera/bike/strava-gateway/cmd/import_rust/main.go:44.3,45.1 1 0
github.com/ericbutera/bike/strava-gateway/cmd/import_rust/main.go:46.2,47.16 2 0
github.com/ericbutera/bike/strava-gateway/cmd/import_rust/main.go:48.3,49.1 1 0
github.com/ericbutera/bike/strava-gateway/cmd/import_rust/main.go:50.2,52.16 3 0
github.com/ericbutera/bike/strava-gateway/cmd/import_rust/main.go:53.3,54.1 1 0
github.com/ericbutera/bike/strava-gateway/cmd/import_rust/main.go:55.2,55.12 1 0
github.com/ericbutera/bike/strava-gateway/cmd/import_rust/main.go:56.3,58.1 2 0
github.com/ericbutera/bike/strava-gateway/cmd/import_rust/main.go:59.2,59.27 1 0
github.com/ericbutera/bike/strava-gateway/cmd/import_rust/main.go:60.3,61.1 1 0
github.com/ericbutera/bike/strava-gateway/cmd/import_rust/main.go:62.2,63.22 2 0
github.com/ericbutera/bike/strava-gateway/cmd/import_rust/main.go:64.3,65.1 1 0
github.com/ericbutera/bike/strava-gateway/cmd/import_rust/main.go:66.2,67.16 2 0
github.com/ericbutera/bike/strava-gateway/cmd/import_rust/main.go:68.3,69.1 1 0
github.com/ericbutera/bike/strava-gateway/cmd/import_rust/main.go:70.2,71.16 2 0
github.com/ericbutera/bike/strava-gateway/cmd/import_rust/main.go:72.3,73.1 1 0
github.com/ericbutera/bike/strava-gateway/cmd/import_rust/main.go:74.2,77.35 4 0
github.com/ericbutera/bike/strava-gateway/cmd/import_rust/main.go:78.3,79.17 2 0
github.com/ericbutera/bike/strava-gateway/cmd/import_rust/main.go:80.4,81.1 1 0
github.com/ericbutera/bike/strava-gateway/cmd/import_rust/main.go:82.3,82.14 1 0
github.com/ericbutera/bike/strava-gateway/cmd/import_rust/main.go:83.4,84.1 1 0
github.com/ericbutera/bike/strava-gateway/cmd/import_rust/main.go:86.2,88.12 2 0
github.com/ericbutera/bike/strava-gateway/cmd/import_rust/main.go:92.2,95.16 2 0
github.com/ericbutera/bike/strava-gateway/cmd/import_rust/main.go:96.3,97.1 1 0
github.com/ericbutera/bike/strava-gateway/cmd/import_rust/main.go:98.2,100.18 3 0
github.com/ericbutera/bike/strava-gateway/cmd/import_rust/main.go:101.3,105.44 3 0
github.com/ericbutera/bike/strava-gateway/cmd/import_rust/main.go:106.4,107.1 1 0
github.com/ericbutera/bike/strava-gateway/cmd/import_rust/main.go:108.3,108.81 1 0
github.com/ericbutera/bike/strava-gateway/cmd/import_rust/main.go:109.4,110.1 1 0
github.com/ericbutera/bike/strava-gateway/cmd/import_rust/main.go:111.3,111.68 1 0
github.com/ericbutera/bike/strava-gateway/cmd/import_rust/main.go:112.4,113.1 1 0
github.com/ericbutera/bike/strava-gateway/cmd/import_rust/main.go:114.3,114.32 1 0
github.com/ericbutera/bike/strava-gateway/cmd/import_rust/main.go:116.2,116.27 1 0
github.com/ericbutera/bike/strava-gateway/cmd/migrate/main.go:13.2,14.23 2 0
github.com/ericbutera/bike/strava-gateway/cmd/migrate/main.go:15.3,16.1 1 0
github.com/ericbutera/bike/strava-gateway/cmd/migrate/main.go:17.2,19.58 3 0
github.com/ericbutera/bike/strava-gateway/cmd/migrate/main.go:20.3,21.1 1 0
github.com/ericbutera/bike/strava-gateway/cmd/worker/main.go:25.2,26.16 2 0
github.com/ericbutera/bike/strava-gateway/cmd/worker/main.go:27.3,28.1 1 0
github.com/ericbutera/bike/strava-gateway/cmd/worker/main.go:30.2,31.16 2 0
github.com/ericbutera/bike/strava-gateway/cmd/worker/main.go:32.3,33.1 1 0
github.com/ericbutera/bike/strava-gateway/cmd/worker/main.go:34.2,38.16 5 0
github.com/ericbutera/bike/strava-gateway/cmd/worker/main.go:39.3,40.1 1 0
github.com/ericbutera/bike/strava-gateway/cmd/worker/main.go:41.2,41.15 1 0
github.com/ericbutera/bike/strava-gateway/cmd/worker/main.go:42.3,44.58 3 0
github.com/ericbutera/bike/strava-gateway/cmd/worker/main.go:45.4,46.1 1 0
github.com/ericbutera/bike/strava-gateway/cmd/worker/main.go:48.2,51.16 4 0
github.com/ericbutera/bike/strava-gateway/cmd/worker/main.go:52.3,53.1 1 0
github.com/ericbutera/bike/strava-gateway/cmd/worker/main.go:54.2,56.16 3 0
github.com/ericbutera/bike/strava-gateway/cmd/worker/main.go:57.3,58.1 1 0
github.com/ericbutera/bike/strava-gateway/cmd/worker/main.go:59.2,60.39 2 0
github.com/ericbutera/bike/strava-gateway/cmd/worker/main.go:61.3,62.1 1 0
github.com/ericbutera/bike/strava-gateway/cmd/worker/main.go:63.2,77.1 3 0
github.com/ericbutera/bike/strava-gateway/cmd/worker/main.go:78.2,79.23 3 0
github.com/ericbutera/bike/strava-gateway/cmd/worker/main.go:80.3,81.1 1 0
github.com/ericbutera/bike/strava-gateway/cmd/worker/main.go:82.2,84.12 3 0
github.com/ericbutera/bike/strava-gateway/cmd/worker/main.go:84.14,84.69 1 0
github.com/ericbutera/bike/strava-gateway/cmd/worker/main.go:85.2,85.15 1 0
github.com/ericbutera/bike/strava-gateway/cmd/worker/main.go:86.3,88.65 3 0
github.com/ericbutera/bike/strava-gateway/cmd/worker/main.go:89.4,90.1 1 0
github.com/ericbutera/bike/strava-gateway/cmd/worker/main.go:92.2,92.23 1 0
github.com/ericbutera/bike/strava-gateway/cmd/worker/main.go:93.3,93.10 1 0
github.com/ericbutera/bike/strava-gateway/cmd/worker/main.go:95.4,95.45 1 0
github.com/ericbutera/bike/strava-gateway/cmd/worker/main.go:96.5,98.1 2 0
github.com/ericbutera/bike/strava-gateway/cmd/worker/main.go:99.11,99.11 0 0
github.com/ericbutera/bike/strava-gateway/cmd/worker/main.go:101.3,101.42 1 0
github.com/ericbutera/bike/strava-gateway/cmd/worker/main.go:102.4,103.11 2 0
github.com/ericbutera/bike/strava-gateway/cmd/worker/main.go:104.22,104.22 0 0
github.com/ericbutera/bike/strava-gateway/cmd/worker/main.go:105.39,105.39 0 0
github.com/ericbutera/bike/strava-gateway/cmd/worker/main.go:112.2,113.17 2 0
github.com/ericbutera/bike/strava-gateway/cmd/worker/main.go:114.3,115.1 1 0
github.com/ericbutera/bike/strava-gateway/cmd/worker/main.go:116.2,116.14 1 0
github.com/ericbutera/bike/strava-gateway/internal/oauth/grpc.go:29.2,30.45 2 0
github.com/ericbutera/bike/strava-gateway/internal/oauth/grpc.go:31.3,32.1 1 0
github.com/ericbutera/bike/strava-gateway/internal/oauth/grpc.go:33.2,34.97 2 0
github.com/ericbutera/bike/strava-gateway/internal/oauth/grpc.go:35.3,36.1 1 0
github.com/ericbutera/bike/strava-gateway/internal/oauth/grpc.go:37.2,39.16 3 0
github.com/ericbutera/bike/strava-gateway/internal/oauth/grpc.go:40.3,41.1 1 0
github.com/ericbutera/bike/strava-gateway/internal/oauth/grpc.go:42.2,43.31 2 0
github.com/ericbutera/bike/strava-gateway/internal/oauth/grpc.go:44.3,45.1 1 0
github.com/ericbutera/bike/strava-gateway/internal/oauth/grpc.go:46.2,46.64 1 0
github.com/ericbutera/bike/strava-gateway/internal/oauth/grpc.go:47.3,48.1 1 0
github.com/ericbutera/bike/strava-gateway/internal/oauth/grpc.go:49.2,50.48 2 0
github.com/ericbutera/bike/strava-gateway/internal/oauth/grpc.go:51.3,52.1 1 0
github.com/ericbutera/bike/strava-gateway/internal/oauth/grpc.go:53.2,55.41 3 0
github.com/ericbutera/bike/strava-gateway/internal/oauth/grpc.go:56.3,57.1 1 0
github.com/ericbutera/bike/strava-gateway/internal/oauth/grpc.go:58.2,58.12 1 0
github.com/ericbutera/bike/strava-gateway/internal/oauth/grpc.go:62.2,63.65 1 0
github.com/ericbutera/bike/strava-gateway/internal/oauth/grpc.go:64.3,65.1 1 0
github.com/ericbutera/bike/strava-gateway/internal/oauth/grpc.go:66.2,67.49 2 0
github.com/ericbutera/bike/strava-gateway/internal/oauth/grpc.go:68.3,69.1 1 0
github.com/ericbutera/bike/strava-gateway/internal/oauth/grpc.go:70.2,75.17 4 0
github.com/ericbutera/bike/strava-gateway/internal/oauth/grpc.go:76.3,77.1 1 0
github.com/ericbutera/bike/strava-gateway/internal/oauth/grpc.go:78.2,80.8 1 0
github.com/ericbutera/bike/strava-gateway/internal/oauth/grpc.go:84.2,85.65 1 0
github.com/ericbutera/bike/strava-gateway/internal/oauth/grpc.go:86.3,87.1 1 0
github.com/ericbutera/bike/strava-gateway/internal/oauth/grpc.go:88.2,91.45 4 0
github.com/ericbutera/bike/strava-gateway/internal/oauth/grpc.go:92.3,93.1 1 0
github.com/ericbutera/bike/strava-gateway/internal/oauth/grpc.go:94.2,94.16 1 0
github.com/ericbutera/bike/strava-gateway/internal/oauth/grpc.go:95.3,96.1 1 0
github.com/ericbutera/bike/strava-gateway/internal/oauth/grpc.go:97.2,98.16 2 0
github.com/ericbutera/bike/strava-gateway/internal/oauth/grpc.go:99.3,100.1 1 0
github.com/ericbutera/bike/strava-gateway/internal/oauth/grpc.go:101.2,102.16 2 0
github.com/ericbutera/bike/strava-gateway/internal/oauth/grpc.go:103.3,104.1 1 0
github.com/ericbutera/bike/strava-gateway/internal/oauth/grpc.go:105.2,109.1 2 0
github.com/ericbutera/bike/strava-gateway/internal/oauth/grpc.go:110.2,110.37 2 0
github.com/ericbutera/bike/strava-gateway/internal/oauth/grpc.go:111.3,113.1 2 0
github.com/ericbutera/bike/strava-gateway/internal/oauth/grpc.go:114.2,114.22 1 0
github.com/ericbutera/bike/strava-gateway/internal/oauth/grpc.go:118.2,119.80 1 0
github.com/ericbutera/bike/strava-gateway/internal/oauth/grpc.go:120.3,121.1 1 0
github.com/ericbutera/bike/strava-gateway/internal/oauth/grpc.go:122.2,122.105 1 0
github.com/ericbutera/bike/strava-gateway/internal/oauth/grpc.go:123.3,124.1 1 0
github.com/ericbutera/bike/strava-gateway/internal/oauth/grpc.go:125.2,128.45 4 0
github.com/ericbutera/bike/strava-gateway/internal/oauth/grpc.go:129.3,130.1 1 0
github.com/ericbutera/bike/strava-gateway/internal/oauth/grpc.go:131.2,131.83 1 0
github.com/ericbutera/bike/strava-gateway/internal/oauth/grpc.go:132.3,133.1 1 0
github.com/ericbutera/bike/strava-gateway/internal/oauth/grpc.go:134.2,134.57 1 0
github.com/ericbutera/bike/strava-gateway/internal/oauth/grpc.go:138.2,139.65 1 0
github.com/ericbutera/bike/strava-gateway/internal/oauth/grpc.go:140.3,141.1 1 0
github.com/ericbutera/bike/strava-gateway/internal/oauth/grpc.go:142.2,145.45 4 0
github.com/ericbutera/bike/strava-gateway/internal/oauth/grpc.go:146.3,147.1 1 0
github.com/ericbutera/bike/strava-gateway/internal/oauth/grpc.go:148.2,148.76 1 0
github.com/ericbutera/bike/strava-gateway/internal/oauth/grpc.go:149.3,150.1 1 0
github.com/ericbutera/bike/strava-gateway/internal/oauth/grpc.go:151.2,151.63 1 0
github.com/ericbutera/bike/strava-gateway/internal/oauth/handler.go:45.2,50.1 5 0
github.com/ericbutera/bike/strava-gateway/internal/oauth/handler.go:53.2,54.9 2 0
github.com/ericbutera/bike/strava-gateway/internal/oauth/handler.go:55.3,56.1 1 0
github.com/ericbutera/bike/strava-gateway/internal/oauth/handler.go:57.2,60.45 4 0
github.com/ericbutera/bike/strava-gateway/internal/oauth/handler.go:61.3,68.1 2 0
github.com/ericbutera/bike/strava-gateway/internal/oauth/handler.go:69.2,69.16 1 0
github.com/ericbutera/bike/strava-gateway/internal/oauth/handler.go:70.3,72.1 2 0
github.com/ericbutera/bike/strava-gateway/internal/oauth/handler.go:73.2,74.16 2 0
github.com/ericbutera/bike/strava-gateway/internal/oauth/handler.go:75.3,77.1 2 0
github.com/ericbutera/bike/strava-gateway/internal/oauth/handler.go:78.2,79.16 2 0
github.com/ericbutera/bike/strava-gateway/internal/oauth/handler.go:80.3,82.1 2 0
github.com/ericbutera/bike/strava-gateway/internal/oauth/handler.go:83.2,90.4 1 0
github.com/ericbutera/bike/strava-gateway/internal/oauth/handler.go:94.2,95.9 2 0
github.com/ericbutera/bike/strava-gateway/internal/oauth/handler.go:96.3,97.1 1 0
github.com/ericbutera/bike/strava-gateway/internal/oauth/handler.go:98.2,98.84 1 0
github.com/ericbutera/bike/strava-gateway/internal/oauth/handler.go:99.3,101.1 2 0
github.com/ericbutera/bike/strava-gateway/internal/oauth/handler.go:102.2,105.45 4 0
github.com/ericbutera/bike/strava-gateway/internal/oauth/handler.go:106.3,108.1 2 0
github.com/ericbutera/bike/strava-gateway/internal/oauth/handler.go:109.2,109.69 1 0
github.com/ericbutera/bike/strava-gateway/internal/oauth/handler.go:110.3,112.1 2 0
github.com/ericbutera/bike/strava-gateway/internal/oauth/handler.go:113.2,113.53 1 0
github.com/ericbutera/bike/strava-gateway/internal/oauth/handler.go:117.2,118.9 2 0
github.com/ericbutera/bike/strava-gateway/internal/oauth/handler.go:119.3,120.1 1 0
github.com/ericbutera/bike/strava-gateway/internal/oauth/handler.go:121.2,124.45 4 0
github.com/ericbutera/bike/strava-gateway/internal/oauth/handler.go:125.3,127.1 2 0
github.com/ericbutera/bike/strava-gateway/internal/oauth/handler.go:128.2,128.69 1 0
github.com/ericbutera/bike/strava-gateway/internal/oauth/handler.go:129.3,131.1 2 0
github.com/ericbutera/bike/strava-gateway/internal/oauth/handler.go:132.2,132.59 1 0
github.com/ericbutera/bike/strava-gateway/internal/oauth/handler.go:136.2,137.16 2 0
github.com/ericbutera/bike/strava-gateway/internal/oauth/handler.go:138.3,140.1 2 0
github.com/ericbutera/bike/strava-gateway/internal/oauth/handler.go:141.2,142.78 2 0
github.com/ericbutera/bike/strava-gateway/internal/oauth/handler.go:143.3,145.1 2 0
github.com/ericbutera/bike/strava-gateway/internal/oauth/handler.go:146.2,147.87 2 0
github.com/ericbutera/bike/strava-gateway/internal/oauth/handler.go:148.3,150.1 2 0
github.com/ericbutera/bike/strava-gateway/internal/oauth/handler.go:151.2,151.20 1 0
github.com/ericbutera/bike/strava-gateway/internal/oauth/handler.go:155.2,157.1 2 0
github.com/ericbutera/bike/strava-gateway/internal/oauth/handler.go:160.2,161.16 2 0
github.com/ericbutera/bike/strava-gateway/internal/oauth/handler.go:162.3,164.1 2 0
github.com/ericbutera/bike/strava-gateway/internal/oauth/handler.go:165.2,166.78 2 0
github.com/ericbutera/bike/strava-gateway/internal/oauth/handler.go:167.3,169.1 2 0
github.com/ericbutera/bike/strava-gateway/internal/oauth/handler.go:170.2,172.53 2 0
github.com/ericbutera/bike/strava-gateway/internal/oauth/handler.go:173.3,175.1 2 0
github.com/ericbutera/bike/strava-gateway/internal/oauth/handler.go:176.2,177.49 2 0
github.com/ericbutera/bike/strava-gateway/internal/oauth/handler.go:178.3,180.1 2 0
github.com/ericbutera/bike/strava-gateway/internal/oauth/handler.go:181.2,186.17 4 0
github.com/ericbutera/bike/strava-gateway/internal/oauth/handler.go:187.3,189.1 2 0
github.com/ericbutera/bike/strava-gateway/internal/oauth/handler.go:190.2,193.4 2 0
github.com/ericbutera/bike/strava-gateway/internal/oauth/handler.go:197.2,199.17 3 0
github.com/ericbutera/bike/strava-gateway/internal/oauth/handler.go:200.3,202.1 2 0
github.com/ericbutera/bike/strava-gateway/internal/oauth/handler.go:203.2,206.16 4 0
github.com/ericbutera/bike/strava-gateway/internal/oauth/handler.go:207.3,209.1 2 0
github.com/ericbutera/bike/strava-gateway/internal/oauth/handler.go:210.2,211.13 2 0
github.com/ericbutera/bike/strava-gateway/internal/oauth/handler.go:212.3,214.1 2 0
github.com/ericbutera/bike/strava-gateway/internal/oauth/handler.go:215.2,216.52 2 0
github.com/ericbutera/bike/strava-gateway/internal/oauth/handler.go:217.3,217.59 1 0
github.com/ericbutera/bike/strava-gateway/internal/oauth/handler.go:218.4,219.1 1 0
github.com/ericbutera/bike/strava-gateway/internal/oauth/handler.go:221.2,222.49 2 0
github.com/ericbutera/bike/strava-gateway/internal/oauth/handler.go:223.3,225.1 2 0
github.com/ericbutera/bike/strava-gateway/internal/oauth/handler.go:226.2,229.64 4 0
github.com/ericbutera/bike/strava-gateway/internal/oauth/handler.go:233.2,233.60 1 0
github.com/ericbutera/bike/strava-gateway/internal/oauth/handler.go:234.3,235.1 1 0
github.com/ericbutera/bike/strava-gateway/internal/oauth/handler.go:235.9,235.30 1 0
github.com/ericbutera/bike/strava-gateway/internal/oauth/handler.go:236.3,237.1 1 0
github.com/ericbutera/bike/strava-gateway/internal/oauth/handler.go:238.2,239.89 2 0
github.com/ericbutera/bike/strava-gateway/internal/oauth/handler.go:240.3,241.1 1 0
github.com/ericbutera/bike/strava-gateway/internal/oauth/handler.go:242.2,242.16 1 0
github.com/ericbutera/bike/strava-gateway/internal/oauth/handler.go:243.3,244.1 1 0
github.com/ericbutera/bike/strava-gateway/internal/oauth/handler.go:245.2,245.80 1 0
github.com/ericbutera/bike/strava-gateway/internal/oauth/handler.go:246.3,247.1 1 0
github.com/ericbutera/bike/strava-gateway/internal/oauth/handler.go:248.2,249.20 2 0
github.com/ericbutera/bike/strava-gateway/internal/oauth/handler.go:250.3,250.61 1 0
github.com/ericbutera/bike/strava-gateway/internal/oauth/handler.go:251.4,252.1 1 0
github.com/ericbutera/bike/strava-gateway/internal/oauth/handler.go:252.10,252.31 1 0
github.com/ericbutera/bike/strava-gateway/internal/oauth/handler.go:253.4,254.1 1 0
github.com/ericbutera/bike/strava-gateway/internal/oauth/handler.go:255.3,257.97 3 0
github.com/ericbutera/bike/strava-gateway/internal/oauth/handler.go:258.4,259.1 1 0
github.com/ericbutera/bike/strava-gateway/internal/oauth/handler.go:260.3,260.17 1 0
github.com/ericbutera/bike/strava-gateway/internal/oauth/handler.go:261.4,262.1 1 0
github.com/ericbutera/bike/strava-gateway/internal/oauth/handler.go:264.2,268.17 1 0
github.com/ericbutera/bike/strava-gateway/internal/oauth/handler.go:269.3,270.1 1 0
github.com/ericbutera/bike/strava-gateway/internal/oauth/handler.go:271.2,273.1 2 0
github.com/ericbutera/bike/strava-gateway/internal/oauth/handler.go:274.2,274.60 2 0
github.com/ericbutera/bike/strava-gateway/internal/oauth/handler.go:275.3,276.1 1 0
github.com/ericbutera/bike/strava-gateway/internal/oauth/handler.go:277.2,277.50 1 0
github.com/ericbutera/bike/strava-gateway/internal/oauth/handler.go:281.2,283.48 3 0
github.com/ericbutera/bike/strava-gateway/internal/oauth/handler.go:284.3,285.1 1 0
github.com/ericbutera/bike/strava-gateway/internal/oauth/handler.go:286.2,287.16 2 0
github.com/ericbutera/bike/strava-gateway/internal/oauth/handler.go:288.3,289.1 1 0
github.com/ericbutera/bike/strava-gateway/internal/oauth/handler.go:290.2,291.24 2 0
github.com/ericbutera/bike/strava-gateway/internal/oauth/handler.go:292.3,293.1 1 0
github.com/ericbutera/bike/strava-gateway/internal/oauth/handler.go:294.2,294.64 1 0
github.com/ericbutera/bike/strava-gateway/internal/oauth/handler.go:295.3,296.1 1 0
github.com/ericbutera/bike/strava-gateway/internal/oauth/handler.go:297.2,300.43 4 0
github.com/ericbutera/bike/strava-gateway/internal/observability/logger.go:11.2,11.19 1 2
github.com/ericbutera/bike/strava-gateway/internal/observability/logger.go:12.3,13.1 1 0
github.com/ericbutera/bike/strava-gateway/internal/observability/logger.go:15.2,15.76 1 2
github.com/ericbutera/bike/strava-gateway/internal/observability/logger.go:19.2,20.28 2 1
github.com/ericbutera/bike/strava-gateway/internal/observability/logger.go:21.3,22.1 1 0
github.com/ericbutera/bike/strava-gateway/internal/observability/logger.go:24.2,27.3 1 1
github.com/ericbutera/bike/strava-gateway/internal/observability/metrics.go:54.2,90.1 6 1
github.com/ericbutera/bike/strava-gateway/internal/observability/metrics.go:91.2,103.1 6 1
github.com/ericbutera/bike/strava-gateway/internal/observability/metrics.go:106.2,107.1 1 0
github.com/ericbutera/bike/strava-gateway/internal/observability/metrics.go:110.2,110.82 1 2
github.com/ericbutera/bike/strava-gateway/internal/observability/metrics.go:111.3,111.104 1 2
github.com/ericbutera/bike/strava-gateway/internal/observability/metrics.go:112.4,114.1 2 0
github.com/ericbutera/bike/strava-gateway/internal/observability/metrics.go:115.3,118.27 4 2
github.com/ericbutera/bike/strava-gateway/internal/observability/metrics.go:119.4,120.1 1 0
github.com/ericbutera/bike/strava-gateway/internal/observability/metrics.go:121.3,122.18 2 2
github.com/ericbutera/bike/strava-gateway/internal/observability/metrics.go:123.4,124.1 1 0
github.com/ericbutera/bike/strava-gateway/internal/observability/metrics.go:125.3,127.74 3 2
github.com/ericbutera/bike/strava-gateway/internal/observability/metrics.go:128.4,130.29 3 2
github.com/ericbutera/bike/strava-gateway/internal/observability/metrics.go:131.5,132.1 1 2
github.com/ericbutera/bike/strava-gateway/internal/observability/metrics.go:133.4,138.1 2 2
github.com/ericbutera/bike/strava-gateway/internal/observability/metrics.go:139.4,139.57 2 2
github.com/ericbutera/bike/strava-gateway/internal/observability/metrics.go:140.5,141.1 1 1
github.com/ericbutera/bike/strava-gateway/internal/observability/metrics.go:141.11,141.55 1 1
github.com/ericbutera/bike/strava-gateway/internal/observability/metrics.go:142.5,143.1 1 1
github.com/ericbutera/bike/strava-gateway/internal/observability/metrics.go:144.5,145.1 1 0
github.com/ericbutera/bike/strava-gateway/internal/observability/metrics.go:151.2,157.1 6 0
github.com/ericbutera/bike/strava-gateway/internal/observability/metrics.go:160.2,161.17 2 2
github.com/ericbutera/bike/strava-gateway/internal/observability/metrics.go:162.3,163.1 1 0
github.com/ericbutera/bike/strava-gateway/internal/observability/metrics.go:164.2,166.77 3 2
github.com/ericbutera/bike/strava-gateway/internal/observability/metrics.go:170.2,174.1 4 0
github.com/ericbutera/bike/strava-gateway/internal/observability/metrics.go:177.2,181.1 4 0
github.com/ericbutera/bike/strava-gateway/internal/observability/metrics.go:184.2,186.60 3 0
github.com/ericbutera/bike/strava-gateway/internal/observability/metrics.go:187.3,188.1 1 0
github.com/ericbutera/bike/strava-gateway/internal/observability/metrics.go:189.2,191.64 3 0
github.com/ericbutera/bike/strava-gateway/internal/observability/metrics.go:192.3,193.1 1 0
github.com/ericbutera/bike/strava-gateway/internal/observability/metrics.go:194.2,196.72 3 0
github.com/ericbutera/bike/strava-gateway/internal/observability/metrics.go:200.2,201.1 1 0
github.com/ericbutera/bike/strava-gateway/internal/observability/metrics.go:204.2,208.1 4 0
github.com/ericbutera/bike/strava-gateway/internal/observability/metrics.go:211.2,215.1 4 0
github.com/ericbutera/bike/strava-gateway/internal/observability/metrics.go:218.2,218.16 1 0
github.com/ericbutera/bike/strava-gateway/internal/observability/metrics.go:219.3,220.1 1 0
github.com/ericbutera/bike/strava-gateway/internal/observability/metrics.go:221.2,222.70 2 0
github.com/ericbutera/bike/strava-gateway/internal/observability/metrics.go:226.2,228.1 2 0
github.com/ericbutera/bike/strava-gateway/internal/observability/metrics.go:231.2,232.1 1 0
github.com/ericbutera/bike/strava-gateway/internal/observability/metrics.go:235.2,240.1 5 0
github.com/ericbutera/bike/strava-gateway/internal/observability/metrics.go:243.2,243.16 1 0
github.com/ericbutera/bike/strava-gateway/internal/observability/metrics.go:245.3,245.26 1 0
github.com/ericbutera/bike/strava-gateway/internal/observability/metrics.go:247.3,247.22 1 0
github.com/ericbutera/bike/strava-gateway/internal/observability/metrics.go:249.3,249.29 1 0
github.com/ericbutera/bike/strava-gateway/internal/observability/metrics.go:251.3,251.25 1 0
github.com/ericbutera/bike/strava-gateway/internal/observability/metrics.go:253.3,253.17 1 0
github.com/ericbutera/bike/strava-gateway/internal/observability/metrics.go:258.2,260.1 2 0
github.com/ericbutera/bike/strava-gateway/internal/observability/metrics.go:263.2,264.1 1 0
github.com/ericbutera/bike/strava-gateway/internal/observability/metrics.go:267.2,268.1 1 0
github.com/ericbutera/bike/strava-gateway/internal/observability/metrics.go:271.2,277.68 7 0
github.com/ericbutera/bike/strava-gateway/internal/observability/metrics.go:278.3,279.1 1 0
github.com/ericbutera/bike/strava-gateway/internal/observability/metrics.go:283.2,283.68 1 1
github.com/ericbutera/bike/strava-gateway/internal/observability/metrics.go:284.3,285.1 1 3
github.com/ericbutera/bike/strava-gateway/internal/observability/metrics.go:294.2,294.26 1 2
github.com/ericbutera/bike/strava-gateway/internal/observability/metrics.go:295.3,296.1 1 0
github.com/ericbutera/bike/strava-gateway/internal/observability/metrics.go:297.2,298.49 2 2
github.com/ericbutera/bike/strava-gateway/internal/observability/metrics.go:302.2,302.26 1 0
github.com/ericbutera/bike/strava-gateway/internal/observability/metrics.go:303.3,304.1 1 0
github.com/ericbutera/bike/strava-gateway/internal/observability/metrics.go:305.2,305.44 1 0
github.com/ericbutera/bike/strava-gateway/internal/observability/metrics.go:308.64,308.96 1 0
github.com/ericbutera/bike/strava-gateway/internal/observability/metrics.go:311.2,311.9 1 0
github.com/ericbutera/bike/strava-gateway/internal/observability/metrics.go:313.3,313.23 1 0
github.com/ericbutera/bike/strava-gateway/internal/observability/metrics.go:315.3,315.27 1 0
github.com/ericbutera/bike/strava-gateway/internal/observability/metrics.go:317.3,317.27 1 0
github.com/ericbutera/bike/strava-gateway/internal/observability/metrics.go:319.3,319.28 1 0
github.com/ericbutera/bike/strava-gateway/internal/observability/metrics.go:321.3,321.27 1 0
github.com/ericbutera/bike/strava-gateway/internal/observability/metrics.go:323.3,323.17 1 0
github.com/ericbutera/bike/strava-gateway/internal/observability/metrics.go:328.2,328.16 1 4
github.com/ericbutera/bike/strava-gateway/internal/observability/metrics.go:330.3,330.16 1 4
github.com/ericbutera/bike/strava-gateway/internal/observability/metrics.go:332.3,332.17 1 0
github.com/ericbutera/bike/strava-gateway/internal/observability/metrics.go:337.2,337.36 1 0
github.com/ericbutera/bike/strava-gateway/internal/observability/metrics.go:338.3,338.25 1 0
github.com/ericbutera/bike/strava-gateway/internal/observability/metrics.go:339.4,340.1 1 0
github.com/ericbutera/bike/strava-gateway/internal/observability/metrics.go:342.2,342.16 1 0
github.com/ericbutera/bike/strava-gateway/internal/observability/metrics.go:346.2,347.1 1 6
github.com/ericbutera/bike/strava-gateway/internal/observability/tracing.go:19.2,26.1 5 0
github.com/ericbutera/bike/strava-gateway/internal/observability/tracing.go:27.2,32.1 5 0
github.com/ericbutera/bike/strava-gateway/internal/observability/tracing.go:33.2,33.23 5 0
github.com/ericbutera/bike/strava-gateway/internal/observability/tracing.go:34.3,35.17 2 0
github.com/ericbutera/bike/strava-gateway/internal/observability/tracing.go:36.4,37.1 1 0
github.com/ericbutera/bike/strava-gateway/internal/observability/tracing.go:38.3,41.5 1 0
github.com/ericbutera/bike/strava-gateway/internal/observability/tracing.go:43.2,45.31 3 0
github.com/ericbutera/bike/strava-gateway/internal/observability/tracing.go:49.2,49.127 1 0
github.com/ericbutera/bike/strava-gateway/internal/observability/tracing.go:50.3,51.1 1 0
github.com/ericbutera/bike/strava-gateway/internal/observability/tracing.go:52.2,52.90 1 0
github.com/ericbutera/bike/strava-gateway/internal/observability/tracing.go:53.3,53.59 1 0
github.com/ericbutera/bike/strava-gateway/internal/observability/tracing.go:54.4,54.62 1 0
github.com/ericbutera/bike/strava-gateway/internal/observability/tracing.go:55.5,56.1 1 0
github.com/ericbutera/bike/strava-gateway/internal/observability/tracing.go:58.3,58.15 1 0
github.com/ericbutera/bike/strava-gateway/internal/observability/tracing.go:60.2,60.112 1 0
github.com/ericbutera/bike/strava-gateway/internal/observability/tracing.go:64.2,64.62 1 0
github.com/ericbutera/bike/strava-gateway/internal/observability/tracing.go:65.3,66.1 1 0
github.com/ericbutera/bike/strava-gateway/internal/observability/tracing.go:67.2,67.17 1 0
github.com/ericbutera/bike/strava-gateway/internal/observability/tracing.go:71.2,72.24 2 1
github.com/ericbutera/bike/strava-gateway/internal/observability/tracing.go:73.3,74.1 1 1
github.com/ericbutera/bike/strava-gateway/internal/observability/tracing.go:75.2,75.23 1 1
github.com/ericbutera/bike/strava-gateway/internal/observability/tracing.go:76.3,77.1 1 1
github.com/ericbutera/bike/strava-gateway/internal/observability/tracing.go:78.2,82.29 5 1
github.com/ericbutera/bike/strava-gateway/internal/observability/tracing.go:83.3,84.1 1 1
github.com/ericbutera/bike/strava-gateway/internal/observability/tracing.go:85.2,85.72 1 1
github.com/ericbutera/bike/strava-gateway/internal/provider/client.go:30.2,31.16 2 0
github.com/ericbutera/bike/strava-gateway/internal/provider/client.go:32.3,33.1 1 0
github.com/ericbutera/bike/strava-gateway/internal/provider/client.go:34.2,38.1 2 0
github.com/ericbutera/bike/strava-gateway/internal/provider/client.go:39.2,39.52 2 0
github.com/ericbutera/bike/strava-gateway/internal/provider/client.go:43.2,44.16 2 0
github.com/ericbutera/bike/strava-gateway/internal/provider/client.go:45.3,46.1 1 0
github.com/ericbutera/bike/strava-gateway/internal/provider/client.go:47.2,49.1 2 0
github.com/ericbutera/bike/strava-gateway/internal/provider/client.go:50.2,50.64 2 0
github.com/ericbutera/bike/strava-gateway/internal/provider/client.go:51.3,52.1 1 0
github.com/ericbutera/bike/strava-gateway/internal/provider/client.go:53.2,53.21 1 0
github.com/ericbutera/bike/strava-gateway/internal/provider/client.go:54.3,55.1 1 0
github.com/ericbutera/bike/strava-gateway/internal/provider/client.go:56.2,56.34 1 0
github.com/ericbutera/bike/strava-gateway/internal/provider/client.go:80.39,80.102 1 0
github.com/ericbutera/bike/strava-gateway/internal/provider/client.go:93.2,93.24 1 0
github.com/ericbutera/bike/strava-gateway/internal/provider/client.go:95.3,95.29 1 0
github.com/ericbutera/bike/strava-gateway/internal/provider/client.go:97.3,97.28 1 0
github.com/ericbutera/bike/strava-gateway/internal/provider/client.go:99.3,99.26 1 0
github.com/ericbutera/bike/strava-gateway/internal/provider/client.go:101.3,101.25 1 0
github.com/ericbutera/bike/strava-gateway/internal/provider/client.go:103.3,103.22 1 0
github.com/ericbutera/bike/strava-gateway/internal/provider/client.go:108.2,109.1 1 0
github.com/ericbutera/bike/strava-gateway/internal/provider/client.go:112.2,116.1 3 0
github.com/ericbutera/bike/strava-gateway/internal/provider/client.go:117.2,118.1 3 0
github.com/ericbutera/bike/strava-gateway/internal/provider/client.go:121.2,122.20 2 0
github.com/ericbutera/bike/strava-gateway/internal/provider/client.go:123.3,124.1 1 0
github.com/ericbutera/bike/strava-gateway/internal/provider/client.go:125.2,126.16 2 0
github.com/ericbutera/bike/strava-gateway/internal/provider/client.go:127.3,128.1 1 0
github.com/ericbutera/bike/strava-gateway/internal/provider/client.go:129.2,131.1 2 0
github.com/ericbutera/bike/strava-gateway/internal/provider/client.go:132.2,132.63 2 0
github.com/ericbutera/bike/strava-gateway/internal/provider/client.go:133.3,134.1 1 0
github.com/ericbutera/bike/strava-gateway/internal/provider/client.go:135.2,136.31 2 0
github.com/ericbutera/bike/strava-gateway/internal/provider/client.go:137.3,137.19 1 0
github.com/ericbutera/bike/strava-gateway/internal/provider/client.go:138.4,139.1 1 0
github.com/ericbutera/bike/strava-gateway/internal/provider/client.go:141.2,141.27 1 0
github.com/ericbutera/bike/strava-gateway/internal/provider/client.go:145.2,146.16 2 0
github.com/ericbutera/bike/strava-gateway/internal/provider/client.go:147.3,148.1 1 0
github.com/ericbutera/bike/strava-gateway/internal/provider/client.go:149.2,150.16 2 0
github.com/ericbutera/bike/strava-gateway/internal/provider/client.go:151.3,152.1 1 0
github.com/ericbutera/bike/strava-gateway/internal/provider/client.go:153.2,154.29 2 0
github.com/ericbutera/bike/strava-gateway/internal/provider/client.go:158.2,159.1 1 0
github.com/ericbutera/bike/strava-gateway/internal/provider/client.go:162.2,163.1 1 0
github.com/ericbutera/bike/strava-gateway/internal/provider/client.go:166.2,166.56 1 0
github.com/ericbutera/bike/strava-gateway/internal/provider/client.go:167.3,168.1 1 0
github.com/ericbutera/bike/strava-gateway/internal/provider/client.go:169.2,172.16 4 0
github.com/ericbutera/bike/strava-gateway/internal/provider/client.go:173.3,174.1 1 0
github.com/ericbutera/bike/strava-gateway/internal/provider/client.go:175.2,177.16 2 0
github.com/ericbutera/bike/strava-gateway/internal/provider/client.go:178.3,179.1 1 0
github.com/ericbutera/bike/strava-gateway/internal/provider/client.go:180.2,182.16 3 0
github.com/ericbutera/bike/strava-gateway/internal/provider/client.go:183.3,184.1 1 0
github.com/ericbutera/bike/strava-gateway/internal/provider/client.go:185.2,186.62 2 0
github.com/ericbutera/bike/strava-gateway/internal/provider/client.go:187.3,188.1 1 0
github.com/ericbutera/bike/strava-gateway/internal/provider/client.go:189.2,189.81 1 0
github.com/ericbutera/bike/strava-gateway/internal/provider/client.go:190.3,191.1 1 0
github.com/ericbutera/bike/strava-gateway/internal/provider/client.go:192.2,192.29 1 0
github.com/ericbutera/bike/strava-gateway/internal/provider/client.go:196.2,198.23 3 0
github.com/ericbutera/bike/strava-gateway/internal/provider/client.go:199.3,200.1 1 0
github.com/ericbutera/bike/strava-gateway/internal/provider/client.go:201.2,202.16 2 0
github.com/ericbutera/bike/strava-gateway/internal/provider/client.go:203.3,205.1 2 0
github.com/ericbutera/bike/strava-gateway/internal/provider/client.go:206.2,206.15 1 0
github.com/ericbutera/bike/strava-gateway/internal/provider/client.go:206.17,206.62 1 0
github.com/ericbutera/bike/strava-gateway/internal/provider/client.go:207.2,207.27 1 0
github.com/ericbutera/bike/strava-gateway/internal/provider/client.go:208.3,209.1 1 0
github.com/ericbutera/bike/strava-gateway/internal/provider/client.go:210.2,211.16 2 0
github.com/ericbutera/bike/strava-gateway/internal/provider/client.go:212.3,214.1 2 0
github.com/ericbutera/bike/strava-gateway/internal/provider/client.go:215.2,215.33 1 0
github.com/ericbutera/bike/strava-gateway/internal/provider/client.go:216.3,218.1 2 0
github.com/ericbutera/bike/strava-gateway/internal/provider/client.go:219.2,221.57 3 0
github.com/ericbutera/bike/strava-gateway/internal/provider/client.go:222.3,223.1 1 0
github.com/ericbutera/bike/strava-gateway/internal/provider/client.go:224.2,224.22 1 0
github.com/ericbutera/bike/strava-gateway/internal/provider/client.go:228.2,228.27 1 0
github.com/ericbutera/bike/strava-gateway/internal/provider/client.go:229.3,230.1 1 0
github.com/ericbutera/bike/strava-gateway/internal/provider/client.go:234.2,234.85 1 0
github.com/ericbutera/bike/strava-gateway/internal/provider/client.go:235.3,236.1 1 0
github.com/ericbutera/bike/strava-gateway/internal/provider/client.go:237.2,237.74 1 0
github.com/ericbutera/bike/strava-gateway/internal/provider/client.go:238.3,239.1 1 0
github.com/ericbutera/bike/strava-gateway/internal/provider/client.go:240.2,240.20 1 0
github.com/ericbutera/bike/strava-gateway/internal/provider/client.go:250.2,251.56 2 0
github.com/ericbutera/bike/strava-gateway/internal/provider/client.go:252.3,253.1 1 0
github.com/ericbutera/bike/strava-gateway/internal/provider/client.go:254.2,254.22 1 0
github.com/ericbutera/bike/strava-gateway/internal/provider/client.go:255.3,256.1 1 0
github.com/ericbutera/bike/strava-gateway/internal/provider/client.go:257.2,257.22 1 0
github.com/ericbutera/bike/strava-gateway/internal/provider/client.go:261.2,262.16 2 0
github.com/ericbutera/bike/strava-gateway/internal/provider/client.go:263.3,264.1 1 0
github.com/ericbutera/bike/strava-gateway/internal/provider/client.go:265.2,265.50 1 0
github.com/ericbutera/bike/strava-gateway/internal/provider/client.go:267.3,267.14 1 0
github.com/ericbutera/bike/strava-gateway/internal/provider/client.go:269.3,269.15 1 0
github.com/ericbutera/bike/strava-gateway/internal/provider/scopes.go:9.2,9.53 1 0
github.com/ericbutera/bike/strava-gateway/internal/provider/scopes.go:10.3,11.1 1 0
github.com/ericbutera/bike/strava-gateway/internal/provider/scopes.go:15.2,15.32 1 0
github.com/ericbutera/bike/strava-gateway/internal/provider/scopes.go:16.3,16.45 1 0
github.com/ericbutera/bike/strava-gateway/internal/provider/scopes.go:17.4,17.23 1 0
github.com/ericbutera/bike/strava-gateway/internal/provider/scopes.go:18.5,19.1 1 0
github.com/ericbutera/bike/strava-gateway/internal/provider/scopes.go:22.2,22.14 1 0
github.com/ericbutera/bike/strava-gateway/internal/secret/token.go:18.2,19.34 2 0
github.com/ericbutera/bike/strava-gateway/internal/secret/token.go:20.3,21.1 1 0
github.com/ericbutera/bike/strava-gateway/internal/secret/token.go:22.2,23.16 2 0
github.com/ericbutera/bike/strava-gateway/internal/secret/token.go:24.3,25.1 1 0
github.com/ericbutera/bike/strava-gateway/internal/secret/token.go:26.2,27.16 2 0
github.com/ericbutera/bike/strava-gateway/internal/secret/token.go:28.3,29.1 1 0
github.com/ericbutera/bike/strava-gateway/internal/secret/token.go:30.2,30.37 1 0
github.com/ericbutera/bike/strava-gateway/internal/secret/token.go:36.2,37.44 2 0
github.com/ericbutera/bike/strava-gateway/internal/secret/token.go:38.3,39.1 1 0
github.com/ericbutera/bike/strava-gateway/internal/secret/token.go:40.2,40.71 1 0
github.com/ericbutera/bike/strava-gateway/internal/secret/token.go:44.2,45.29 2 0
github.com/ericbutera/bike/strava-gateway/internal/secret/token.go:46.3,47.1 1 0
github.com/ericbutera/bike/strava-gateway/internal/secret/token.go:48.2,48.86 1 0
github.com/ericbutera/bike/strava-gateway/internal/storage/connections.go:29.2,30.16 2 0
github.com/ericbutera/bike/strava-gateway/internal/storage/connections.go:31.3,32.1 1 0
github.com/ericbutera/bike/strava-gateway/internal/storage/connections.go:33.2,40.12 2 0
github.com/ericbutera/bike/strava-gateway/internal/storage/connections.go:46.2,46.17 1 0
github.com/ericbutera/bike/strava-gateway/internal/storage/connections.go:47.3,48.1 1 0
github.com/ericbutera/bike/strava-gateway/internal/storage/connections.go:49.2,50.16 2 0
github.com/ericbutera/bike/strava-gateway/internal/storage/connections.go:51.3,52.1 1 0
github.com/ericbutera/bike/strava-gateway/internal/storage/connections.go:53.2,54.16 2 0
github.com/ericbutera/bike/strava-gateway/internal/storage/connections.go:55.3,56.1 1 0
github.com/ericbutera/bike/strava-gateway/internal/storage/connections.go:57.2,61.13 3 0
github.com/ericbutera/bike/strava-gateway/internal/storage/connections.go:62.3,66.1 1 0
github.com/ericbutera/bike/strava-gateway/internal/storage/connections.go:67.2,68.16 2 0
github.com/ericbutera/bike/strava-gateway/internal/storage/connections.go:69.3,70.1 1 0
github.com/ericbutera/bike/strava-gateway/internal/storage/connections.go:71.2,75.16 2 0
github.com/ericbutera/bike/strava-gateway/internal/storage/connections.go:76.3,77.1 1 0
github.com/ericbutera/bike/strava-gateway/internal/storage/connections.go:78.2,78.32 1 0
github.com/ericbutera/bike/strava-gateway/internal/storage/connections.go:79.3,80.1 1 0
github.com/ericbutera/bike/strava-gateway/internal/storage/connections.go:81.2,81.39 1 0
github.com/ericbutera/bike/strava-gateway/internal/storage/connections.go:82.3,83.1 1 0
github.com/ericbutera/bike/strava-gateway/internal/storage/connections.go:84.2,84.42 1 0
github.com/ericbutera/bike/strava-gateway/internal/storage/connections.go:88.2,88.105 1 0
github.com/ericbutera/bike/strava-gateway/internal/storage/connections.go:89.3,90.1 1 0
github.com/ericbutera/bike/strava-gateway/internal/storage/connections.go:91.2,95.16 2 0
github.com/ericbutera/bike/strava-gateway/internal/storage/connections.go:96.3,97.1 1 0
github.com/ericbutera/bike/strava-gateway/internal/storage/connections.go:98.2,99.20 2 0
github.com/ericbutera/bike/strava-gateway/internal/storage/connections.go:103.2,109.16 5 0
github.com/ericbutera/bike/strava-gateway/internal/storage/connections.go:110.3,111.1 1 0
github.com/ericbutera/bike/strava-gateway/internal/storage/connections.go:112.2,113.16 2 0
github.com/ericbutera/bike/strava-gateway/internal/storage/connections.go:114.3,115.1 1 0
github.com/ericbutera/bike/strava-gateway/internal/storage/connections.go:116.2,119.1 2 0
github.com/ericbutera/bike/strava-gateway/internal/storage/connections.go:120.2,120.55 2 0
github.com/ericbutera/bike/strava-gateway/internal/storage/connections.go:121.3,122.1 1 0
github.com/ericbutera/bike/strava-gateway/internal/storage/connections.go:123.2,124.18 2 0
github.com/ericbutera/bike/strava-gateway/internal/storage/connections.go:129.2,130.16 2 0
github.com/ericbutera/bike/strava-gateway/internal/storage/connections.go:131.3,132.1 1 0
github.com/ericbutera/bike/strava-gateway/internal/storage/connections.go:133.2,135.12 2 0
github.com/ericbutera/bike/strava-gateway/internal/storage/connections.go:145.2,145.70 1 0
github.com/ericbutera/bike/strava-gateway/internal/storage/connections.go:146.3,147.1 1 0
github.com/ericbutera/bike/strava-gateway/internal/storage/connections.go:148.2,153.16 2 0
github.com/ericbutera/bike/strava-gateway/internal/storage/connections.go:154.3,155.1 1 0
github.com/ericbutera/bike/strava-gateway/internal/storage/connections.go:156.2,156.33 1 0
github.com/ericbutera/bike/strava-gateway/internal/storage/connections.go:157.3,158.1 1 0
github.com/ericbutera/bike/strava-gateway/internal/storage/connections.go:159.2,159.12 1 0
github.com/ericbutera/bike/strava-gateway/internal/storage/connections.go:163.2,167.35 4 0
github.com/ericbutera/bike/strava-gateway/internal/storage/connections.go:168.3,169.1 1 0
github.com/ericbutera/bike/strava-gateway/internal/storage/connections.go:170.2,170.18 1 0
github.com/ericbutera/bike/strava-gateway/internal/storage/connections.go:174.2,178.35 4 0
github.com/ericbutera/bike/strava-gateway/internal/storage/connections.go:179.3,180.1 1 0
github.com/ericbutera/bike/strava-gateway/internal/storage/connections.go:181.2,181.18 1 0
github.com/ericbutera/bike/strava-gateway/internal/storage/connections.go:185.2,186.16 2 0
github.com/ericbutera/bike/strava-gateway/internal/storage/connections.go:187.3,188.1 1 0
github.com/ericbutera/bike/strava-gateway/internal/storage/connections.go:189.2,193.16 3 0
github.com/ericbutera/bike/strava-gateway/internal/storage/connections.go:194.3,195.1 1 0
github.com/ericbutera/bike/strava-gateway/internal/storage/connections.go:196.2,196.33 1 0
github.com/ericbutera/bike/strava-gateway/internal/storage/connections.go:197.3,198.1 1 0
github.com/ericbutera/bike/strava-gateway/internal/storage/connections.go:199.2,201.84 1 0
github.com/ericbutera/bike/strava-gateway/internal/storage/connections.go:202.3,203.1 1 0
github.com/ericbutera/bike/strava-gateway/internal/storage/connections.go:204.2,204.23 1 0
github.com/ericbutera/bike/strava-gateway/internal/storage/inbox.go:25.2,28.16 4 0
github.com/ericbutera/bike/strava-gateway/internal/storage/inbox.go:29.3,30.1 1 0
github.com/ericbutera/bike/strava-gateway/internal/storage/inbox.go:31.2,38.35 4 0
github.com/ericbutera/bike/strava-gateway/internal/storage/inbox.go:39.3,40.1 1 0
github.com/ericbutera/bike/strava-gateway/internal/storage/inbox.go:41.2,41.16 1 0
github.com/ericbutera/bike/strava-gateway/internal/storage/inbox.go:42.3,43.1 1 0
github.com/ericbutera/bike/strava-gateway/internal/storage/inbox.go:44.2,47.16 2 0
github.com/ericbutera/bike/strava-gateway/internal/storage/inbox.go:48.3,49.1 1 0
github.com/ericbutera/bike/strava-gateway/internal/storage/inbox.go:50.2,51.18 2 0
github.com/ericbutera/bike/strava-gateway/internal/storage/inbox.go:52.3,53.44 2 0
github.com/ericbutera/bike/strava-gateway/internal/storage/inbox.go:54.4,56.1 2 0
github.com/ericbutera/bike/strava-gateway/internal/storage/inbox.go:57.3,57.21 1 0
github.com/ericbutera/bike/strava-gateway/internal/storage/inbox.go:59.2,59.35 1 0
github.com/ericbutera/bike/strava-gateway/internal/storage/inbox.go:60.3,62.1 2 0
github.com/ericbutera/bike/strava-gateway/internal/storage/inbox.go:63.2,64.39 2 0
github.com/ericbutera/bike/strava-gateway/internal/storage/inbox.go:65.3,66.1 1 0
github.com/ericbutera/bike/strava-gateway/internal/storage/inbox.go:67.2,67.26 1 0
github.com/ericbutera/bike/strava-gateway/internal/storage/inbox.go:68.3,68.37 1 0
github.com/ericbutera/bike/strava-gateway/internal/storage/inbox.go:69.4,70.1 1 0
github.com/ericbutera/bike/strava-gateway/internal/storage/inbox.go:72.2,72.18 1 0
github.com/ericbutera/bike/strava-gateway/internal/storage/inbox.go:76.2,76.17 1 0
github.com/ericbutera/bike/strava-gateway/internal/storage/inbox.go:77.3,78.1 1 0
github.com/ericbutera/bike/strava-gateway/internal/storage/inbox.go:79.2,79.15 1 0
github.com/ericbutera/bike/strava-gateway/internal/storage/jobs.go:32.2,50.63 3 0
github.com/ericbutera/bike/strava-gateway/internal/storage/jobs.go:51.3,52.1 1 0
github.com/ericbutera/bike/strava-gateway/internal/storage/jobs.go:53.2,56.19 4 0
github.com/ericbutera/bike/strava-gateway/internal/storage/jobs.go:68.2,81.35 4 0
github.com/ericbutera/bike/strava-gateway/internal/storage/jobs.go:82.3,83.1 1 0
github.com/ericbutera/bike/strava-gateway/internal/storage/jobs.go:84.2,84.16 1 0
github.com/ericbutera/bike/strava-gateway/internal/storage/jobs.go:85.3,86.1 1 0
github.com/ericbutera/bike/strava-gateway/internal/storage/jobs.go:87.2,87.56 1 0
github.com/ericbutera/bike/strava-gateway/internal/storage/jobs.go:88.3,89.1 1 0
github.com/ericbutera/bike/strava-gateway/internal/storage/jobs.go:90.2,90.18 1 0
github.com/ericbutera/bike/strava-gateway/internal/storage/jobs.go:100.2,100.82 1 0
github.com/ericbutera/bike/strava-gateway/internal/storage/jobs.go:101.3,102.1 1 0
github.com/ericbutera/bike/strava-gateway/internal/storage/jobs.go:103.2,104.16 2 0
github.com/ericbutera/bike/strava-gateway/internal/storage/jobs.go:105.3,106.1 1 0
github.com/ericbutera/bike/strava-gateway/internal/storage/jobs.go:107.2,109.21 3 0
github.com/ericbutera/bike/strava-gateway/internal/storage/jobs.go:110.3,110.111 1 0
github.com/ericbutera/bike/strava-gateway/internal/storage/jobs.go:111.4,112.1 1 0
github.com/ericbutera/bike/strava-gateway/internal/storage/jobs.go:113.3,117.84 1 0
github.com/ericbutera/bike/strava-gateway/internal/storage/jobs.go:118.4,119.1 1 0
github.com/ericbutera/bike/strava-gateway/internal/storage/jobs.go:120.3,120.26 1 0
github.com/ericbutera/bike/strava-gateway/internal/storage/jobs.go:121.9,121.34 1 0
github.com/ericbutera/bike/strava-gateway/internal/storage/jobs.go:122.3,123.1 1 0
github.com/ericbutera/bike/strava-gateway/internal/storage/jobs.go:124.2,126.124 1 0
github.com/ericbutera/bike/strava-gateway/internal/storage/jobs.go:127.3,128.1 1 0
github.com/ericbutera/bike/strava-gateway/internal/storage/jobs.go:129.2,131.16 2 0
github.com/ericbutera/bike/strava-gateway/internal/storage/jobs.go:132.3,133.1 1 0
github.com/ericbutera/bike/strava-gateway/internal/storage/jobs.go:134.2,134.33 1 0
github.com/ericbutera/bike/strava-gateway/internal/storage/jobs.go:135.3,136.1 1 0
github.com/ericbutera/bike/strava-gateway/internal/storage/jobs.go:137.2,137.23 1 0
github.com/ericbutera/bike/strava-gateway/internal/storage/jobs.go:141.2,142.37 2 0
github.com/ericbutera/bike/strava-gateway/internal/storage/jobs.go:143.3,144.1 1 0
github.com/ericbutera/bike/strava-gateway/internal/storage/jobs.go:145.2,148.12 2 0
github.com/ericbutera/bike/strava-gateway/internal/storage/jobs.go:152.2,154.1 2 0
github.com/ericbutera/bike/strava-gateway/internal/storage/jobs.go:157.2,158.16 2 0
github.com/ericbutera/bike/strava-gateway/internal/storage/jobs.go:159.3,160.1 1 0
github.com/ericbutera/bike/strava-gateway/internal/storage/jobs.go:161.2,163.109 2 0
github.com/ericbutera/bike/strava-gateway/internal/storage/jobs.go:164.3,165.1 1 0
github.com/ericbutera/bike/strava-gateway/internal/storage/jobs.go:166.2,167.96 1 0
github.com/ericbutera/bike/strava-gateway/internal/storage/jobs.go:168.3,169.1 1 0
github.com/ericbutera/bike/strava-gateway/internal/storage/jobs.go:170.2,170.23 1 0
github.com/ericbutera/bike/strava-gateway/internal/storage/jobs.go:187.2,206.35 6 0
github.com/ericbutera/bike/strava-gateway/internal/storage/jobs.go:207.3,208.1 1 0
github.com/ericbutera/bike/strava-gateway/internal/storage/jobs.go:209.2,209.16 1 0
github.com/ericbutera/bike/strava-gateway/internal/storage/jobs.go:210.3,211.1 1 0
github.com/ericbutera/bike/strava-gateway/internal/storage/jobs.go:212.2,212.56 1 0
github.com/ericbutera/bike/strava-gateway/internal/storage/jobs.go:213.3,214.1 1 0
github.com/ericbutera/bike/strava-gateway/internal/storage/jobs.go:215.2,215.47 1 0
github.com/ericbutera/bike/strava-gateway/internal/storage/jobs.go:216.3,217.1 1 0
github.com/ericbutera/bike/strava-gateway/internal/storage/jobs.go:218.2,218.18 1 0
github.com/ericbutera/bike/strava-gateway/internal/storage/jobs.go:222.2,225.16 2 0
github.com/ericbutera/bike/strava-gateway/internal/storage/jobs.go:226.3,227.1 1 0
github.com/ericbutera/bike/strava-gateway/internal/storage/jobs.go:228.2,228.33 1 0
github.com/ericbutera/bike/strava-gateway/internal/storage/jobs.go:229.3,230.1 1 0
github.com/ericbutera/bike/strava-gateway/internal/storage/jobs.go:231.2,231.12 1 0
github.com/ericbutera/bike/strava-gateway/internal/storage/jobs.go:235.2,236.37 2 0
github.com/ericbutera/bike/strava-gateway/internal/storage/jobs.go:237.3,238.1 1 0
github.com/ericbutera/bike/strava-gateway/internal/storage/jobs.go:239.2,242.12 2 0
github.com/ericbutera/bike/strava-gateway/internal/storage/jobs.go:249.2,249.51 1 0
github.com/ericbutera/bike/strava-gateway/internal/storage/jobs.go:250.3,251.1 1 0
github.com/ericbutera/bike/strava-gateway/internal/storage/jobs.go:252.2,253.16 2 0
github.com/ericbutera/bike/strava-gateway/internal/storage/jobs.go:254.3,255.1 1 0
github.com/ericbutera/bike/strava-gateway/internal/storage/jobs.go:256.2,259.65 2 0
github.com/ericbutera/bike/strava-gateway/internal/storage/jobs.go:260.3,261.1 1 0
github.com/ericbutera/bike/strava-gateway/internal/storage/jobs.go:262.2,265.16 2 0
github.com/ericbutera/bike/strava-gateway/internal/storage/jobs.go:266.3,267.1 1 0
github.com/ericbutera/bike/strava-gateway/internal/storage/jobs.go:268.2,268.33 1 0
github.com/ericbutera/bike/strava-gateway/internal/storage/jobs.go:269.3,270.1 1 0
github.com/ericbutera/bike/strava-gateway/internal/storage/jobs.go:271.2,271.23 1 0
github.com/ericbutera/bike/strava-gateway/internal/storage/migrations.go:20.2,21.16 2 0
github.com/ericbutera/bike/strava-gateway/internal/storage/migrations.go:22.3,23.1 1 0
github.com/ericbutera/bike/strava-gateway/internal/storage/migrations.go:24.2,24.15 1 0
github.com/ericbutera/bike/strava-gateway/internal/storage/migrations.go:24.17,24.53 1 0
github.com/ericbutera/bike/strava-gateway/internal/storage/migrations.go:25.2,26.16 2 0
github.com/ericbutera/bike/strava-gateway/internal/storage/migrations.go:27.3,28.1 1 0
github.com/ericbutera/bike/strava-gateway/internal/storage/migrations.go:29.2,31.16 2 0
github.com/ericbutera/bike/strava-gateway/internal/storage/migrations.go:32.3,33.1 1 0
github.com/ericbutera/bike/strava-gateway/internal/storage/migrations.go:34.2,35.12 2 0
github.com/ericbutera/bike/strava-gateway/internal/storage/oauth.go:22.2,22.62 1 0
github.com/ericbutera/bike/strava-gateway/internal/storage/oauth.go:23.3,24.1 1 0
github.com/ericbutera/bike/strava-gateway/internal/storage/oauth.go:25.2,28.12 2 0
github.com/ericbutera/bike/strava-gateway/internal/storage/oauth.go:34.2,35.17 2 0
github.com/ericbutera/bike/strava-gateway/internal/storage/oauth.go:36.3,37.1 1 0
github.com/ericbutera/bike/strava-gateway/internal/storage/oauth.go:38.2,41.35 2 0
github.com/ericbutera/bike/strava-gateway/internal/storage/oauth.go:42.3,43.1 1 0
github.com/ericbutera/bike/strava-gateway/internal/storage/oauth.go:44.2,44.18 1 0
github.com/ericbutera/bike/strava-gateway/internal/storage/oauth.go:50.2,52.1 2 0
github.com/ericbutera/bike/strava-gateway/internal/storage/operations.go:37.2,50.16 2 0
github.com/ericbutera/bike/strava-gateway/internal/storage/operations.go:51.3,52.1 1 0
github.com/ericbutera/bike/strava-gateway/internal/storage/operations.go:53.2,55.18 3 0
github.com/ericbutera/bike/strava-gateway/internal/storage/operations.go:56.3,58.125 2 0
github.com/ericbutera/bike/strava-gateway/internal/storage/operations.go:59.4,60.1 1 0
github.com/ericbutera/bike/strava-gateway/internal/storage/operations.go:61.3,61.30 1 0
github.com/ericbutera/bike/strava-gateway/internal/storage/operations.go:63.2,63.26 1 0
github.com/ericbutera/bike/strava-gateway/internal/storage/operations.go:67.2,72.16 2 0
github.com/ericbutera/bike/strava-gateway/internal/storage/operations.go:73.3,74.1 1 0
github.com/ericbutera/bike/strava-gateway/internal/storage/operations.go:75.2,77.18 3 0
github.com/ericbutera/bike/strava-gateway/internal/storage/operations.go:78.3,79.74 2 0
github.com/ericbutera/bike/strava-gateway/internal/storage/operations.go:80.4,81.1 1 0
github.com/ericbutera/bike/strava-gateway/internal/storage/operations.go:82.3,82.32 1 0
github.com/ericbutera/bike/strava-gateway/internal/storage/operations.go:84.2,84.27 1 0
github.com/ericbutera/bike/strava-gateway/internal/storage/operations.go:88.2,88.13 1 0
github.com/ericbutera/bike/strava-gateway/internal/storage/operations.go:89.3,90.1 1 0
github.com/ericbutera/bike/strava-gateway/internal/storage/operations.go:91.2,92.14 2 0
github.com/ericbutera/bike/strava-gateway/internal/storage/operations.go:94.3,96.34 1 0
github.com/ericbutera/bike/strava-gateway/internal/storage/operations.go:98.3,100.52 1 0
github.com/ericbutera/bike/strava-gateway/internal/storage/operations.go:102.3,104.52 1 0
github.com/ericbutera/bike/strava-gateway/internal/storage/operations.go:106.3,106.49 1 0
github.com/ericbutera/bike/strava-gateway/internal/storage/operations.go:108.2,109.16 2 0
github.com/ericbutera/bike/strava-gateway/internal/storage/operations.go:110.3,111.1 1 0
github.com/ericbutera/bike/strava-gateway/internal/storage/operations.go:112.2,112.33 1 0
github.com/ericbutera/bike/strava-gateway/internal/storage/operations.go:113.3,114.1 1 0
github.com/ericbutera/bike/strava-gateway/internal/storage/operations.go:115.2,115.12 1 0
github.com/ericbutera/bike/strava-gateway/internal/storage/quota.go:45.2,48.1 3 0
github.com/ericbutera/bike/strava-gateway/internal/storage/quota.go:49.2,50.31 3 0
github.com/ericbutera/bike/strava-gateway/internal/storage/quota.go:51.3,52.46 2 0
github.com/ericbutera/bike/strava-gateway/internal/storage/quota.go:53.4,53.12 1 0
github.com/ericbutera/bike/strava-gateway/internal/storage/quota.go:56.3,57.31 2 0
github.com/ericbutera/bike/strava-gateway/internal/storage/quota.go:58.4,59.1 1 0
github.com/ericbutera/bike/strava-gateway/internal/storage/quota.go:60.3,60.24 1 0
github.com/ericbutera/bike/strava-gateway/internal/storage/quota.go:63.2,63.20 1 0
github.com/ericbutera/bike/strava-gateway/internal/storage/quota.go:67.2,68.16 2 0
github.com/ericbutera/bike/strava-gateway/internal/storage/quota.go:69.3,70.1 1 0
github.com/ericbutera/bike/strava-gateway/internal/storage/quota.go:71.2,73.18 3 0
github.com/ericbutera/bike/strava-gateway/internal/storage/quota.go:74.3,75.105 2 0
github.com/ericbutera/bike/strava-gateway/internal/storage/quota.go:76.4,77.1 1 0
github.com/ericbutera/bike/strava-gateway/internal/storage/quota.go:78.3,78.42 1 0
github.com/ericbutera/bike/strava-gateway/internal/storage/quota.go:80.2,80.30 1 0
github.com/ericbutera/bike/strava-gateway/internal/storage/quota.go:84.2,86.16 2 0
github.com/ericbutera/bike/strava-gateway/internal/storage/quota.go:87.3,88.1 1 0
github.com/ericbutera/bike/strava-gateway/internal/storage/quota.go:89.2,91.18 3 0
github.com/ericbutera/bike/strava-gateway/internal/storage/quota.go:92.3,93.44 2 0
github.com/ericbutera/bike/strava-gateway/internal/storage/quota.go:94.4,95.1 1 0
github.com/ericbutera/bike/strava-gateway/internal/storage/quota.go:96.3,96.36 1 0
github.com/ericbutera/bike/strava-gateway/internal/storage/quota.go:98.2,98.28 1 0
github.com/ericbutera/bike/strava-gateway/internal/storage/quota.go:102.2,103.22 2 0
github.com/ericbutera/bike/strava-gateway/internal/storage/quota.go:104.3,105.1 1 0
github.com/ericbutera/bike/strava-gateway/internal/storage/quota.go:106.2,108.28 3 0
github.com/ericbutera/bike/strava-gateway/internal/storage/quota.go:109.3,109.25 1 0
github.com/ericbutera/bike/strava-gateway/internal/storage/quota.go:110.4,111.1 1 0
github.com/ericbutera/bike/strava-gateway/internal/storage/quota.go:113.2,120.1 3 0
github.com/ericbutera/bike/strava-gateway/internal/storage/quota.go:126.2,127.16 2 0
github.com/ericbutera/bike/strava-gateway/internal/storage/quota.go:128.3,129.1 1 0
github.com/ericbutera/bike/strava-gateway/internal/storage/quota.go:130.2,133.22 4 0
github.com/ericbutera/bike/strava-gateway/internal/storage/quota.go:134.3,135.1 1 0
github.com/ericbutera/bike/strava-gateway/internal/storage/quota.go:136.2,137.31 2 0
github.com/ericbutera/bike/strava-gateway/internal/storage/quota.go:138.3,139.103 1 0
github.com/ericbutera/bike/strava-gateway/internal/storage/quota.go:140.4,141.1 1 0
github.com/ericbutera/bike/strava-gateway/internal/storage/quota.go:142.3,145.84 3 0
github.com/ericbutera/bike/strava-gateway/internal/storage/quota.go:146.4,147.1 1 0
github.com/ericbutera/bike/strava-gateway/internal/storage/quota.go:148.3,148.24 1 0
github.com/ericbutera/bike/strava-gateway/internal/storage/quota.go:149.4,150.1 1 0
github.com/ericbutera/bike/strava-gateway/internal/storage/quota.go:151.3,151.44 1 0
github.com/ericbutera/bike/strava-gateway/internal/storage/quota.go:152.4,153.1 1 0
github.com/ericbutera/bike/strava-gateway/internal/storage/quota.go:154.3,156.40 1 0
github.com/ericbutera/bike/strava-gateway/internal/storage/quota.go:157.4,158.1 1 0
github.com/ericbutera/bike/strava-gateway/internal/storage/quota.go:160.2,160.23 1 0
github.com/ericbutera/bike/strava-gateway/internal/storage/quota.go:161.3,161.40 1 0
github.com/ericbutera/bike/strava-gateway/internal/storage/quota.go:162.4,163.1 1 0
github.com/ericbutera/bike/strava-gateway/internal/storage/quota.go:164.3,164.22 1 0
github.com/ericbutera/bike/strava-gateway/internal/storage/quota.go:166.2,166.31 1 0
github.com/ericbutera/bike/strava-gateway/internal/storage/quota.go:167.3,168.62 1 0
github.com/ericbutera/bike/strava-gateway/internal/storage/quota.go:169.4,170.1 1 0
github.com/ericbutera/bike/strava-gateway/internal/storage/quota.go:172.2,172.36 1 0
github.com/ericbutera/bike/strava-gateway/internal/storage/quota.go:176.2,181.35 6 0
github.com/ericbutera/bike/strava-gateway/internal/storage/quota.go:182.3,183.43 2 0
github.com/ericbutera/bike/strava-gateway/internal/storage/quota.go:184.4,185.1 1 0
github.com/ericbutera/bike/strava-gateway/internal/storage/quota.go:186.3,187.29 2 0
github.com/ericbutera/bike/strava-gateway/internal/storage/quota.go:188.4,188.12 1 0
github.com/ericbutera/bike/strava-gateway/internal/storage/quota.go:190.3,192.58 1 0
github.com/ericbutera/bike/strava-gateway/internal/storage/quota.go:193.4,194.1 1 0
github.com/ericbutera/bike/strava-gateway/internal/storage/quota.go:196.2,196.12 1 0
github.com/ericbutera/bike/strava-gateway/internal/storage/quota.go:200.2,201.21 2 0
github.com/ericbutera/bike/strava-gateway/internal/storage/quota.go:202.3,203.1 1 0
github.com/ericbutera/bike/strava-gateway/internal/storage/quota.go:204.2,205.33 2 0
github.com/ericbutera/bike/strava-gateway/internal/storage/quota.go:206.3,207.17 2 0
github.com/ericbutera/bike/strava-gateway/internal/storage/quota.go:208.4,209.1 1 0
github.com/ericbutera/bike/strava-gateway/internal/storage/quota.go:210.3,210.25 1 0
github.com/ericbutera/bike/strava-gateway/internal/storage/quota.go:212.2,212.15 1 0
github.com/ericbutera/bike/strava-gateway/internal/storage/quota.go:216.2,217.16 2 0
github.com/ericbutera/bike/strava-gateway/internal/storage/quota.go:218.3,219.1 1 0
github.com/ericbutera/bike/strava-gateway/internal/storage/quota.go:220.2,222.18 3 0
github.com/ericbutera/bike/strava-gateway/internal/storage/quota.go:223.3,225.57 3 0
github.com/ericbutera/bike/strava-gateway/internal/storage/quota.go:226.4,227.1 1 0
github.com/ericbutera/bike/strava-gateway/internal/storage/quota.go:228.3,228.55 1 0
github.com/ericbutera/bike/strava-gateway/internal/storage/quota.go:230.2,230.55 1 0
github.com/ericbutera/bike/strava-gateway/internal/storage/sync.go:22.2,25.1 3 0
github.com/ericbutera/bike/strava-gateway/internal/storage/sync.go:44.2,57.16 2 0
github.com/ericbutera/bike/strava-gateway/internal/storage/sync.go:58.3,59.1 1 0
github.com/ericbutera/bike/strava-gateway/internal/storage/sync.go:60.2,60.36 1 0
github.com/ericbutera/bike/strava-gateway/internal/storage/sync.go:64.2,64.66 1 0
github.com/ericbutera/bike/strava-gateway/internal/storage/sync.go:65.3,66.1 1 0
github.com/ericbutera/bike/strava-gateway/internal/storage/sync.go:67.2,75.12 5 0
github.com/ericbutera/bike/strava-gateway/internal/storage/sync.go:79.2,79.48 1 0
github.com/ericbutera/bike/strava-gateway/internal/storage/sync.go:80.3,81.1 1 0
github.com/ericbutera/bike/strava-gateway/internal/storage/sync.go:82.2,82.10 1 0
github.com/ericbutera/bike/strava-gateway/internal/storage/sync.go:92.2,98.35 5 0
github.com/ericbutera/bike/strava-gateway/internal/storage/sync.go:99.3,100.1 1 0
github.com/ericbutera/bike/strava-gateway/internal/storage/sync.go:101.2,101.68 1 0
github.com/ericbutera/bike/strava-gateway/internal/storage/sync.go:102.3,103.1 1 0
github.com/ericbutera/bike/strava-gateway/internal/storage/sync.go:104.2,104.20 1 0
github.com/ericbutera/bike/strava-gateway/internal/storage/sync.go:108.2,109.16 2 0
github.com/ericbutera/bike/strava-gateway/internal/storage/sync.go:110.3,111.1 1 0
github.com/ericbutera/bike/strava-gateway/internal/storage/sync.go:112.2,127.35 4 0
github.com/ericbutera/bike/strava-gateway/internal/storage/sync.go:128.3,129.1 1 0
github.com/ericbutera/bike/strava-gateway/internal/storage/sync.go:130.2,130.16 1 0
github.com/ericbutera/bike/strava-gateway/internal/storage/sync.go:131.3,132.1 1 0
github.com/ericbutera/bike/strava-gateway/internal/storage/sync.go:133.2,133.29 1 0
github.com/ericbutera/bike/strava-gateway/internal/storage/sync.go:134.3,136.120 1 0
github.com/ericbutera/bike/strava-gateway/internal/storage/sync.go:137.4,138.1 1 0
github.com/ericbutera/bike/strava-gateway/internal/storage/sync.go:139.3,140.62 1 0
github.com/ericbutera/bike/strava-gateway/internal/storage/sync.go:141.4,142.1 1 0
github.com/ericbutera/bike/strava-gateway/internal/storage/sync.go:144.2,144.39 1 0
github.com/ericbutera/bike/strava-gateway/internal/storage/sync.go:145.3,146.1 1 0
github.com/ericbutera/bike/strava-gateway/internal/storage/sync.go:147.2,147.18 1 0
github.com/ericbutera/bike/strava-gateway/internal/storage/sync.go:151.2,154.16 4 0
github.com/ericbutera/bike/strava-gateway/internal/storage/sync.go:155.3,156.1 1 0
github.com/ericbutera/bike/strava-gateway/internal/storage/sync.go:157.2,158.25 2 0
github.com/ericbutera/bike/strava-gateway/internal/storage/sync.go:159.3,162.1 3 0
github.com/ericbutera/bike/strava-gateway/internal/storage/sync.go:163.3,164.17 3 0
github.com/ericbutera/bike/strava-gateway/internal/storage/sync.go:165.4,166.1 1 0
github.com/ericbutera/bike/strava-gateway/internal/storage/sync.go:167.3,174.142 3 0
github.com/ericbutera/bike/strava-gateway/internal/storage/sync.go:175.4,176.1 1 0
github.com/ericbutera/bike/strava-gateway/internal/storage/sync.go:177.3,179.80 1 0
github.com/ericbutera/bike/strava-gateway/internal/storage/sync.go:180.4,181.1 1 0
github.com/ericbutera/bike/strava-gateway/internal/storage/sync.go:183.2,184.20 2 0
github.com/ericbutera/bike/strava-gateway/internal/storage/sync.go:185.3,186.1 1 0
github.com/ericbutera/bike/strava-gateway/internal/storage/sync.go:187.2,190.16 2 0
github.com/ericbutera/bike/strava-gateway/internal/storage/sync.go:191.3,192.1 1 0
github.com/ericbutera/bike/strava-gateway/internal/storage/sync.go:193.2,193.33 1 0
github.com/ericbutera/bike/strava-gateway/internal/storage/sync.go:194.3,195.1 1 0
github.com/ericbutera/bike/strava-gateway/internal/storage/sync.go:196.2,196.23 1 0
github.com/ericbutera/bike/strava-gateway/internal/storage/sync.go:200.2,201.24 2 0
github.com/ericbutera/bike/strava-gateway/internal/storage/sync.go:202.3,203.1 1 0
github.com/ericbutera/bike/strava-gateway/internal/storage/sync.go:204.2,205.16 2 0
github.com/ericbutera/bike/strava-gateway/internal/storage/sync.go:206.3,207.1 1 0
github.com/ericbutera/bike/strava-gateway/internal/storage/sync.go:208.2,212.16 3 0
github.com/ericbutera/bike/strava-gateway/internal/storage/sync.go:213.3,214.1 1 0
github.com/ericbutera/bike/strava-gateway/internal/storage/sync.go:215.2,215.33 1 0
github.com/ericbutera/bike/strava-gateway/internal/storage/sync.go:216.3,217.1 1 0
github.com/ericbutera/bike/strava-gateway/internal/storage/sync.go:218.2,218.47 1 0
github.com/ericbutera/bike/strava-gateway/internal/storage/sync.go:219.3,221.115 1 0
github.com/ericbutera/bike/strava-gateway/internal/storage/sync.go:222.4,223.1 1 0
github.com/ericbutera/bike/strava-gateway/internal/storage/sync.go:225.2,225.23 1 0
github.com/ericbutera/bike/strava-gateway/internal/storage/sync.go:229.2,233.1 2 0
github.com/ericbutera/bike/strava-gateway/internal/storage/transaction.go:13.2,15.84 3 0
github.com/ericbutera/bike/strava-gateway/internal/storage/transaction.go:16.3,17.1 1 0
github.com/ericbutera/bike/strava-gateway/internal/webhook/webhook.go:34.2,34.113 1 0
github.com/ericbutera/bike/strava-gateway/internal/webhook/webhook.go:35.3,36.1 1 0
github.com/ericbutera/bike/strava-gateway/internal/webhook/webhook.go:37.2,37.69 1 0
github.com/ericbutera/bike/strava-gateway/internal/webhook/webhook.go:38.3,39.1 1 0
github.com/ericbutera/bike/strava-gateway/internal/webhook/webhook.go:40.2,40.101 1 0
github.com/ericbutera/bike/strava-gateway/internal/webhook/webhook.go:46.2,49.1 3 0
github.com/ericbutera/bike/strava-gateway/internal/webhook/webhook.go:66.2,69.1 3 0
github.com/ericbutera/bike/strava-gateway/internal/webhook/webhook.go:72.2,72.18 1 0
github.com/ericbutera/bike/strava-gateway/internal/webhook/webhook.go:74.3,74.23 1 0
github.com/ericbutera/bike/strava-gateway/internal/webhook/webhook.go:76.3,76.24 1 0
github.com/ericbutera/bike/strava-gateway/internal/webhook/webhook.go:78.3,79.96 2 0
github.com/ericbutera/bike/strava-gateway/internal/webhook/webhook.go:84.2,88.43 3 0
github.com/ericbutera/bike/strava-gateway/internal/webhook/webhook.go:89.3,91.1 2 0
github.com/ericbutera/bike/strava-gateway/internal/webhook/webhook.go:92.2,93.78 2 0
github.com/ericbutera/bike/strava-gateway/internal/webhook/webhook.go:97.2,98.15 2 0
github.com/ericbutera/bike/strava-gateway/internal/webhook/webhook.go:99.3,99.29 1 0
github.com/ericbutera/bike/strava-gateway/internal/webhook/webhook.go:100.4,101.1 1 0
github.com/ericbutera/bike/strava-gateway/internal/webhook/webhook.go:103.2,103.57 1 0
github.com/ericbutera/bike/strava-gateway/internal/webhook/webhook.go:104.3,107.1 3 0
github.com/ericbutera/bike/strava-gateway/internal/webhook/webhook.go:108.2,108.74 1 0
github.com/ericbutera/bike/strava-gateway/internal/webhook/webhook.go:109.3,111.1 2 0
github.com/ericbutera/bike/strava-gateway/internal/webhook/webhook.go:112.2,113.16 2 0
github.com/ericbutera/bike/strava-gateway/internal/webhook/webhook.go:114.3,117.1 3 0
github.com/ericbutera/bike/strava-gateway/internal/webhook/webhook.go:118.2,118.71 1 0
github.com/ericbutera/bike/strava-gateway/internal/webhook/webhook.go:119.3,122.1 3 0
github.com/ericbutera/bike/strava-gateway/internal/webhook/webhook.go:123.2,124.53 2 0
github.com/ericbutera/bike/strava-gateway/internal/webhook/webhook.go:125.3,128.1 3 0
github.com/ericbutera/bike/strava-gateway/internal/webhook/webhook.go:129.2,129.42 1 0
github.com/ericbutera/bike/strava-gateway/internal/webhook/webhook.go:130.3,132.53 3 0
github.com/ericbutera/bike/strava-gateway/internal/webhook/webhook.go:133.4,134.1 1 0
github.com/ericbutera/bike/strava-gateway/internal/webhook/webhook.go:135.3,136.9 2 0
github.com/ericbutera/bike/strava-gateway/internal/webhook/webhook.go:138.2,141.16 4 0
github.com/ericbutera/bike/strava-gateway/internal/webhook/webhook.go:142.3,145.1 3 0
github.com/ericbutera/bike/strava-gateway/internal/webhook/webhook.go:146.2,146.14 1 0
github.com/ericbutera/bike/strava-gateway/internal/webhook/webhook.go:147.3,148.1 1 0
github.com/ericbutera/bike/strava-gateway/internal/webhook/webhook.go:149.3,150.1 1 0
github.com/ericbutera/bike/strava-gateway/internal/webhook/webhook.go:151.2,156.46 3 0
github.com/ericbutera/bike/strava-gateway/internal/webhook/webhook.go:160.2,162.46 3 0
github.com/ericbutera/bike/strava-gateway/internal/webhook/webhook.go:163.3,164.1 1 0
github.com/ericbutera/bike/strava-gateway/internal/webhook/webhook.go:167.2,172.32 2 0
github.com/ericbutera/bike/strava-gateway/internal/webhook/webhook.go:178.2,178.49 1 0
github.com/ericbutera/bike/strava-gateway/internal/webhook/webhook.go:179.3,180.1 1 0
github.com/ericbutera/bike/strava-gateway/internal/webhook/webhook.go:181.2,182.50 2 0
github.com/ericbutera/bike/strava-gateway/internal/webhook/webhook.go:183.3,184.30 2 0
github.com/ericbutera/bike/strava-gateway/internal/webhook/webhook.go:185.4,186.1 1 0
github.com/ericbutera/bike/strava-gateway/internal/webhook/webhook.go:187.3,187.21 1 0
github.com/ericbutera/bike/strava-gateway/internal/webhook/webhook.go:189.2,190.42 2 0
github.com/ericbutera/bike/strava-gateway/internal/webhook/webhook.go:191.3,192.1 1 0
github.com/ericbutera/bike/strava-gateway/internal/webhook/webhook.go:193.2,194.24 2 0
github.com/ericbutera/bike/strava-gateway/internal/webhook/webhook.go:195.3,196.1 1 0
github.com/ericbutera/bike/strava-gateway/internal/webhook/webhook.go:197.2,197.66 1 0
github.com/ericbutera/bike/strava-gateway/internal/webhook/webhook.go:198.3,199.1 1 0
github.com/ericbutera/bike/strava-gateway/internal/webhook/webhook.go:200.2,201.16 2 0
github.com/ericbutera/bike/strava-gateway/internal/webhook/webhook.go:202.3,203.1 1 0
github.com/ericbutera/bike/strava-gateway/internal/webhook/webhook.go:204.2,207.43 4 0
github.com/ericbutera/bike/strava-gateway/internal/webhook/webhook.go:213.2,213.121 1 0
github.com/ericbutera/bike/strava-gateway/internal/webhook/webhook.go:214.3,215.1 1 0
github.com/ericbutera/bike/strava-gateway/internal/webhook/webhook.go:216.2,216.12 1 0
github.com/ericbutera/bike/strava-gateway/internal/worker/artifacts.go:18.2,19.100 2 0
github.com/ericbutera/bike/strava-gateway/internal/worker/artifacts.go:20.3,20.21 1 0
github.com/ericbutera/bike/strava-gateway/internal/worker/artifacts.go:21.4,22.1 1 0
github.com/ericbutera/bike/strava-gateway/internal/worker/artifacts.go:23.3,23.20 1 0
github.com/ericbutera/bike/strava-gateway/internal/worker/artifacts.go:24.4,25.1 1 0
github.com/ericbutera/bike/strava-gateway/internal/worker/artifacts.go:26.3,27.17 2 0
github.com/ericbutera/bike/strava-gateway/internal/worker/artifacts.go:28.4,29.1 1 0
github.com/ericbutera/bike/strava-gateway/internal/worker/artifacts.go:30.3,31.13 2 0
github.com/ericbutera/bike/strava-gateway/internal/worker/artifacts.go:33.2,33.24 1 0
github.com/ericbutera/bike/strava-gateway/internal/worker/artifacts.go:34.3,35.1 1 0
github.com/ericbutera/bike/strava-gateway/internal/worker/artifacts.go:36.2,36.19 1 0
github.com/ericbutera/bike/strava-gateway/internal/worker/artifacts.go:43.2,44.86 2 0
github.com/ericbutera/bike/strava-gateway/internal/worker/artifacts.go:45.3,46.1 1 0
github.com/ericbutera/bike/strava-gateway/internal/worker/artifacts.go:47.2,49.16 3 0
github.com/ericbutera/bike/strava-gateway/internal/worker/artifacts.go:50.3,51.1 1 0
github.com/ericbutera/bike/strava-gateway/internal/worker/artifacts.go:52.2,52.103 1 0
github.com/ericbutera/bike/strava-gateway/internal/worker/artifacts.go:56.2,58.1 2 0
github.com/ericbutera/bike/strava-gateway/internal/worker/artifacts.go:61.2,61.20 1 0
github.com/ericbutera/bike/strava-gateway/internal/worker/artifacts.go:62.3,63.1 1 0
github.com/ericbutera/bike/strava-gateway/internal/worker/artifacts.go:64.2,68.70 5 0
github.com/ericbutera/bike/strava-gateway/internal/worker/artifacts.go:69.3,70.1 1 0
github.com/ericbutera/bike/strava-gateway/internal/worker/artifacts.go:71.2,71.59 1 0
github.com/ericbutera/bike/strava-gateway/internal/worker/artifacts.go:72.3,72.33 1 0
github.com/ericbutera/bike/strava-gateway/internal/worker/artifacts.go:73.4,74.27 2 0
github.com/ericbutera/bike/strava-gateway/internal/worker/artifacts.go:75.5,76.1 1 0
github.com/ericbutera/bike/strava-gateway/internal/worker/artifacts.go:78.9,78.44 1 0
github.com/ericbutera/bike/strava-gateway/internal/worker/artifacts.go:79.3,80.1 1 0
github.com/ericbutera/bike/strava-gateway/internal/worker/artifacts.go:81.2,82.16 2 0
github.com/ericbutera/bike/strava-gateway/internal/worker/artifacts.go:83.3,84.1 1 0
github.com/ericbutera/bike/strava-gateway/internal/worker/artifacts.go:85.2,86.15 2 0
github.com/ericbutera/bike/strava-gateway/internal/worker/artifacts.go:87.3,87.97 1 0
github.com/ericbutera/bike/strava-gateway/internal/worker/artifacts.go:88.4,89.1 1 0
github.com/ericbutera/bike/strava-gateway/internal/worker/artifacts.go:91.2,91.42 1 0
github.com/ericbutera/bike/strava-gateway/internal/worker/artifacts.go:92.3,93.1 1 0
github.com/ericbutera/bike/strava-gateway/internal/worker/artifacts.go:94.2,94.44 1 0
github.com/ericbutera/bike/strava-gateway/internal/worker/artifacts.go:95.3,96.1 1 0
github.com/ericbutera/bike/strava-gateway/internal/worker/artifacts.go:97.2,97.36 1 0
github.com/ericbutera/bike/strava-gateway/internal/worker/artifacts.go:98.3,99.1 1 0
github.com/ericbutera/bike/strava-gateway/internal/worker/artifacts.go:100.2,100.37 1 0
github.com/ericbutera/bike/strava-gateway/internal/worker/artifacts.go:101.3,102.1 1 0
github.com/ericbutera/bike/strava-gateway/internal/worker/artifacts.go:103.2,103.53 1 0
github.com/ericbutera/bike/strava-gateway/internal/worker/artifacts.go:104.3,105.1 1 0
github.com/ericbutera/bike/strava-gateway/internal/worker/artifacts.go:106.2,106.103 1 0
github.com/ericbutera/bike/strava-gateway/internal/worker/artifacts.go:110.2,110.104 1 0
github.com/ericbutera/bike/strava-gateway/internal/worker/artifacts.go:111.3,112.1 1 0
github.com/ericbutera/bike/strava-gateway/internal/worker/artifacts.go:113.2,114.16 2 0
github.com/ericbutera/bike/strava-gateway/internal/worker/artifacts.go:115.3,116.1 1 0
github.com/ericbutera/bike/strava-gateway/internal/worker/artifacts.go:117.2,118.85 2 0
github.com/ericbutera/bike/strava-gateway/internal/worker/artifacts.go:119.3,120.1 1 0
github.com/ericbutera/bike/strava-gateway/internal/worker/artifacts.go:121.2,121.18 1 0
github.com/ericbutera/bike/strava-gateway/internal/worker/delivery.go:47.43,47.62 1 0
github.com/ericbutera/bike/strava-gateway/internal/worker/delivery.go:50.2,51.56 2 0
github.com/ericbutera/bike/strava-gateway/internal/worker/delivery.go:52.3,53.1 1 0
github.com/ericbutera/bike/strava-gateway/internal/worker/delivery.go:54.2,59.1 3 0
github.com/ericbutera/bike/strava-gateway/internal/worker/delivery.go:60.2,60.31 3 0
github.com/ericbutera/bike/strava-gateway/internal/worker/delivery.go:61.3,61.26 1 0
github.com/ericbutera/bike/strava-gateway/internal/worker/delivery.go:62.4,63.1 1 0
github.com/ericbutera/bike/strava-gateway/internal/worker/delivery.go:64.3,65.17 2 0
github.com/ericbutera/bike/strava-gateway/internal/worker/delivery.go:66.4,67.1 1 0
github.com/ericbutera/bike/strava-gateway/internal/worker/delivery.go:68.3,69.29 2 0
github.com/ericbutera/bike/strava-gateway/internal/worker/delivery.go:71.2,72.16 2 0
github.com/ericbutera/bike/strava-gateway/internal/worker/delivery.go:73.3,74.1 1 0
github.com/ericbutera/bike/strava-gateway/internal/worker/delivery.go:75.2,80.16 6 0
github.com/ericbutera/bike/strava-gateway/internal/worker/delivery.go:81.3,82.1 1 0
github.com/ericbutera/bike/strava-gateway/internal/worker/delivery.go:83.2,88.23 6 0
github.com/ericbutera/bike/strava-gateway/internal/worker/delivery.go:89.3,90.1 1 0
github.com/ericbutera/bike/strava-gateway/internal/worker/delivery.go:91.2,92.16 2 0
github.com/ericbutera/bike/strava-gateway/internal/worker/delivery.go:93.3,94.1 1 0
github.com/ericbutera/bike/strava-gateway/internal/worker/delivery.go:95.2,95.15 1 0
github.com/ericbutera/bike/strava-gateway/internal/worker/delivery.go:95.17,95.64 1 0
github.com/ericbutera/bike/strava-gateway/internal/worker/delivery.go:96.2,96.84 1 0
github.com/ericbutera/bike/strava-gateway/internal/worker/delivery.go:97.3,98.1 1 0
github.com/ericbutera/bike/strava-gateway/internal/worker/delivery.go:99.2,99.88 1 0
github.com/ericbutera/bike/strava-gateway/internal/worker/delivery.go:100.3,101.1 1 0
github.com/ericbutera/bike/strava-gateway/internal/worker/delivery.go:102.2,103.88 1 0
github.com/ericbutera/bike/strava-gateway/internal/worker/failures.go:19.49,19.73 1 0
github.com/ericbutera/bike/strava-gateway/internal/worker/failures.go:20.49,20.65 1 0
github.com/ericbutera/bike/strava-gateway/internal/worker/failures.go:23.2,27.16 2 0
github.com/ericbutera/bike/strava-gateway/internal/worker/failures.go:28.3,29.1 1 0
github.com/ericbutera/bike/strava-gateway/internal/worker/failures.go:30.2,31.16 2 0
github.com/ericbutera/bike/strava-gateway/internal/worker/failures.go:32.3,32.28 1 0
github.com/ericbutera/bike/strava-gateway/internal/worker/failures.go:33.4,34.1 1 0
github.com/ericbutera/bike/strava-gateway/internal/worker/failures.go:35.3,35.136 1 0
github.com/ericbutera/bike/strava-gateway/internal/worker/failures.go:37.2,37.38 1 0
github.com/ericbutera/bike/strava-gateway/internal/worker/failures.go:38.3,39.1 1 0
github.com/ericbutera/bike/strava-gateway/internal/worker/failures.go:40.2,41.57 1 0
github.com/ericbutera/bike/strava-gateway/internal/worker/worker.go:35.47,35.71 1 0
github.com/ericbutera/bike/strava-gateway/internal/worker/worker.go:37.47,37.63 1 0
github.com/ericbutera/bike/strava-gateway/internal/worker/worker.go:49.2,50.30 2 0
github.com/ericbutera/bike/strava-gateway/internal/worker/worker.go:51.3,52.1 1 0
github.com/ericbutera/bike/strava-gateway/internal/worker/worker.go:53.2,53.23 1 0
github.com/ericbutera/bike/strava-gateway/internal/worker/worker.go:55.3,55.16 1 0
github.com/ericbutera/bike/strava-gateway/internal/worker/worker.go:56.4,57.1 1 0
github.com/ericbutera/bike/strava-gateway/internal/worker/worker.go:58.3,58.32 1 0
github.com/ericbutera/bike/strava-gateway/internal/worker/worker.go:60.3,60.31 1 0
github.com/ericbutera/bike/strava-gateway/internal/worker/worker.go:62.3,62.30 1 0
github.com/ericbutera/bike/strava-gateway/internal/worker/worker.go:67.2,67.40 1 0
github.com/ericbutera/bike/strava-gateway/internal/worker/worker.go:68.3,70.1 2 0
github.com/ericbutera/bike/strava-gateway/internal/worker/worker.go:71.2,71.22 1 0
github.com/ericbutera/bike/strava-gateway/internal/worker/worker.go:75.2,77.23 3 0
github.com/ericbutera/bike/strava-gateway/internal/worker/worker.go:78.3,78.73 1 0
github.com/ericbutera/bike/strava-gateway/internal/worker/worker.go:79.4,81.1 2 0
github.com/ericbutera/bike/strava-gateway/internal/worker/worker.go:82.3,82.78 1 0
github.com/ericbutera/bike/strava-gateway/internal/worker/worker.go:83.4,84.18 2 0
github.com/ericbutera/bike/strava-gateway/internal/worker/worker.go:85.5,86.1 1 0
github.com/ericbutera/bike/strava-gateway/internal/worker/worker.go:87.4,87.17 1 0
github.com/ericbutera/bike/strava-gateway/internal/worker/worker.go:88.5,89.1 1 0
github.com/ericbutera/bike/strava-gateway/internal/worker/worker.go:90.4,90.35 1 0
github.com/ericbutera/bike/strava-gateway/internal/worker/worker.go:92.3,93.17 2 0
github.com/ericbutera/bike/strava-gateway/internal/worker/worker.go:94.4,95.1 1 0
github.com/ericbutera/bike/strava-gateway/internal/worker/worker.go:96.3,96.14 1 0
github.com/ericbutera/bike/strava-gateway/internal/worker/worker.go:97.4,97.12 1 0
github.com/ericbutera/bike/strava-gateway/internal/worker/worker.go:99.3,100.10 2 0
github.com/ericbutera/bike/strava-gateway/internal/worker/worker.go:102.4,103.14 2 0
github.com/ericbutera/bike/strava-gateway/internal/worker/worker.go:104.18,104.18 0 0
github.com/ericbutera/bike/strava-gateway/internal/worker/worker.go:107.2,107.12 1 0
github.com/ericbutera/bike/strava-gateway/internal/worker/worker.go:111.2,112.16 2 0
github.com/ericbutera/bike/strava-gateway/internal/worker/worker.go:113.3,114.1 1 0
github.com/ericbutera/bike/strava-gateway/internal/worker/worker.go:115.2,115.18 1 0
github.com/ericbutera/bike/strava-gateway/internal/worker/worker.go:116.3,122.65 4 0
github.com/ericbutera/bike/strava-gateway/internal/worker/worker.go:123.4,127.128 5 0
github.com/ericbutera/bike/strava-gateway/internal/worker/worker.go:128.5,131.1 3 0
github.com/ericbutera/bike/strava-gateway/internal/worker/worker.go:132.4,133.41 2 0
github.com/ericbutera/bike/strava-gateway/internal/worker/worker.go:134.5,135.1 1 0
github.com/ericbutera/bike/strava-gateway/internal/worker/worker.go:136.4,137.67 2 0
github.com/ericbutera/bike/strava-gateway/internal/worker/worker.go:139.4,140.1 1 0
github.com/ericbutera/bike/strava-gateway/internal/worker/worker.go:141.3,142.19 2 0
github.com/ericbutera/bike/strava-gateway/internal/worker/worker.go:144.2,145.16 2 0
github.com/ericbutera/bike/strava-gateway/internal/worker/worker.go:146.3,147.1 1 0
github.com/ericbutera/bike/strava-gateway/internal/worker/worker.go:148.2,148.21 1 0
github.com/ericbutera/bike/strava-gateway/internal/worker/worker.go:149.3,149.29 1 0
github.com/ericbutera/bike/strava-gateway/internal/worker/worker.go:150.4,151.1 1 0
github.com/ericbutera/bike/strava-gateway/internal/worker/worker.go:152.3,153.35 2 0
github.com/ericbutera/bike/strava-gateway/internal/worker/worker.go:154.4,155.1 1 0
github.com/ericbutera/bike/strava-gateway/internal/worker/worker.go:156.3,162.66 4 0
github.com/ericbutera/bike/strava-gateway/internal/worker/worker.go:163.4,167.32 5 0
github.com/ericbutera/bike/strava-gateway/internal/worker/worker.go:168.5,168.87 1 0
github.com/ericbutera/bike/strava-gateway/internal/worker/worker.go:169.6,171.1 2 0
github.com/ericbutera/bike/strava-gateway/internal/worker/worker.go:172.5,172.38 1 0
github.com/ericbutera/bike/strava-gateway/internal/worker/worker.go:174.4,174.33 1 0
github.com/ericbutera/bike/strava-gateway/internal/worker/worker.go:175.5,178.1 3 0
github.com/ericbutera/bike/strava-gateway/internal/worker/worker.go:179.5,179.154 1 0
github.com/ericbutera/bike/strava-gateway/internal/worker/worker.go:180.6,183.1 3 0
github.com/ericbutera/bike/strava-gateway/internal/worker/worker.go:184.5,185.31 2 0
github.com/ericbutera/bike/strava-gateway/internal/worker/worker.go:186.6,187.1 1 0
github.com/ericbutera/bike/strava-gateway/internal/worker/worker.go:188.5,189.66 2 0
github.com/ericbutera/bike/strava-gateway/internal/worker/worker.go:192.4,193.1 1 0
github.com/ericbutera/bike/strava-gateway/internal/worker/worker.go:194.3,195.19 2 0
github.com/ericbutera/bike/strava-gateway/internal/worker/worker.go:197.2,204.30 3 0
github.com/ericbutera/bike/strava-gateway/internal/worker/worker.go:205.3,206.1 1 0
github.com/ericbutera/bike/strava-gateway/internal/worker/worker.go:207.2,208.27 2 0
github.com/ericbutera/bike/strava-gateway/internal/worker/worker.go:209.3,210.1 1 0
github.com/ericbutera/bike/strava-gateway/internal/worker/worker.go:211.2,212.70 2 0
github.com/ericbutera/bike/strava-gateway/internal/worker/worker.go:213.3,215.45 3 0
github.com/ericbutera/bike/strava-gateway/internal/worker/worker.go:216.4,217.29 2 0
github.com/ericbutera/bike/strava-gateway/internal/worker/worker.go:218.5,219.1 1 0
github.com/ericbutera/bike/strava-gateway/internal/worker/worker.go:220.4,221.91 2 0
github.com/ericbutera/bike/strava-gateway/internal/worker/worker.go:222.5,226.1 4 0
github.com/ericbutera/bike/strava-gateway/internal/worker/worker.go:227.4,229.20 3 0
github.com/ericbutera/bike/strava-gateway/internal/worker/worker.go:231.3,236.80 4 0
github.com/ericbutera/bike/strava-gateway/internal/worker/worker.go:237.4,241.1 4 0
github.com/ericbutera/bike/strava-gateway/internal/worker/worker.go:242.3,242.15 1 0
github.com/ericbutera/bike/strava-gateway/internal/worker/worker.go:243.4,244.1 1 0
github.com/ericbutera/bike/strava-gateway/internal/worker/worker.go:245.4,246.1 1 0
github.com/ericbutera/bike/strava-gateway/internal/worker/worker.go:247.3,247.45 1 0
github.com/ericbutera/bike/strava-gateway/internal/worker/worker.go:249.2,251.18 3 0
github.com/ericbutera/bike/strava-gateway/internal/worker/worker.go:255.2,256.78 2 0
github.com/ericbutera/bike/strava-gateway/internal/worker/worker.go:257.3,258.1 1 0
github.com/ericbutera/bike/strava-gateway/internal/worker/worker.go:259.2,260.22 2 0
github.com/ericbutera/bike/strava-gateway/internal/worker/worker.go:261.3,262.1 1 0
github.com/ericbutera/bike/strava-gateway/internal/worker/worker.go:263.2,263.36 1 0
github.com/ericbutera/bike/strava-gateway/internal/worker/worker.go:267.2,268.33 2 0
github.com/ericbutera/bike/strava-gateway/internal/worker/worker.go:269.3,269.10 1 0
github.com/ericbutera/bike/strava-gateway/internal/worker/worker.go:271.4,271.16 1 0
github.com/ericbutera/bike/strava-gateway/internal/worker/worker.go:273.4,273.22 1 0
github.com/ericbutera/bike/strava-gateway/internal/worker/worker.go:276.2,276.9 1 0
github.com/ericbutera/bike/strava-gateway/internal/worker/worker.go:278.3,278.40 1 0
github.com/ericbutera/bike/strava-gateway/internal/worker/worker.go:280.3,280.23 1 0
github.com/ericbutera/bike/strava-gateway/internal/worker/worker.go:282.3,282.30 1 0
github.com/ericbutera/bike/strava-gateway/internal/worker/worker.go:284.3,284.22 1 0
github.com/ericbutera/bike/strava-gateway/internal/worker/worker.go:289.2,289.27 1 0
github.com/ericbutera/bike/strava-gateway/internal/worker/worker.go:290.3,291.1 1 0
github.com/ericbutera/bike/strava-gateway/internal/worker/worker.go:295.2,295.27 1 0
github.com/ericbutera/bike/strava-gateway/internal/worker/worker.go:296.3,298.1 2 0
github.com/ericbutera/bike/strava-gateway/internal/worker/worker.go:302.2,303.16 2 0
github.com/ericbutera/bike/strava-gateway/internal/worker/worker.go:304.3,305.1 1 0
github.com/ericbutera/bike/strava-gateway/internal/worker/worker.go:306.3,309.1 2 0
github.com/ericbutera/bike/strava-gateway/internal/worker/worker.go:310.2,311.16 2 0
github.com/ericbutera/bike/strava-gateway/internal/worker/worker.go:312.3,313.1 1 0
github.com/ericbutera/bike/strava-gateway/internal/worker/worker.go:314.3,315.1 1 0
github.com/ericbutera/bike/strava-gateway/internal/worker/worker.go:316.2,317.16 2 0
github.com/ericbutera/bike/strava-gateway/internal/worker/worker.go:318.3,319.1 1 0
github.com/ericbutera/bike/strava-gateway/internal/worker/worker.go:320.3,320.43 1 0
github.com/ericbutera/bike/strava-gateway/internal/worker/worker.go:321.4,322.1 1 0
github.com/ericbutera/bike/strava-gateway/internal/worker/worker.go:327.2,328.30 2 0
github.com/ericbutera/bike/strava-gateway/internal/worker/worker.go:329.3,330.30 2 0
github.com/ericbutera/bike/strava-gateway/internal/worker/worker.go:331.4,332.1 1 0
github.com/ericbutera/bike/strava-gateway/internal/worker/worker.go:334.2,334.26 1 0
github.com/ericbutera/bike/strava-gateway/internal/worker/worker.go:335.3,337.1 2 0
github.com/ericbutera/bike/strava-gateway/internal/worker/worker.go:338.2,338.47 1 0
github.com/ericbutera/bike/strava-gateway/internal/worker/worker.go:339.3,341.1 2 0
github.com/ericbutera/bike/strava-gateway/internal/worker/worker.go:342.2,342.76 1 0
github.com/ericbutera/bike/strava-gateway/internal/worker/worker.go:346.2,347.16 2 0
github.com/ericbutera/bike/strava-gateway/internal/worker/worker.go:348.3,349.1 1 0
github.com/ericbutera/bike/strava-gateway/internal/worker/worker.go:350.2,350.64 1 0
github.com/ericbutera/bike/strava-gateway/internal/worker/worker.go:351.3,352.1 1 0
github.com/ericbutera/bike/strava-gateway/internal/worker/worker.go:353.2,354.16 2 0
github.com/ericbutera/bike/strava-gateway/internal/worker/worker.go:355.3,355.45 1 0
github.com/ericbutera/bike/strava-gateway/internal/worker/worker.go:356.4,357.1 1 0
github.com/ericbutera/bike/strava-gateway/internal/worker/worker.go:358.3,358.13 1 0
github.com/ericbutera/bike/strava-gateway/internal/worker/worker.go:360.2,361.67 2 0
github.com/ericbutera/bike/strava-gateway/internal/worker/worker.go:362.3,363.45 2 0
github.com/ericbutera/bike/strava-gateway/internal/worker/worker.go:364.4,365.1 1 0
github.com/ericbutera/bike/strava-gateway/internal/worker/worker.go:366.3,366.17 1 0
github.com/ericbutera/bike/strava-gateway/internal/worker/worker.go:367.4,368.1 1 0
github.com/ericbutera/bike/strava-gateway/internal/worker/worker.go:370.2,370.44 1 0
github.com/ericbutera/bike/strava-gateway/internal/worker/worker.go:371.3,372.1 1 0
github.com/ericbutera/bike/strava-gateway/internal/worker/worker.go:373.2,373.16 1 0
github.com/ericbutera/bike/strava-gateway/internal/worker/worker.go:374.3,375.1 1 0
github.com/ericbutera/bike/strava-gateway/internal/worker/worker.go:376.2,376.49 1 0
github.com/ericbutera/bike/strava-gateway/internal/worker/worker.go:380.2,380.58 1 0
github.com/ericbutera/bike/strava-gateway/internal/worker/worker.go:381.3,382.1 1 0
github.com/ericbutera/bike/strava-gateway/internal/worker/worker.go:382.9,382.30 1 0
github.com/ericbutera/bike/strava-gateway/internal/worker/worker.go:383.3,384.1 1 0
github.com/ericbutera/bike/strava-gateway/internal/worker/worker.go:385.2,386.88 2 0
github.com/ericbutera/bike/strava-gateway/internal/worker/worker.go:387.3,388.1 1 0
github.com/ericbutera/bike/strava-gateway/internal/worker/worker.go:389.2,389.56 1 0
github.com/ericbutera/bike/strava-gateway/internal/worker/worker.go:390.3,391.1 1 0
github.com/ericbutera/bike/strava-gateway/internal/worker/worker.go:392.2,392.17 1 0
github.com/ericbutera/bike/strava-gateway/internal/worker/worker.go:396.2,396.66 1 0
github.com/ericbutera/bike/strava-gateway/internal/worker/worker.go:397.3,398.1 1 0
github.com/ericbutera/bike/strava-gateway/internal/worker/worker.go:399.2,399.67 1 0
github.com/ericbutera/bike/strava-gateway/internal/worker/worker.go:400.3,401.1 1 0
github.com/ericbutera/bike/strava-gateway/internal/worker/worker.go:402.2,402.38 1 0
github.com/ericbutera/bike/strava-gateway/internal/worker/worker.go:406.2,407.35 2 0
github.com/ericbutera/bike/strava-gateway/internal/worker/worker.go:408.3,408.45 1 0
github.com/ericbutera/bike/strava-gateway/internal/worker/worker.go:409.4,410.1 1 0
github.com/ericbutera/bike/strava-gateway/internal/worker/worker.go:411.3,411.71 1 0
github.com/ericbutera/bike/strava-gateway/internal/worker/worker.go:412.4,413.1 1 0
github.com/ericbutera/bike/strava-gateway/internal/worker/worker.go:414.3,414.65 1 0
github.com/ericbutera/bike/strava-gateway/internal/worker/worker.go:416.2,416.34 1 0
github.com/ericbutera/bike/strava-gateway/internal/worker/worker.go:417.3,418.1 1 0
github.com/ericbutera/bike/strava-gateway/internal/worker/worker.go:419.2,420.16 2 0
github.com/ericbutera/bike/strava-gateway/internal/worker/worker.go:421.3,422.1 1 0
github.com/ericbutera/bike/strava-gateway/internal/worker/worker.go:423.2,423.64 1 0
github.com/ericbutera/bike/strava-gateway/internal/worker/worker.go:424.3,425.1 1 0
github.com/ericbutera/bike/strava-gateway/internal/worker/worker.go:426.2,427.16 2 0
github.com/ericbutera/bike/strava-gateway/internal/worker/worker.go:428.3,428.45 1 0
github.com/ericbutera/bike/strava-gateway/internal/worker/worker.go:429.4,430.1 1 0
github.com/ericbutera/bike/strava-gateway/internal/worker/worker.go:431.3,431.13 1 0
github.com/ericbutera/bike/strava-gateway/internal/worker/worker.go:433.2,433.58 1 0
github.com/ericbutera/bike/strava-gateway/internal/worker/worker.go:434.3,435.1 1 0
github.com/ericbutera/bike/strava-gateway/internal/worker/worker.go:435.9,435.30 1 0
github.com/ericbutera/bike/strava-gateway/internal/worker/worker.go:436.3,437.1 1 0
github.com/ericbutera/bike/strava-gateway/internal/worker/worker.go:438.2,439.86 2 0
github.com/ericbutera/bike/strava-gateway/internal/worker/worker.go:440.3,441.1 1 0
github.com/ericbutera/bike/strava-gateway/internal/worker/worker.go:442.2,442.67 1 0
github.com/ericbutera/bike/strava-gateway/internal/worker/worker.go:443.3,444.17 2 0
github.com/ericbutera/bike/strava-gateway/internal/worker/worker.go:445.4,445.46 1 0
github.com/ericbutera/bike/strava-gateway/internal/worker/worker.go:446.5,447.1 1 0
github.com/ericbutera/bike/strava-gateway/internal/worker/worker.go:448.4,448.14 1 0
github.com/ericbutera/bike/strava-gateway/internal/worker/worker.go:450.3,450.69 1 0
github.com/ericbutera/bike/strava-gateway/internal/worker/worker.go:451.4,452.1 1 0
github.com/ericbutera/bike/strava-gateway/internal/worker/worker.go:452.10,452.31 1 0
github.com/ericbutera/bike/strava-gateway/internal/worker/worker.go:453.4,454.1 1 0
github.com/ericbutera/bike/strava-gateway/internal/worker/worker.go:455.3,456.87 2 0
github.com/ericbutera/bike/strava-gateway/internal/worker/worker.go:457.4,458.1 1 0
github.com/ericbutera/bike/strava-gateway/internal/worker/worker.go:460.2,460.16 1 0
github.com/ericbutera/bike/strava-gateway/internal/worker/worker.go:461.3,462.43 2 0
github.com/ericbutera/bike/strava-gateway/internal/worker/worker.go:463.4,464.1 1 0
github.com/ericbutera/bike/strava-gateway/internal/worker/worker.go:465.3,465.43 1 0
github.com/ericbutera/bike/strava-gateway/internal/worker/worker.go:466.4,467.1 1 0
github.com/ericbutera/bike/strava-gateway/internal/worker/worker.go:468.3,468.13 1 0
github.com/ericbutera/bike/strava-gateway/internal/worker/worker.go:470.2,471.16 2 0
github.com/ericbutera/bike/strava-gateway/internal/worker/worker.go:472.3,473.1 1 0
github.com/ericbutera/bike/strava-gateway/internal/worker/worker.go:474.2,474.35 1 0
github.com/ericbutera/bike/strava-gateway/internal/worker/worker.go:475.3,477.1 1 0
github.com/ericbutera/bike/strava-gateway/internal/worker/worker.go:478.2,478.25 1 0
github.com/ericbutera/bike/strava-gateway/internal/worker/worker.go:479.3,480.1 1 0
github.com/ericbutera/bike/strava-gateway/internal/worker/worker.go:481.2,481.58 1 0
github.com/ericbutera/bike/strava-gateway/internal/worker/worker.go:482.3,483.1 1 0
github.com/ericbutera/bike/strava-gateway/internal/worker/worker.go:483.9,483.30 1 0
github.com/ericbutera/bike/strava-gateway/internal/worker/worker.go:484.3,485.1 1 0
github.com/ericbutera/bike/strava-gateway/internal/worker/worker.go:486.2,487.87 2 0
github.com/ericbutera/bike/strava-gateway/internal/worker/worker.go:488.3,489.1 1 0
github.com/ericbutera/bike/strava-gateway/internal/worker/worker.go:490.2,490.67 1 0
github.com/ericbutera/bike/strava-gateway/internal/worker/worker.go:491.3,492.17 2 0
github.com/ericbutera/bike/strava-gateway/internal/worker/worker.go:493.4,493.46 1 0
github.com/ericbutera/bike/strava-gateway/internal/worker/worker.go:494.5,495.1 1 0
github.com/ericbutera/bike/strava-gateway/internal/worker/worker.go:496.4,496.14 1 0
github.com/ericbutera/bike/strava-gateway/internal/worker/worker.go:498.3,498.69 1 0
github.com/ericbutera/bike/strava-gateway/internal/worker/worker.go:499.4,500.1 1 0
github.com/ericbutera/bike/strava-gateway/internal/worker/worker.go:500.10,500.31 1 0
github.com/ericbutera/bike/strava-gateway/internal/worker/worker.go:501.4,502.1 1 0
github.com/ericbutera/bike/strava-gateway/internal/worker/worker.go:503.3,504.88 2 0
github.com/ericbutera/bike/strava-gateway/internal/worker/worker.go:505.4,506.1 1 0
github.com/ericbutera/bike/strava-gateway/internal/worker/worker.go:508.2,509.16 2 0
github.com/ericbutera/bike/strava-gateway/internal/worker/worker.go:510.3,511.43 2 0
github.com/ericbutera/bike/strava-gateway/internal/worker/worker.go:512.4,513.1 1 0
github.com/ericbutera/bike/strava-gateway/internal/worker/worker.go:514.3,514.43 1 0
github.com/ericbutera/bike/strava-gateway/internal/worker/worker.go:515.4,516.1 1 0
github.com/ericbutera/bike/strava-gateway/internal/worker/worker.go:517.3,517.13 1 0
github.com/ericbutera/bike/strava-gateway/internal/worker/worker.go:519.2,519.31 1 0
github.com/ericbutera/bike/strava-gateway/internal/worker/worker.go:520.3,521.1 1 0
github.com/ericbutera/bike/strava-gateway/internal/worker/worker.go:522.2,526.16 2 0
github.com/ericbutera/bike/strava-gateway/internal/worker/worker.go:527.3,528.1 1 0
github.com/ericbutera/bike/strava-gateway/internal/worker/worker.go:529.2,530.16 2 0
github.com/ericbutera/bike/strava-gateway/internal/worker/worker.go:531.3,531.28 1 0
github.com/ericbutera/bike/strava-gateway/internal/worker/worker.go:532.4,533.1 1 0
github.com/ericbutera/bike/strava-gateway/internal/worker/worker.go:534.3,534.13 1 0
github.com/ericbutera/bike/strava-gateway/internal/worker/worker.go:536.2,536.38 1 0
github.com/ericbutera/bike/strava-gateway/internal/worker/worker.go:537.3,538.1 1 0
github.com/ericbutera/bike/strava-gateway/internal/worker/worker.go:539.2,539.65 1 0
github.com/ericbutera/bike/strava-gateway/internal/worker/worker.go:543.2,544.61 2 0
github.com/ericbutera/bike/strava-gateway/internal/worker/worker.go:545.3,546.1 1 0
github.com/ericbutera/bike/strava-gateway/internal/worker/worker.go:547.2,548.43 2 0
github.com/ericbutera/bike/strava-gateway/internal/worker/worker.go:549.3,551.1 2 0
github.com/ericbutera/bike/strava-gateway/internal/worker/worker.go:552.2,552.33 1 0
github.com/ericbutera/bike/strava-gateway/internal/worker/worker.go:553.3,554.1 1 0
github.com/ericbutera/bike/strava-gateway/internal/worker/worker.go:555.2,555.21 1 0
github.com/ericbutera/bike/strava-gateway/internal/worker/worker.go:559.2,559.73 1 0
github.com/ericbutera/bike/strava-gateway/internal/worker/worker.go:560.3,561.1 1 0
github.com/ericbutera/bike/strava-gateway/internal/worker/worker.go:562.2,562.59 1 0
github.com/ericbutera/bike/strava-gateway/internal/worker/worker.go:563.3,564.1 1 0
github.com/ericbutera/bike/strava-gateway/internal/worker/worker.go:564.9,564.30 1 0
github.com/ericbutera/bike/strava-gateway/internal/worker/worker.go:565.3,566.1 1 0
github.com/ericbutera/bike/strava-gateway/internal/worker/worker.go:567.2,568.88 2 0
github.com/ericbutera/bike/strava-gateway/internal/worker/worker.go:569.3,570.1 1 0
github.com/ericbutera/bike/strava-gateway/internal/worker/worker.go:571.2,571.16 1 0
github.com/ericbutera/bike/strava-gateway/internal/worker/worker.go:572.3,573.1 1 0
github.com/ericbutera/bike/strava-gateway/internal/worker/worker.go:574.2,576.23 3 0
github.com/ericbutera/bike/strava-gateway/internal/worker/worker.go:577.3,578.1 1 0
github.com/ericbutera/bike/strava-gateway/internal/worker/worker.go:579.2,579.67 1 0
github.com/ericbutera/bike/strava-gateway/internal/worker/worker.go:580.3,581.1 1 0
github.com/ericbutera/bike/strava-gateway/internal/worker/worker.go:582.2,582.24 1 0
github.com/ericbutera/bike/strava-gateway/internal/worker/worker.go:586.2,587.45 2 0
github.com/ericbutera/bike/strava-gateway/internal/worker/worker.go:588.3,589.1 1 0
github.com/ericbutera/bike/strava-gateway/internal/worker/worker.go:590.2,590.16 1 0
github.com/ericbutera/bike/strava-gateway/internal/worker/worker.go:591.3,592.1 1 0
github.com/ericbutera/bike/strava-gateway/internal/worker/worker.go:593.2,593.77 1 0
github.com/ericbutera/bike/strava-gateway/internal/worker/worker.go:594.3,595.1 1 0
github.com/ericbutera/bike/strava-gateway/internal/worker/worker.go:596.2,596.47 1 0
github.com/ericbutera/bike/strava-gateway/internal/worker/worker.go:600.2,600.66 1 0
github.com/ericbutera/bike/strava-gateway/internal/worker/worker.go:601.3,602.1 1 0
github.com/ericbutera/bike/strava-gateway/internal/worker/worker.go:603.2,603.64 1 0
github.com/ericbutera/bike/strava-gateway/internal/worker/worker.go:607.2,607.26 1 0
github.com/ericbutera/bike/strava-gateway/internal/worker/worker.go:608.3,609.1 1 0
github.com/ericbutera/bike/strava-gateway/internal/worker/worker.go:610.2,610.23 1 0
github.com/ericbutera/bike/strava-gateway/internal/worker/worker.go:614.2,616.1 2 0
github.com/ericbutera/bike/strava-gateway/internal/worker/worker.go:619.2,620.65 2 0
github.com/ericbutera/bike/strava-gateway/internal/worker/worker.go:621.3,622.1 1 0
github.com/ericbutera/bike/strava-gateway/internal/worker/worker.go:623.2,623.19 1 0
github.com/ericbutera/bike/strava-gateway/internal/worker/worker.go:624.3,625.1 1 0
github.com/ericbutera/bike/strava-gateway/internal/worker/worker.go:626.2,627.25 2 0
github.com/ericbutera/bike/strava-gateway/internal/worker/worker.go:628.3,629.1 1 0
github.com/ericbutera/bike/strava-gateway/internal/worker/worker.go:630.2,630.80 1 0
github.com/ericbutera/bike/strava-gateway/cmd/admin/main.go:19.2,21.46 3 0
github.com/ericbutera/bike/strava-gateway/cmd/admin/main.go:22.3,23.1 1 0
github.com/ericbutera/bike/strava-gateway/cmd/admin/main.go:27.2,27.20 1 0
github.com/ericbutera/bike/strava-gateway/cmd/admin/main.go:28.3,29.1 1 0
github.com/ericbutera/bike/strava-gateway/cmd/admin/main.go:30.2,30.27 1 0
github.com/ericbutera/bike/strava-gateway/cmd/admin/main.go:31.3,31.21 1 0
github.com/ericbutera/bike/strava-gateway/cmd/admin/main.go:32.4,33.1 1 0
github.com/ericbutera/bike/strava-gateway/cmd/admin/main.go:34.3,35.17 2 0
github.com/ericbutera/bike/strava-gateway/cmd/admin/main.go:36.4,37.1 1 0
github.com/ericbutera/bike/strava-gateway/cmd/admin/main.go:38.3,39.17 2 0
github.com/ericbutera/bike/strava-gateway/cmd/admin/main.go:40.4,41.1 1 0
github.com/ericbutera/bike/strava-gateway/cmd/admin/main.go:42.3,43.13 2 0
github.com/ericbutera/bike/strava-gateway/cmd/admin/main.go:45.2,46.23 2 0
github.com/ericbutera/bike/strava-gateway/cmd/admin/main.go:47.3,48.1 1 0
github.com/ericbutera/bike/strava-gateway/cmd/admin/main.go:49.2,50.16 2 0
github.com/ericbutera/bike/strava-gateway/cmd/admin/main.go:51.3,52.1 1 0
github.com/ericbutera/bike/strava-gateway/cmd/admin/main.go:53.2,55.17 3 0
github.com/ericbutera/bike/strava-gateway/cmd/admin/main.go:57.3,57.21 1 0
github.com/ericbutera/bike/strava-gateway/cmd/admin/main.go:58.4,59.1 1 0
github.com/ericbutera/bike/strava-gateway/cmd/admin/main.go:60.3,61.17 2 0
github.com/ericbutera/bike/strava-gateway/cmd/admin/main.go:62.4,63.1 1 0
github.com/ericbutera/bike/strava-gateway/cmd/admin/main.go:64.3,64.31 1 0
github.com/ericbutera/bike/strava-gateway/cmd/admin/main.go:65.4,66.1 1 0
github.com/ericbutera/bike/strava-gateway/cmd/admin/main.go:67.3,67.13 1 0
github.com/ericbutera/bike/strava-gateway/cmd/admin/main.go:69.3,69.21 1 0
github.com/ericbutera/bike/strava-gateway/cmd/admin/main.go:70.4,71.1 1 0
github.com/ericbutera/bike/strava-gateway/cmd/admin/main.go:72.3,73.17 2 0
github.com/ericbutera/bike/strava-gateway/cmd/admin/main.go:74.4,75.1 1 0
github.com/ericbutera/bike/strava-gateway/cmd/admin/main.go:76.3,76.65 1 0
github.com/ericbutera/bike/strava-gateway/cmd/admin/main.go:77.4,78.1 1 0
github.com/ericbutera/bike/strava-gateway/cmd/admin/main.go:79.3,80.13 2 0
github.com/ericbutera/bike/strava-gateway/cmd/admin/main.go:82.3,82.21 1 0
github.com/ericbutera/bike/strava-gateway/cmd/admin/main.go:83.4,84.1 1 0
github.com/ericbutera/bike/strava-gateway/cmd/admin/main.go:85.3,86.17 2 0
github.com/ericbutera/bike/strava-gateway/cmd/admin/main.go:87.4,88.1 1 0
github.com/ericbutera/bike/strava-gateway/cmd/admin/main.go:89.3,89.49 1 0
github.com/ericbutera/bike/strava-gateway/cmd/admin/main.go:91.3,91.128 1 0
github.com/ericbutera/bike/strava-gateway/cmd/export_rust/main.go:18.2,20.46 3 0
github.com/ericbutera/bike/strava-gateway/cmd/export_rust/main.go:21.3,22.1 1 0
github.com/ericbutera/bike/strava-gateway/cmd/export_rust/main.go:26.2,27.44 2 0
github.com/ericbutera/bike/strava-gateway/cmd/export_rust/main.go:28.3,29.1 1 0
github.com/ericbutera/bike/strava-gateway/cmd/export_rust/main.go:29.9,29.27 1 0
github.com/ericbutera/bike/strava-gateway/cmd/export_rust/main.go:30.3,31.1 1 0
github.com/ericbutera/bike/strava-gateway/cmd/export_rust/main.go:32.2,32.77 1 0
github.com/ericbutera/bike/strava-gateway/cmd/export_rust/main.go:33.3,34.1 1 0
github.com/ericbutera/bike/strava-gateway/cmd/export_rust/main.go:35.2,36.16 2 0
github.com/ericbutera/bike/strava-gateway/cmd/export_rust/main.go:37.3,38.1 1 0
github.com/ericbutera/bike/strava-gateway/cmd/export_rust/main.go:39.2,40.16 2 0
github.com/ericbutera/bike/strava-gateway/cmd/export_rust/main.go:41.3,42.1 1 0
github.com/ericbutera/bike/strava-gateway/cmd/export_rust/main.go:43.2,45.16 3 0
github.com/ericbutera/bike/strava-gateway/cmd/export_rust/main.go:46.3,47.1 1 0
github.com/ericbutera/bike/strava-gateway/cmd/export_rust/main.go:48.2,51.16 4 0
github.com/ericbutera/bike/strava-gateway/cmd/export_rust/main.go:52.3,53.1 1 0
github.com/ericbutera/bike/strava-gateway/cmd/export_rust/main.go:54.2,56.18 3 0
github.com/ericbutera/bike/strava-gateway/cmd/export_rust/main.go:57.3,58.66 2 0
github.com/ericbutera/bike/strava-gateway/cmd/export_rust/main.go:59.4,61.1 2 0
github.com/ericbutera/bike/strava-gateway/cmd/export_rust/main.go:62.3,62.32 1 0
github.com/ericbutera/bike/strava-gateway/cmd/export_rust/main.go:64.2,66.16 3 0
github.com/ericbutera/bike/strava-gateway/cmd/export_rust/main.go:67.3,68.1 1 0
github.com/ericbutera/bike/strava-gateway/cmd/export_rust/main.go:69.2,69.22 1 0
github.com/ericbutera/bike/strava-gateway/cmd/export_rust/main.go:70.3,71.1 1 0
github.com/ericbutera/bike/strava-gateway/cmd/export_rust/main.go:72.2,75.1 3 0
github.com/ericbutera/bike/strava-gateway/cmd/export_rust/main.go:76.2,77.30 3 0
github.com/ericbutera/bike/strava-gateway/cmd/export_rust/main.go:78.3,79.17 2 0
github.com/ericbutera/bike/strava-gateway/cmd/export_rust/main.go:80.4,81.1 1 0
github.com/ericbutera/bike/strava-gateway/cmd/export_rust/main.go:82.3,82.33 1 0
github.com/ericbutera/bike/strava-gateway/cmd/export_rust/main.go:83.4,84.1 1 0
github.com/ericbutera/bike/strava-gateway/cmd/export_rust/main.go:85.3,86.17 2 0
github.com/ericbutera/bike/strava-gateway/cmd/export_rust/main.go:87.4,88.1 1 0
github.com/ericbutera/bike/strava-gateway/cmd/export_rust/main.go:89.3,89.62 1 0
github.com/ericbutera/bike/strava-gateway/cmd/export_rust/main.go:90.4,91.1 1 0
github.com/ericbutera/bike/strava-gateway/cmd/export_rust/main.go:92.3,92.71 1 0
github.com/ericbutera/bike/strava-gateway/cmd/export_rust/main.go:94.2,94.11 1 0
github.com/ericbutera/bike/strava-gateway/cmd/export_rust/main.go:95.3,97.17 3 0
github.com/ericbutera/bike/strava-gateway/cmd/export_rust/main.go:98.4,99.1 1 0
github.com/ericbutera/bike/strava-gateway/cmd/export_rust/main.go:100.3,100.16 1 0
github.com/ericbutera/bike/strava-gateway/cmd/export_rust/main.go:101.4,103.107 3 0
github.com/ericbutera/bike/strava-gateway/cmd/export_rust/main.go:104.5,105.1 1 0
github.com/ericbutera/bike/strava-gateway/cmd/export_rust/main.go:107.3,107.30 1 0
github.com/ericbutera/bike/strava-gateway/cmd/export_rust/main.go:108.4,113.18 2 0
github.com/ericbutera/bike/strava-gateway/cmd/export_rust/main.go:114.5,115.1 1 0
github.com/ericbutera/bike/strava-gateway/cmd/export_rust/main.go:116.4,116.34 1 0
github.com/ericbutera/bike/strava-gateway/cmd/export_rust/main.go:117.5,118.1 1 0
github.com/ericbutera/bike/strava-gateway/cmd/export_rust/main.go:120.3,120.40 1 0
github.com/ericbutera/bike/strava-gateway/cmd/export_rust/main.go:121.4,122.1 1 0
github.com/ericbutera/bike/strava-gateway/cmd/export_rust/main.go:124.2,124.11 1 0
github.com/ericbutera/bike/strava-gateway/cmd/export_rust/main.go:125.3,126.1 1 0
github.com/ericbutera/bike/strava-gateway/cmd/export_rust/main.go:127.3,128.1 1 0
github.com/ericbutera/bike/strava-gateway/cmd/export_rust/main.go:129.2,129.12 1 0
github.com/ericbutera/bike/strava-gateway/cmd/gateway/main.go:32.2,33.16 2 0
github.com/ericbutera/bike/strava-gateway/cmd/gateway/main.go:34.3,35.1 1 0
github.com/ericbutera/bike/strava-gateway/cmd/gateway/main.go:37.2,39.16 3 0
github.com/ericbutera/bike/strava-gateway/cmd/gateway/main.go:40.3,41.1 1 0
github.com/ericbutera/bike/strava-gateway/cmd/gateway/main.go:42.2,43.39 2 0
github.com/ericbutera/bike/strava-gateway/cmd/gateway/main.go:44.3,45.1 1 0
github.com/ericbutera/bike/strava-gateway/cmd/gateway/main.go:46.2,50.16 5 0
github.com/ericbutera/bike/strava-gateway/cmd/gateway/main.go:51.3,52.1 1 0
github.com/ericbutera/bike/strava-gateway/cmd/gateway/main.go:53.2,53.15 1 0
github.com/ericbutera/bike/strava-gateway/cmd/gateway/main.go:54.3,56.58 3 0
github.com/ericbutera/bike/strava-gateway/cmd/gateway/main.go:57.4,58.1 1 0
github.com/ericbutera/bike/strava-gateway/cmd/gateway/main.go:60.2,65.16 6 0
github.com/ericbutera/bike/strava-gateway/cmd/gateway/main.go:66.3,67.1 1 0
github.com/ericbutera/bike/strava-gateway/cmd/gateway/main.go:68.2,70.16 3 0
github.com/ericbutera/bike/strava-gateway/cmd/gateway/main.go:71.3,72.1 1 0
github.com/ericbutera/bike/strava-gateway/cmd/gateway/main.go:73.2,74.50 2 0
github.com/ericbutera/bike/strava-gateway/cmd/gateway/main.go:75.3,76.1 1 0
github.com/ericbutera/bike/strava-gateway/cmd/gateway/main.go:77.2,84.1 2 0
github.com/ericbutera/bike/strava-gateway/cmd/gateway/main.go:85.2,85.43 2 0
github.com/ericbutera/bike/strava-gateway/cmd/gateway/main.go:86.3,87.1 1 0
github.com/ericbutera/bike/strava-gateway/cmd/gateway/main.go:88.2,101.1 9 0
github.com/ericbutera/bike/strava-gateway/cmd/gateway/main.go:102.2,106.16 9 0
github.com/ericbutera/bike/strava-gateway/cmd/gateway/main.go:107.3,108.1 1 0
github.com/ericbutera/bike/strava-gateway/cmd/gateway/main.go:109.2,114.12 3 0
github.com/ericbutera/bike/strava-gateway/cmd/gateway/main.go:115.3,115.56 1 0
github.com/ericbutera/bike/strava-gateway/cmd/gateway/main.go:116.4,117.1 1 0
github.com/ericbutera/bike/strava-gateway/cmd/gateway/main.go:119.2,120.74 2 0
github.com/ericbutera/bike/strava-gateway/cmd/gateway/main.go:120.76,120.106 1 0
github.com/ericbutera/bike/strava-gateway/cmd/gateway/main.go:121.2,121.73 1 0
github.com/ericbutera/bike/strava-gateway/cmd/gateway/main.go:122.3,124.40 3 0
github.com/ericbutera/bike/strava-gateway/cmd/gateway/main.go:125.4,127.1 2 0
github.com/ericbutera/bike/strava-gateway/cmd/gateway/main.go:128.3,128.31 1 0
github.com/ericbutera/bike/strava-gateway/cmd/gateway/main.go:130.2,131.16 2 0
github.com/ericbutera/bike/strava-gateway/cmd/gateway/main.go:132.3,133.1 1 0
github.com/ericbutera/bike/strava-gateway/cmd/gateway/main.go:134.2,136.57 1 0
github.com/ericbutera/bike/strava-gateway/cmd/gateway/main.go:137.5,138.1 1 0
github.com/ericbutera/bike/strava-gateway/cmd/gateway/main.go:141.2,142.23 2 0
github.com/ericbutera/bike/strava-gateway/cmd/gateway/main.go:143.3,144.1 1 0
github.com/ericbutera/bike/strava-gateway/cmd/gateway/main.go:145.2,147.12 3 0
github.com/ericbutera/bike/strava-gateway/cmd/gateway/main.go:147.14,147.69 1 0
github.com/ericbutera/bike/strava-gateway/cmd/gateway/main.go:148.2,148.15 1 0
github.com/ericbutera/bike/strava-gateway/cmd/gateway/main.go:149.3,151.65 3 0
github.com/ericbutera/bike/strava-gateway/cmd/gateway/main.go:152.4,153.1 1 0
github.com/ericbutera/bike/strava-gateway/cmd/gateway/main.go:155.2,157.12 3 0
github.com/ericbutera/bike/strava-gateway/cmd/gateway/main.go:157.14,157.55 1 0
github.com/ericbutera/bike/strava-gateway/cmd/gateway/main.go:158.2,158.9 1 0
github.com/ericbutera/bike/strava-gateway/cmd/gateway/main.go:160.3,160.58 1 0
github.com/ericbutera/bike/strava-gateway/cmd/gateway/main.go:161.4,162.1 1 0
github.com/ericbutera/bike/strava-gateway/cmd/gateway/main.go:164.3,164.58 1 0
github.com/ericbutera/bike/strava-gateway/cmd/gateway/main.go:165.4,166.1 1 0
github.com/ericbutera/bike/strava-gateway/cmd/gateway/main.go:168.3,170.58 3 0
github.com/ericbutera/bike/strava-gateway/cmd/gateway/main.go:171.4,172.1 1 0
github.com/ericbutera/bike/strava-gateway/cmd/gateway/main.go:177.2,178.17 2 0
github.com/ericbutera/bike/strava-gateway/cmd/gateway/main.go:179.3,180.1 1 0
github.com/ericbutera/bike/strava-gateway/cmd/gateway/main.go:181.2,181.14 1 0
github.com/ericbutera/bike/strava-gateway/cmd/import_rust/main.go:24.2,26.46 3 0
github.com/ericbutera/bike/strava-gateway/cmd/import_rust/main.go:27.3,28.1 1 0
github.com/ericbutera/bike/strava-gateway/cmd/import_rust/main.go:32.2,34.44 3 0
github.com/ericbutera/bike/strava-gateway/cmd/import_rust/main.go:35.3,36.1 1 0
github.com/ericbutera/bike/strava-gateway/cmd/import_rust/main.go:36.9,36.84 1 0
github.com/ericbutera/bike/strava-gateway/cmd/import_rust/main.go:37.3,39.1 2 0
github.com/ericbutera/bike/strava-gateway/cmd/import_rust/main.go:39.9,39.27 1 0
github.com/ericbutera/bike/strava-gateway/cmd/import_rust/main.go:40.3,41.1 1 0
github.com/ericbutera/bike/strava-gateway/cmd/import_rust/main.go:42.2,43.19 2 0
github.com/ericbutera/bike/strava-gateway/cmd/import_rust/main.go:44.3,45.1 1 0
github.com/ericbutera/bike/strava-gateway/cmd/import_rust/main.go:46.2,47.16 2 0
github.com/ericbutera/bike/strava-gateway/cmd/import_rust/main.go:48.3,49.1 1 0
github.com/ericbutera/bike/strava-gateway/cmd/import_rust/main.go:50.2,52.16 3 0
github.com/ericbutera/bike/strava-gateway/cmd/import_rust/main.go:53.3,54.1 1 0
github.com/ericbutera/bike/strava-gateway/cmd/import_rust/main.go:55.2,55.12 1 0
github.com/ericbutera/bike/strava-gateway/cmd/import_rust/main.go:56.3,58.1 2 0
github.com/ericbutera/bike/strava-gateway/cmd/import_rust/main.go:59.2,59.27 1 0
github.com/ericbutera/bike/strava-gateway/cmd/import_rust/main.go:60.3,61.1 1 0
github.com/ericbutera/bike/strava-gateway/cmd/import_rust/main.go:62.2,63.22 2 0
github.com/ericbutera/bike/strava-gateway/cmd/import_rust/main.go:64.3,65.1 1 0
github.com/ericbutera/bike/strava-gateway/cmd/import_rust/main.go:66.2,67.16 2 0
github.com/ericbutera/bike/strava-gateway/cmd/import_rust/main.go:68.3,69.1 1 0
github.com/ericbutera/bike/strava-gateway/cmd/import_rust/main.go:70.2,71.16 2 0
github.com/ericbutera/bike/strava-gateway/cmd/import_rust/main.go:72.3,73.1 1 0
github.com/ericbutera/bike/strava-gateway/cmd/import_rust/main.go:74.2,77.35 4 0
github.com/ericbutera/bike/strava-gateway/cmd/import_rust/main.go:78.3,79.17 2 0
github.com/ericbutera/bike/strava-gateway/cmd/import_rust/main.go:80.4,81.1 1 0
github.com/ericbutera/bike/strava-gateway/cmd/import_rust/main.go:82.3,82.14 1 0
github.com/ericbutera/bike/strava-gateway/cmd/import_rust/main.go:83.4,84.1 1 0
github.com/ericbutera/bike/strava-gateway/cmd/import_rust/main.go:86.2,88.12 2 0
github.com/ericbutera/bike/strava-gateway/cmd/import_rust/main.go:92.2,95.16 2 0
github.com/ericbutera/bike/strava-gateway/cmd/import_rust/main.go:96.3,97.1 1 0
github.com/ericbutera/bike/strava-gateway/cmd/import_rust/main.go:98.2,100.18 3 0
github.com/ericbutera/bike/strava-gateway/cmd/import_rust/main.go:101.3,105.44 3 0
github.com/ericbutera/bike/strava-gateway/cmd/import_rust/main.go:106.4,107.1 1 0
github.com/ericbutera/bike/strava-gateway/cmd/import_rust/main.go:108.3,108.81 1 0
github.com/ericbutera/bike/strava-gateway/cmd/import_rust/main.go:109.4,110.1 1 0
github.com/ericbutera/bike/strava-gateway/cmd/import_rust/main.go:111.3,111.68 1 0
github.com/ericbutera/bike/strava-gateway/cmd/import_rust/main.go:112.4,113.1 1 0
github.com/ericbutera/bike/strava-gateway/cmd/import_rust/main.go:114.3,114.32 1 0
github.com/ericbutera/bike/strava-gateway/cmd/import_rust/main.go:116.2,116.27 1 0
github.com/ericbutera/bike/strava-gateway/cmd/migrate/main.go:13.2,14.23 2 0
github.com/ericbutera/bike/strava-gateway/cmd/migrate/main.go:15.3,16.1 1 0
github.com/ericbutera/bike/strava-gateway/cmd/migrate/main.go:17.2,19.58 3 0
github.com/ericbutera/bike/strava-gateway/cmd/migrate/main.go:20.3,21.1 1 0
github.com/ericbutera/bike/strava-gateway/cmd/worker/main.go:25.2,26.16 2 0
github.com/ericbutera/bike/strava-gateway/cmd/worker/main.go:27.3,28.1 1 0
github.com/ericbutera/bike/strava-gateway/cmd/worker/main.go:30.2,31.16 2 0
github.com/ericbutera/bike/strava-gateway/cmd/worker/main.go:32.3,33.1 1 0
github.com/ericbutera/bike/strava-gateway/cmd/worker/main.go:34.2,38.16 5 0
github.com/ericbutera/bike/strava-gateway/cmd/worker/main.go:39.3,40.1 1 0
github.com/ericbutera/bike/strava-gateway/cmd/worker/main.go:41.2,41.15 1 0
github.com/ericbutera/bike/strava-gateway/cmd/worker/main.go:42.3,44.58 3 0
github.com/ericbutera/bike/strava-gateway/cmd/worker/main.go:45.4,46.1 1 0
github.com/ericbutera/bike/strava-gateway/cmd/worker/main.go:48.2,51.16 4 0
github.com/ericbutera/bike/strava-gateway/cmd/worker/main.go:52.3,53.1 1 0
github.com/ericbutera/bike/strava-gateway/cmd/worker/main.go:54.2,56.16 3 0
github.com/ericbutera/bike/strava-gateway/cmd/worker/main.go:57.3,58.1 1 0
github.com/ericbutera/bike/strava-gateway/cmd/worker/main.go:59.2,60.39 2 0
github.com/ericbutera/bike/strava-gateway/cmd/worker/main.go:61.3,62.1 1 0
github.com/ericbutera/bike/strava-gateway/cmd/worker/main.go:63.2,77.1 3 0
github.com/ericbutera/bike/strava-gateway/cmd/worker/main.go:78.2,79.23 3 0
github.com/ericbutera/bike/strava-gateway/cmd/worker/main.go:80.3,81.1 1 0
github.com/ericbutera/bike/strava-gateway/cmd/worker/main.go:82.2,84.12 3 0
github.com/ericbutera/bike/strava-gateway/cmd/worker/main.go:84.14,84.69 1 0
github.com/ericbutera/bike/strava-gateway/cmd/worker/main.go:85.2,85.15 1 0
github.com/ericbutera/bike/strava-gateway/cmd/worker/main.go:86.3,88.65 3 0
github.com/ericbutera/bike/strava-gateway/cmd/worker/main.go:89.4,90.1 1 0
github.com/ericbutera/bike/strava-gateway/cmd/worker/main.go:92.2,92.23 1 0
github.com/ericbutera/bike/strava-gateway/cmd/worker/main.go:93.3,93.10 1 0
github.com/ericbutera/bike/strava-gateway/cmd/worker/main.go:95.4,95.45 1 0
github.com/ericbutera/bike/strava-gateway/cmd/worker/main.go:96.5,98.1 2 0
github.com/ericbutera/bike/strava-gateway/cmd/worker/main.go:99.11,99.11 0 0
github.com/ericbutera/bike/strava-gateway/cmd/worker/main.go:101.3,101.42 1 0
github.com/ericbutera/bike/strava-gateway/cmd/worker/main.go:102.4,103.11 2 0
github.com/ericbutera/bike/strava-gateway/cmd/worker/main.go:104.22,104.22 0 0
github.com/ericbutera/bike/strava-gateway/cmd/worker/main.go:105.39,105.39 0 0
github.com/ericbutera/bike/strava-gateway/cmd/worker/main.go:112.2,113.17 2 0
github.com/ericbutera/bike/strava-gateway/cmd/worker/main.go:114.3,115.1 1 0
github.com/ericbutera/bike/strava-gateway/cmd/worker/main.go:116.2,116.14 1 0
github.com/ericbutera/bike/strava-gateway/internal/oauth/grpc.go:29.2,30.45 2 0
github.com/ericbutera/bike/strava-gateway/internal/oauth/grpc.go:31.3,32.1 1 0
github.com/ericbutera/bike/strava-gateway/internal/oauth/grpc.go:33.2,34.97 2 0
github.com/ericbutera/bike/strava-gateway/internal/oauth/grpc.go:35.3,36.1 1 0
github.com/ericbutera/bike/strava-gateway/internal/oauth/grpc.go:37.2,39.16 3 0
github.com/ericbutera/bike/strava-gateway/internal/oauth/grpc.go:40.3,41.1 1 0
github.com/ericbutera/bike/strava-gateway/internal/oauth/grpc.go:42.2,43.31 2 0
github.com/ericbutera/bike/strava-gateway/internal/oauth/grpc.go:44.3,45.1 1 0
github.com/ericbutera/bike/strava-gateway/internal/oauth/grpc.go:46.2,46.64 1 0
github.com/ericbutera/bike/strava-gateway/internal/oauth/grpc.go:47.3,48.1 1 0
github.com/ericbutera/bike/strava-gateway/internal/oauth/grpc.go:49.2,50.48 2 0
github.com/ericbutera/bike/strava-gateway/internal/oauth/grpc.go:51.3,52.1 1 0
github.com/ericbutera/bike/strava-gateway/internal/oauth/grpc.go:53.2,55.41 3 0
github.com/ericbutera/bike/strava-gateway/internal/oauth/grpc.go:56.3,57.1 1 0
github.com/ericbutera/bike/strava-gateway/internal/oauth/grpc.go:58.2,58.12 1 0
github.com/ericbutera/bike/strava-gateway/internal/oauth/grpc.go:62.2,63.65 1 0
github.com/ericbutera/bike/strava-gateway/internal/oauth/grpc.go:64.3,65.1 1 0
github.com/ericbutera/bike/strava-gateway/internal/oauth/grpc.go:66.2,67.49 2 0
github.com/ericbutera/bike/strava-gateway/internal/oauth/grpc.go:68.3,69.1 1 0
github.com/ericbutera/bike/strava-gateway/internal/oauth/grpc.go:70.2,75.17 4 0
github.com/ericbutera/bike/strava-gateway/internal/oauth/grpc.go:76.3,77.1 1 0
github.com/ericbutera/bike/strava-gateway/internal/oauth/grpc.go:78.2,80.8 1 0
github.com/ericbutera/bike/strava-gateway/internal/oauth/grpc.go:84.2,85.65 1 0
github.com/ericbutera/bike/strava-gateway/internal/oauth/grpc.go:86.3,87.1 1 0
github.com/ericbutera/bike/strava-gateway/internal/oauth/grpc.go:88.2,91.45 4 0
github.com/ericbutera/bike/strava-gateway/internal/oauth/grpc.go:92.3,93.1 1 0
github.com/ericbutera/bike/strava-gateway/internal/oauth/grpc.go:94.2,94.16 1 0
github.com/ericbutera/bike/strava-gateway/internal/oauth/grpc.go:95.3,96.1 1 0
github.com/ericbutera/bike/strava-gateway/internal/oauth/grpc.go:97.2,98.16 2 0
github.com/ericbutera/bike/strava-gateway/internal/oauth/grpc.go:99.3,100.1 1 0
github.com/ericbutera/bike/strava-gateway/internal/oauth/grpc.go:101.2,102.16 2 0
github.com/ericbutera/bike/strava-gateway/internal/oauth/grpc.go:103.3,104.1 1 0
github.com/ericbutera/bike/strava-gateway/internal/oauth/grpc.go:105.2,109.1 2 0
github.com/ericbutera/bike/strava-gateway/internal/oauth/grpc.go:110.2,110.37 2 0
github.com/ericbutera/bike/strava-gateway/internal/oauth/grpc.go:111.3,113.1 2 0
github.com/ericbutera/bike/strava-gateway/internal/oauth/grpc.go:114.2,114.22 1 0
github.com/ericbutera/bike/strava-gateway/internal/oauth/grpc.go:118.2,119.80 1 0
github.com/ericbutera/bike/strava-gateway/internal/oauth/grpc.go:120.3,121.1 1 0
github.com/ericbutera/bike/strava-gateway/internal/oauth/grpc.go:122.2,122.105 1 0
github.com/ericbutera/bike/strava-gateway/internal/oauth/grpc.go:123.3,124.1 1 0
github.com/ericbutera/bike/strava-gateway/internal/oauth/grpc.go:125.2,128.45 4 0
github.com/ericbutera/bike/strava-gateway/internal/oauth/grpc.go:129.3,130.1 1 0
github.com/ericbutera/bike/strava-gateway/internal/oauth/grpc.go:131.2,131.83 1 0
github.com/ericbutera/bike/strava-gateway/internal/oauth/grpc.go:132.3,133.1 1 0
github.com/ericbutera/bike/strava-gateway/internal/oauth/grpc.go:134.2,134.57 1 0
github.com/ericbutera/bike/strava-gateway/internal/oauth/grpc.go:138.2,139.65 1 0
github.com/ericbutera/bike/strava-gateway/internal/oauth/grpc.go:140.3,141.1 1 0
github.com/ericbutera/bike/strava-gateway/internal/oauth/grpc.go:142.2,145.45 4 0
github.com/ericbutera/bike/strava-gateway/internal/oauth/grpc.go:146.3,147.1 1 0
github.com/ericbutera/bike/strava-gateway/internal/oauth/grpc.go:148.2,148.76 1 0
github.com/ericbutera/bike/strava-gateway/internal/oauth/grpc.go:149.3,150.1 1 0
github.com/ericbutera/bike/strava-gateway/internal/oauth/grpc.go:151.2,151.63 1 0
github.com/ericbutera/bike/strava-gateway/internal/oauth/handler.go:45.2,50.1 5 0
github.com/ericbutera/bike/strava-gateway/internal/oauth/handler.go:53.2,54.9 2 0
github.com/ericbutera/bike/strava-gateway/internal/oauth/handler.go:55.3,56.1 1 0
github.com/ericbutera/bike/strava-gateway/internal/oauth/handler.go:57.2,60.45 4 0
github.com/ericbutera/bike/strava-gateway/internal/oauth/handler.go:61.3,68.1 2 0
github.com/ericbutera/bike/strava-gateway/internal/oauth/handler.go:69.2,69.16 1 0
github.com/ericbutera/bike/strava-gateway/internal/oauth/handler.go:70.3,72.1 2 0
github.com/ericbutera/bike/strava-gateway/internal/oauth/handler.go:73.2,74.16 2 0
github.com/ericbutera/bike/strava-gateway/internal/oauth/handler.go:75.3,77.1 2 0
github.com/ericbutera/bike/strava-gateway/internal/oauth/handler.go:78.2,79.16 2 0
github.com/ericbutera/bike/strava-gateway/internal/oauth/handler.go:80.3,82.1 2 0
github.com/ericbutera/bike/strava-gateway/internal/oauth/handler.go:83.2,90.4 1 0
github.com/ericbutera/bike/strava-gateway/internal/oauth/handler.go:94.2,95.9 2 0
github.com/ericbutera/bike/strava-gateway/internal/oauth/handler.go:96.3,97.1 1 0
github.com/ericbutera/bike/strava-gateway/internal/oauth/handler.go:98.2,98.84 1 0
github.com/ericbutera/bike/strava-gateway/internal/oauth/handler.go:99.3,101.1 2 0
github.com/ericbutera/bike/strava-gateway/internal/oauth/handler.go:102.2,105.45 4 0
github.com/ericbutera/bike/strava-gateway/internal/oauth/handler.go:106.3,108.1 2 0
github.com/ericbutera/bike/strava-gateway/internal/oauth/handler.go:109.2,109.69 1 0
github.com/ericbutera/bike/strava-gateway/internal/oauth/handler.go:110.3,112.1 2 0
github.com/ericbutera/bike/strava-gateway/internal/oauth/handler.go:113.2,113.53 1 0
github.com/ericbutera/bike/strava-gateway/internal/oauth/handler.go:117.2,118.9 2 0
github.com/ericbutera/bike/strava-gateway/internal/oauth/handler.go:119.3,120.1 1 0
github.com/ericbutera/bike/strava-gateway/internal/oauth/handler.go:121.2,124.45 4 0
github.com/ericbutera/bike/strava-gateway/internal/oauth/handler.go:125.3,127.1 2 0
github.com/ericbutera/bike/strava-gateway/internal/oauth/handler.go:128.2,128.69 1 0
github.com/ericbutera/bike/strava-gateway/internal/oauth/handler.go:129.3,131.1 2 0
github.com/ericbutera/bike/strava-gateway/internal/oauth/handler.go:132.2,132.59 1 0
github.com/ericbutera/bike/strava-gateway/internal/oauth/handler.go:136.2,137.16 2 0
github.com/ericbutera/bike/strava-gateway/internal/oauth/handler.go:138.3,140.1 2 0
github.com/ericbutera/bike/strava-gateway/internal/oauth/handler.go:141.2,142.78 2 0
github.com/ericbutera/bike/strava-gateway/internal/oauth/handler.go:143.3,145.1 2 0
github.com/ericbutera/bike/strava-gateway/internal/oauth/handler.go:146.2,147.87 2 0
github.com/ericbutera/bike/strava-gateway/internal/oauth/handler.go:148.3,150.1 2 0
github.com/ericbutera/bike/strava-gateway/internal/oauth/handler.go:151.2,151.20 1 0
github.com/ericbutera/bike/strava-gateway/internal/oauth/handler.go:155.2,157.1 2 0
github.com/ericbutera/bike/strava-gateway/internal/oauth/handler.go:160.2,161.16 2 0
github.com/ericbutera/bike/strava-gateway/internal/oauth/handler.go:162.3,164.1 2 0
github.com/ericbutera/bike/strava-gateway/internal/oauth/handler.go:165.2,166.78 2 0
github.com/ericbutera/bike/strava-gateway/internal/oauth/handler.go:167.3,169.1 2 0
github.com/ericbutera/bike/strava-gateway/internal/oauth/handler.go:170.2,172.53 2 0
github.com/ericbutera/bike/strava-gateway/internal/oauth/handler.go:173.3,175.1 2 0
github.com/ericbutera/bike/strava-gateway/internal/oauth/handler.go:176.2,177.49 2 0
github.com/ericbutera/bike/strava-gateway/internal/oauth/handler.go:178.3,180.1 2 0
github.com/ericbutera/bike/strava-gateway/internal/oauth/handler.go:181.2,186.17 4 0
github.com/ericbutera/bike/strava-gateway/internal/oauth/handler.go:187.3,189.1 2 0
github.com/ericbutera/bike/strava-gateway/internal/oauth/handler.go:190.2,193.4 2 0
github.com/ericbutera/bike/strava-gateway/internal/oauth/handler.go:197.2,199.17 3 0
github.com/ericbutera/bike/strava-gateway/internal/oauth/handler.go:200.3,202.1 2 0
github.com/ericbutera/bike/strava-gateway/internal/oauth/handler.go:203.2,206.16 4 0
github.com/ericbutera/bike/strava-gateway/internal/oauth/handler.go:207.3,209.1 2 0
github.com/ericbutera/bike/strava-gateway/internal/oauth/handler.go:210.2,211.13 2 0
github.com/ericbutera/bike/strava-gateway/internal/oauth/handler.go:212.3,214.1 2 0
github.com/ericbutera/bike/strava-gateway/internal/oauth/handler.go:215.2,216.52 2 0
github.com/ericbutera/bike/strava-gateway/internal/oauth/handler.go:217.3,217.59 1 0
github.com/ericbutera/bike/strava-gateway/internal/oauth/handler.go:218.4,219.1 1 0
github.com/ericbutera/bike/strava-gateway/internal/oauth/handler.go:221.2,222.49 2 0
github.com/ericbutera/bike/strava-gateway/internal/oauth/handler.go:223.3,225.1 2 0
github.com/ericbutera/bike/strava-gateway/internal/oauth/handler.go:226.2,229.64 4 0
github.com/ericbutera/bike/strava-gateway/internal/oauth/handler.go:233.2,233.60 1 0
github.com/ericbutera/bike/strava-gateway/internal/oauth/handler.go:234.3,235.1 1 0
github.com/ericbutera/bike/strava-gateway/internal/oauth/handler.go:235.9,235.30 1 0
github.com/ericbutera/bike/strava-gateway/internal/oauth/handler.go:236.3,237.1 1 0
github.com/ericbutera/bike/strava-gateway/internal/oauth/handler.go:238.2,239.89 2 0
github.com/ericbutera/bike/strava-gateway/internal/oauth/handler.go:240.3,241.1 1 0
github.com/ericbutera/bike/strava-gateway/internal/oauth/handler.go:242.2,242.16 1 0
github.com/ericbutera/bike/strava-gateway/internal/oauth/handler.go:243.3,244.1 1 0
github.com/ericbutera/bike/strava-gateway/internal/oauth/handler.go:245.2,245.80 1 0
github.com/ericbutera/bike/strava-gateway/internal/oauth/handler.go:246.3,247.1 1 0
github.com/ericbutera/bike/strava-gateway/internal/oauth/handler.go:248.2,249.20 2 0
github.com/ericbutera/bike/strava-gateway/internal/oauth/handler.go:250.3,250.61 1 0
github.com/ericbutera/bike/strava-gateway/internal/oauth/handler.go:251.4,252.1 1 0
github.com/ericbutera/bike/strava-gateway/internal/oauth/handler.go:252.10,252.31 1 0
github.com/ericbutera/bike/strava-gateway/internal/oauth/handler.go:253.4,254.1 1 0
github.com/ericbutera/bike/strava-gateway/internal/oauth/handler.go:255.3,257.97 3 0
github.com/ericbutera/bike/strava-gateway/internal/oauth/handler.go:258.4,259.1 1 0
github.com/ericbutera/bike/strava-gateway/internal/oauth/handler.go:260.3,260.17 1 0
github.com/ericbutera/bike/strava-gateway/internal/oauth/handler.go:261.4,262.1 1 0
github.com/ericbutera/bike/strava-gateway/internal/oauth/handler.go:264.2,268.17 1 0
github.com/ericbutera/bike/strava-gateway/internal/oauth/handler.go:269.3,270.1 1 0
github.com/ericbutera/bike/strava-gateway/internal/oauth/handler.go:271.2,273.1 2 0
github.com/ericbutera/bike/strava-gateway/internal/oauth/handler.go:274.2,274.60 2 0
github.com/ericbutera/bike/strava-gateway/internal/oauth/handler.go:275.3,276.1 1 0
github.com/ericbutera/bike/strava-gateway/internal/oauth/handler.go:277.2,277.50 1 0
github.com/ericbutera/bike/strava-gateway/internal/oauth/handler.go:281.2,283.48 3 0
github.com/ericbutera/bike/strava-gateway/internal/oauth/handler.go:284.3,285.1 1 0
github.com/ericbutera/bike/strava-gateway/internal/oauth/handler.go:286.2,287.16 2 0
github.com/ericbutera/bike/strava-gateway/internal/oauth/handler.go:288.3,289.1 1 0
github.com/ericbutera/bike/strava-gateway/internal/oauth/handler.go:290.2,291.24 2 0
github.com/ericbutera/bike/strava-gateway/internal/oauth/handler.go:292.3,293.1 1 0
github.com/ericbutera/bike/strava-gateway/internal/oauth/handler.go:294.2,294.64 1 0
github.com/ericbutera/bike/strava-gateway/internal/oauth/handler.go:295.3,296.1 1 0
github.com/ericbutera/bike/strava-gateway/internal/oauth/handler.go:297.2,300.43 4 0
github.com/ericbutera/bike/strava-gateway/internal/observability/logger.go:11.2,11.19 1 0
github.com/ericbutera/bike/strava-gateway/internal/observability/logger.go:12.3,13.1 1 0
github.com/ericbutera/bike/strava-gateway/internal/observability/logger.go:15.2,15.76 1 0
github.com/ericbutera/bike/strava-gateway/internal/observability/logger.go:19.2,20.28 2 0
github.com/ericbutera/bike/strava-gateway/internal/observability/logger.go:21.3,22.1 1 0
github.com/ericbutera/bike/strava-gateway/internal/observability/logger.go:24.2,27.3 1 0
github.com/ericbutera/bike/strava-gateway/internal/observability/metrics.go:54.2,90.1 6 0
github.com/ericbutera/bike/strava-gateway/internal/observability/metrics.go:91.2,103.1 6 0
github.com/ericbutera/bike/strava-gateway/internal/observability/metrics.go:106.2,107.1 1 0
github.com/ericbutera/bike/strava-gateway/internal/observability/metrics.go:110.2,110.82 1 0
github.com/ericbutera/bike/strava-gateway/internal/observability/metrics.go:111.3,111.104 1 0
github.com/ericbutera/bike/strava-gateway/internal/observability/metrics.go:112.4,114.1 2 0
github.com/ericbutera/bike/strava-gateway/internal/observability/metrics.go:115.3,118.27 4 0
github.com/ericbutera/bike/strava-gateway/internal/observability/metrics.go:119.4,120.1 1 0
github.com/ericbutera/bike/strava-gateway/internal/observability/metrics.go:121.3,122.18 2 0
github.com/ericbutera/bike/strava-gateway/internal/observability/metrics.go:123.4,124.1 1 0
github.com/ericbutera/bike/strava-gateway/internal/observability/metrics.go:125.3,127.74 3 0
github.com/ericbutera/bike/strava-gateway/internal/observability/metrics.go:128.4,130.29 3 0
github.com/ericbutera/bike/strava-gateway/internal/observability/metrics.go:131.5,132.1 1 0
github.com/ericbutera/bike/strava-gateway/internal/observability/metrics.go:133.4,138.1 2 0
github.com/ericbutera/bike/strava-gateway/internal/observability/metrics.go:139.4,139.57 2 0
github.com/ericbutera/bike/strava-gateway/internal/observability/metrics.go:140.5,141.1 1 0
github.com/ericbutera/bike/strava-gateway/internal/observability/metrics.go:141.11,141.55 1 0
github.com/ericbutera/bike/strava-gateway/internal/observability/metrics.go:142.5,143.1 1 0
github.com/ericbutera/bike/strava-gateway/internal/observability/metrics.go:144.5,145.1 1 0
github.com/ericbutera/bike/strava-gateway/internal/observability/metrics.go:151.2,157.1 6 0
github.com/ericbutera/bike/strava-gateway/internal/observability/metrics.go:160.2,161.17 2 0
github.com/ericbutera/bike/strava-gateway/internal/observability/metrics.go:162.3,163.1 1 0
github.com/ericbutera/bike/strava-gateway/internal/observability/metrics.go:164.2,166.77 3 0
github.com/ericbutera/bike/strava-gateway/internal/observability/metrics.go:170.2,174.1 4 0
github.com/ericbutera/bike/strava-gateway/internal/observability/metrics.go:177.2,181.1 4 0
github.com/ericbutera/bike/strava-gateway/internal/observability/metrics.go:184.2,186.60 3 0
github.com/ericbutera/bike/strava-gateway/internal/observability/metrics.go:187.3,188.1 1 0
github.com/ericbutera/bike/strava-gateway/internal/observability/metrics.go:189.2,191.64 3 0
github.com/ericbutera/bike/strava-gateway/internal/observability/metrics.go:192.3,193.1 1 0
github.com/ericbutera/bike/strava-gateway/internal/observability/metrics.go:194.2,196.72 3 0
github.com/ericbutera/bike/strava-gateway/internal/observability/metrics.go:200.2,201.1 1 0
github.com/ericbutera/bike/strava-gateway/internal/observability/metrics.go:204.2,208.1 4 0
github.com/ericbutera/bike/strava-gateway/internal/observability/metrics.go:211.2,215.1 4 0
github.com/ericbutera/bike/strava-gateway/internal/observability/metrics.go:218.2,218.16 1 0
github.com/ericbutera/bike/strava-gateway/internal/observability/metrics.go:219.3,220.1 1 0
github.com/ericbutera/bike/strava-gateway/internal/observability/metrics.go:221.2,222.70 2 0
github.com/ericbutera/bike/strava-gateway/internal/observability/metrics.go:226.2,228.1 2 0
github.com/ericbutera/bike/strava-gateway/internal/observability/metrics.go:231.2,232.1 1 0
github.com/ericbutera/bike/strava-gateway/internal/observability/metrics.go:235.2,240.1 5 0
github.com/ericbutera/bike/strava-gateway/internal/observability/metrics.go:243.2,243.16 1 0
github.com/ericbutera/bike/strava-gateway/internal/observability/metrics.go:245.3,245.26 1 0
github.com/ericbutera/bike/strava-gateway/internal/observability/metrics.go:247.3,247.22 1 0
github.com/ericbutera/bike/strava-gateway/internal/observability/metrics.go:249.3,249.29 1 0
github.com/ericbutera/bike/strava-gateway/internal/observability/metrics.go:251.3,251.25 1 0
github.com/ericbutera/bike/strava-gateway/internal/observability/metrics.go:253.3,253.17 1 0
github.com/ericbutera/bike/strava-gateway/internal/observability/metrics.go:258.2,260.1 2 0
github.com/ericbutera/bike/strava-gateway/internal/observability/metrics.go:263.2,264.1 1 0
github.com/ericbutera/bike/strava-gateway/internal/observability/metrics.go:267.2,268.1 1 0
github.com/ericbutera/bike/strava-gateway/internal/observability/metrics.go:271.2,277.68 7 0
github.com/ericbutera/bike/strava-gateway/internal/observability/metrics.go:278.3,279.1 1 0
github.com/ericbutera/bike/strava-gateway/internal/observability/metrics.go:283.2,283.68 1 0
github.com/ericbutera/bike/strava-gateway/internal/observability/metrics.go:284.3,285.1 1 0
github.com/ericbutera/bike/strava-gateway/internal/observability/metrics.go:294.2,294.26 1 0
github.com/ericbutera/bike/strava-gateway/internal/observability/metrics.go:295.3,296.1 1 0
github.com/ericbutera/bike/strava-gateway/internal/observability/metrics.go:297.2,298.49 2 0
github.com/ericbutera/bike/strava-gateway/internal/observability/metrics.go:302.2,302.26 1 0
github.com/ericbutera/bike/strava-gateway/internal/observability/metrics.go:303.3,304.1 1 0
github.com/ericbutera/bike/strava-gateway/internal/observability/metrics.go:305.2,305.44 1 0
github.com/ericbutera/bike/strava-gateway/internal/observability/metrics.go:308.64,308.96 1 0
github.com/ericbutera/bike/strava-gateway/internal/observability/metrics.go:311.2,311.9 1 0
github.com/ericbutera/bike/strava-gateway/internal/observability/metrics.go:313.3,313.23 1 0
github.com/ericbutera/bike/strava-gateway/internal/observability/metrics.go:315.3,315.27 1 0
github.com/ericbutera/bike/strava-gateway/internal/observability/metrics.go:317.3,317.27 1 0
github.com/ericbutera/bike/strava-gateway/internal/observability/metrics.go:319.3,319.28 1 0
github.com/ericbutera/bike/strava-gateway/internal/observability/metrics.go:321.3,321.27 1 0
github.com/ericbutera/bike/strava-gateway/internal/observability/metrics.go:323.3,323.17 1 0
github.com/ericbutera/bike/strava-gateway/internal/observability/metrics.go:328.2,328.16 1 0
github.com/ericbutera/bike/strava-gateway/internal/observability/metrics.go:330.3,330.16 1 0
github.com/ericbutera/bike/strava-gateway/internal/observability/metrics.go:332.3,332.17 1 0
github.com/ericbutera/bike/strava-gateway/internal/observability/metrics.go:337.2,337.36 1 0
github.com/ericbutera/bike/strava-gateway/internal/observability/metrics.go:338.3,338.25 1 0
github.com/ericbutera/bike/strava-gateway/internal/observability/metrics.go:339.4,340.1 1 0
github.com/ericbutera/bike/strava-gateway/internal/observability/metrics.go:342.2,342.16 1 0
github.com/ericbutera/bike/strava-gateway/internal/observability/metrics.go:346.2,347.1 1 0
github.com/ericbutera/bike/strava-gateway/internal/observability/tracing.go:19.2,26.1 5 0
github.com/ericbutera/bike/strava-gateway/internal/observability/tracing.go:27.2,32.1 5 0
github.com/ericbutera/bike/strava-gateway/internal/observability/tracing.go:33.2,33.23 5 0
github.com/ericbutera/bike/strava-gateway/internal/observability/tracing.go:34.3,35.17 2 0
github.com/ericbutera/bike/strava-gateway/internal/observability/tracing.go:36.4,37.1 1 0
github.com/ericbutera/bike/strava-gateway/internal/observability/tracing.go:38.3,41.5 1 0
github.com/ericbutera/bike/strava-gateway/internal/observability/tracing.go:43.2,45.31 3 0
github.com/ericbutera/bike/strava-gateway/internal/observability/tracing.go:49.2,49.127 1 0
github.com/ericbutera/bike/strava-gateway/internal/observability/tracing.go:50.3,51.1 1 0
github.com/ericbutera/bike/strava-gateway/internal/observability/tracing.go:52.2,52.90 1 0
github.com/ericbutera/bike/strava-gateway/internal/observability/tracing.go:53.3,53.59 1 0
github.com/ericbutera/bike/strava-gateway/internal/observability/tracing.go:54.4,54.62 1 0
github.com/ericbutera/bike/strava-gateway/internal/observability/tracing.go:55.5,56.1 1 0
github.com/ericbutera/bike/strava-gateway/internal/observability/tracing.go:58.3,58.15 1 0
github.com/ericbutera/bike/strava-gateway/internal/observability/tracing.go:60.2,60.112 1 0
github.com/ericbutera/bike/strava-gateway/internal/observability/tracing.go:64.2,64.62 1 0
github.com/ericbutera/bike/strava-gateway/internal/observability/tracing.go:65.3,66.1 1 0
github.com/ericbutera/bike/strava-gateway/internal/observability/tracing.go:67.2,67.17 1 0
github.com/ericbutera/bike/strava-gateway/internal/observability/tracing.go:71.2,72.24 2 0
github.com/ericbutera/bike/strava-gateway/internal/observability/tracing.go:73.3,74.1 1 0
github.com/ericbutera/bike/strava-gateway/internal/observability/tracing.go:75.2,75.23 1 0
github.com/ericbutera/bike/strava-gateway/internal/observability/tracing.go:76.3,77.1 1 0
github.com/ericbutera/bike/strava-gateway/internal/observability/tracing.go:78.2,82.29 5 0
github.com/ericbutera/bike/strava-gateway/internal/observability/tracing.go:83.3,84.1 1 0
github.com/ericbutera/bike/strava-gateway/internal/observability/tracing.go:85.2,85.72 1 0
github.com/ericbutera/bike/strava-gateway/internal/provider/client.go:30.2,31.16 2 0
github.com/ericbutera/bike/strava-gateway/internal/provider/client.go:32.3,33.1 1 0
github.com/ericbutera/bike/strava-gateway/internal/provider/client.go:34.2,38.1 2 0
github.com/ericbutera/bike/strava-gateway/internal/provider/client.go:39.2,39.52 2 0
github.com/ericbutera/bike/strava-gateway/internal/provider/client.go:43.2,44.16 2 1
github.com/ericbutera/bike/strava-gateway/internal/provider/client.go:45.3,46.1 1 0
github.com/ericbutera/bike/strava-gateway/internal/provider/client.go:47.2,49.1 2 1
github.com/ericbutera/bike/strava-gateway/internal/provider/client.go:50.2,50.64 2 1
github.com/ericbutera/bike/strava-gateway/internal/provider/client.go:51.3,52.1 1 0
github.com/ericbutera/bike/strava-gateway/internal/provider/client.go:53.2,53.21 1 1
github.com/ericbutera/bike/strava-gateway/internal/provider/client.go:54.3,55.1 1 0
github.com/ericbutera/bike/strava-gateway/internal/provider/client.go:56.2,56.34 1 1
github.com/ericbutera/bike/strava-gateway/internal/provider/client.go:80.39,80.102 1 0
github.com/ericbutera/bike/strava-gateway/internal/provider/client.go:93.2,93.24 1 5
github.com/ericbutera/bike/strava-gateway/internal/provider/client.go:95.3,95.29 1 1
github.com/ericbutera/bike/strava-gateway/internal/provider/client.go:97.3,97.28 1 1
github.com/ericbutera/bike/strava-gateway/internal/provider/client.go:99.3,99.26 1 1
github.com/ericbutera/bike/strava-gateway/internal/provider/client.go:101.3,101.25 1 1
github.com/ericbutera/bike/strava-gateway/internal/provider/client.go:103.3,103.22 1 1
github.com/ericbutera/bike/strava-gateway/internal/provider/client.go:108.2,109.1 1 6
github.com/ericbutera/bike/strava-gateway/internal/provider/client.go:112.2,116.1 3 1
github.com/ericbutera/bike/strava-gateway/internal/provider/client.go:117.2,118.1 3 1
github.com/ericbutera/bike/strava-gateway/internal/provider/client.go:121.2,122.20 2 1
github.com/ericbutera/bike/strava-gateway/internal/provider/client.go:123.3,124.1 1 1
github.com/ericbutera/bike/strava-gateway/internal/provider/client.go:125.2,126.16 2 1
github.com/ericbutera/bike/strava-gateway/internal/provider/client.go:127.3,128.1 1 0
github.com/ericbutera/bike/strava-gateway/internal/provider/client.go:129.2,131.1 2 1
github.com/ericbutera/bike/strava-gateway/internal/provider/client.go:132.2,132.63 2 1
github.com/ericbutera/bike/strava-gateway/internal/provider/client.go:133.3,134.1 1 0
github.com/ericbutera/bike/strava-gateway/internal/provider/client.go:135.2,136.31 2 1
github.com/ericbutera/bike/strava-gateway/internal/provider/client.go:137.3,137.19 1 1
github.com/ericbutera/bike/strava-gateway/internal/provider/client.go:138.4,139.1 1 1
github.com/ericbutera/bike/strava-gateway/internal/provider/client.go:141.2,141.27 1 1
github.com/ericbutera/bike/strava-gateway/internal/provider/client.go:145.2,146.16 2 9
github.com/ericbutera/bike/strava-gateway/internal/provider/client.go:147.3,148.1 1 0
github.com/ericbutera/bike/strava-gateway/internal/provider/client.go:149.2,150.16 2 9
github.com/ericbutera/bike/strava-gateway/internal/provider/client.go:151.3,152.1 1 0
github.com/ericbutera/bike/strava-gateway/internal/provider/client.go:153.2,154.29 2 9
github.com/ericbutera/bike/strava-gateway/internal/provider/client.go:158.2,159.1 1 1
github.com/ericbutera/bike/strava-gateway/internal/provider/client.go:162.2,163.1 1 1
github.com/ericbutera/bike/strava-gateway/internal/provider/client.go:166.2,166.56 1 2
github.com/ericbutera/bike/strava-gateway/internal/provider/client.go:167.3,168.1 1 0
github.com/ericbutera/bike/strava-gateway/internal/provider/client.go:169.2,172.16 4 2
github.com/ericbutera/bike/strava-gateway/internal/provider/client.go:173.3,174.1 1 0
github.com/ericbutera/bike/strava-gateway/internal/provider/client.go:175.2,177.16 2 2
github.com/ericbutera/bike/strava-gateway/internal/provider/client.go:178.3,179.1 1 0
github.com/ericbutera/bike/strava-gateway/internal/provider/client.go:180.2,182.16 3 2
github.com/ericbutera/bike/strava-gateway/internal/provider/client.go:183.3,184.1 1 0
github.com/ericbutera/bike/strava-gateway/internal/provider/client.go:185.2,186.62 2 2
github.com/ericbutera/bike/strava-gateway/internal/provider/client.go:187.3,188.1 1 0
github.com/ericbutera/bike/strava-gateway/internal/provider/client.go:189.2,189.81 1 2
github.com/ericbutera/bike/strava-gateway/internal/provider/client.go:190.3,191.1 1 0
github.com/ericbutera/bike/strava-gateway/internal/provider/client.go:192.2,192.29 1 2
github.com/ericbutera/bike/strava-gateway/internal/provider/client.go:196.2,198.23 3 11
github.com/ericbutera/bike/strava-gateway/internal/provider/client.go:199.3,200.1 1 0
github.com/ericbutera/bike/strava-gateway/internal/provider/client.go:201.2,202.16 2 11
github.com/ericbutera/bike/strava-gateway/internal/provider/client.go:203.3,205.1 2 0
github.com/ericbutera/bike/strava-gateway/internal/provider/client.go:206.2,206.15 1 11
github.com/ericbutera/bike/strava-gateway/internal/provider/client.go:206.17,206.62 1 11
github.com/ericbutera/bike/strava-gateway/internal/provider/client.go:207.2,207.27 1 11
github.com/ericbutera/bike/strava-gateway/internal/provider/client.go:208.3,209.1 1 0
github.com/ericbutera/bike/strava-gateway/internal/provider/client.go:210.2,211.16 2 11
github.com/ericbutera/bike/strava-gateway/internal/provider/client.go:212.3,214.1 2 0
github.com/ericbutera/bike/strava-gateway/internal/provider/client.go:215.2,215.33 1 11
github.com/ericbutera/bike/strava-gateway/internal/provider/client.go:216.3,218.1 2 0
github.com/ericbutera/bike/strava-gateway/internal/provider/client.go:219.2,221.57 3 11
github.com/ericbutera/bike/strava-gateway/internal/provider/client.go:222.3,223.1 1 5
github.com/ericbutera/bike/strava-gateway/internal/provider/client.go:224.2,224.22 1 6
github.com/ericbutera/bike/strava-gateway/internal/provider/client.go:228.2,228.27 1 11
github.com/ericbutera/bike/strava-gateway/internal/provider/client.go:229.3,230.1 1 0
github.com/ericbutera/bike/strava-gateway/internal/provider/client.go:234.2,234.85 1 6
github.com/ericbutera/bike/strava-gateway/internal/provider/client.go:235.3,236.1 1 1
github.com/ericbutera/bike/strava-gateway/internal/provider/client.go:237.2,237.74 1 5
github.com/ericbutera/bike/strava-gateway/internal/provider/client.go:238.3,239.1 1 1
github.com/ericbutera/bike/strava-gateway/internal/provider/client.go:240.2,240.20 1 4
github.com/ericbutera/bike/strava-gateway/internal/provider/client.go:250.2,251.56 2 1
github.com/ericbutera/bike/strava-gateway/internal/provider/client.go:252.3,253.1 1 0
github.com/ericbutera/bike/strava-gateway/internal/provider/client.go:254.2,254.22 1 1
github.com/ericbutera/bike/strava-gateway/internal/provider/client.go:255.3,256.1 1 0
github.com/ericbutera/bike/strava-gateway/internal/provider/client.go:257.2,257.22 1 1
github.com/ericbutera/bike/strava-gateway/internal/provider/client.go:261.2,262.16 2 1
github.com/ericbutera/bike/strava-gateway/internal/provider/client.go:263.3,264.1 1 0
github.com/ericbutera/bike/strava-gateway/internal/provider/client.go:265.2,265.50 1 1
github.com/ericbutera/bike/strava-gateway/internal/provider/client.go:267.3,267.14 1 1
github.com/ericbutera/bike/strava-gateway/internal/provider/client.go:269.3,269.15 1 0
github.com/ericbutera/bike/strava-gateway/internal/provider/scopes.go:9.2,9.53 1 9
github.com/ericbutera/bike/strava-gateway/internal/provider/scopes.go:10.3,11.1 1 177
github.com/ericbutera/bike/strava-gateway/internal/provider/scopes.go:15.2,15.32 1 4
github.com/ericbutera/bike/strava-gateway/internal/provider/scopes.go:16.3,16.45 1 5
github.com/ericbutera/bike/strava-gateway/internal/provider/scopes.go:17.4,17.23 1 5
github.com/ericbutera/bike/strava-gateway/internal/provider/scopes.go:18.5,19.1 1 4
github.com/ericbutera/bike/strava-gateway/internal/provider/scopes.go:22.2,22.14 1 0
github.com/ericbutera/bike/strava-gateway/internal/secret/token.go:18.2,19.34 2 0
github.com/ericbutera/bike/strava-gateway/internal/secret/token.go:20.3,21.1 1 0
github.com/ericbutera/bike/strava-gateway/internal/secret/token.go:22.2,23.16 2 0
github.com/ericbutera/bike/strava-gateway/internal/secret/token.go:24.3,25.1 1 0
github.com/ericbutera/bike/strava-gateway/internal/secret/token.go:26.2,27.16 2 0
github.com/ericbutera/bike/strava-gateway/internal/secret/token.go:28.3,29.1 1 0
github.com/ericbutera/bike/strava-gateway/internal/secret/token.go:30.2,30.37 1 0
github.com/ericbutera/bike/strava-gateway/internal/secret/token.go:36.2,37.44 2 0
github.com/ericbutera/bike/strava-gateway/internal/secret/token.go:38.3,39.1 1 0
github.com/ericbutera/bike/strava-gateway/internal/secret/token.go:40.2,40.71 1 0
github.com/ericbutera/bike/strava-gateway/internal/secret/token.go:44.2,45.29 2 0
github.com/ericbutera/bike/strava-gateway/internal/secret/token.go:46.3,47.1 1 0
github.com/ericbutera/bike/strava-gateway/internal/secret/token.go:48.2,48.86 1 0
github.com/ericbutera/bike/strava-gateway/internal/storage/connections.go:29.2,30.16 2 0
github.com/ericbutera/bike/strava-gateway/internal/storage/connections.go:31.3,32.1 1 0
github.com/ericbutera/bike/strava-gateway/internal/storage/connections.go:33.2,40.12 2 0
github.com/ericbutera/bike/strava-gateway/internal/storage/connections.go:46.2,46.17 1 0
github.com/ericbutera/bike/strava-gateway/internal/storage/connections.go:47.3,48.1 1 0
github.com/ericbutera/bike/strava-gateway/internal/storage/connections.go:49.2,50.16 2 0
github.com/ericbutera/bike/strava-gateway/internal/storage/connections.go:51.3,52.1 1 0
github.com/ericbutera/bike/strava-gateway/internal/storage/connections.go:53.2,54.16 2 0
github.com/ericbutera/bike/strava-gateway/internal/storage/connections.go:55.3,56.1 1 0
github.com/ericbutera/bike/strava-gateway/internal/storage/connections.go:57.2,61.13 3 0
github.com/ericbutera/bike/strava-gateway/internal/storage/connections.go:62.3,66.1 1 0
github.com/ericbutera/bike/strava-gateway/internal/storage/connections.go:67.2,68.16 2 0
github.com/ericbutera/bike/strava-gateway/internal/storage/connections.go:69.3,70.1 1 0
github.com/ericbutera/bike/strava-gateway/internal/storage/connections.go:71.2,75.16 2 0
github.com/ericbutera/bike/strava-gateway/internal/storage/connections.go:76.3,77.1 1 0
github.com/ericbutera/bike/strava-gateway/internal/storage/connections.go:78.2,78.32 1 0
github.com/ericbutera/bike/strava-gateway/internal/storage/connections.go:79.3,80.1 1 0
github.com/ericbutera/bike/strava-gateway/internal/storage/connections.go:81.2,81.39 1 0
github.com/ericbutera/bike/strava-gateway/internal/storage/connections.go:82.3,83.1 1 0
github.com/ericbutera/bike/strava-gateway/internal/storage/connections.go:84.2,84.42 1 0
github.com/ericbutera/bike/strava-gateway/internal/storage/connections.go:88.2,88.105 1 0
github.com/ericbutera/bike/strava-gateway/internal/storage/connections.go:89.3,90.1 1 0
github.com/ericbutera/bike/strava-gateway/internal/storage/connections.go:91.2,95.16 2 0
github.com/ericbutera/bike/strava-gateway/internal/storage/connections.go:96.3,97.1 1 0
github.com/ericbutera/bike/strava-gateway/internal/storage/connections.go:98.2,99.20 2 0
github.com/ericbutera/bike/strava-gateway/internal/storage/connections.go:103.2,109.16 5 0
github.com/ericbutera/bike/strava-gateway/internal/storage/connections.go:110.3,111.1 1 0
github.com/ericbutera/bike/strava-gateway/internal/storage/connections.go:112.2,113.16 2 0
github.com/ericbutera/bike/strava-gateway/internal/storage/connections.go:114.3,115.1 1 0
github.com/ericbutera/bike/strava-gateway/internal/storage/connections.go:116.2,119.1 2 0
github.com/ericbutera/bike/strava-gateway/internal/storage/connections.go:120.2,120.55 2 0
github.com/ericbutera/bike/strava-gateway/internal/storage/connections.go:121.3,122.1 1 0
github.com/ericbutera/bike/strava-gateway/internal/storage/connections.go:123.2,124.18 2 0
github.com/ericbutera/bike/strava-gateway/internal/storage/connections.go:129.2,130.16 2 0
github.com/ericbutera/bike/strava-gateway/internal/storage/connections.go:131.3,132.1 1 0
github.com/ericbutera/bike/strava-gateway/internal/storage/connections.go:133.2,135.12 2 0
github.com/ericbutera/bike/strava-gateway/internal/storage/connections.go:145.2,145.70 1 0
github.com/ericbutera/bike/strava-gateway/internal/storage/connections.go:146.3,147.1 1 0
github.com/ericbutera/bike/strava-gateway/internal/storage/connections.go:148.2,153.16 2 0
github.com/ericbutera/bike/strava-gateway/internal/storage/connections.go:154.3,155.1 1 0
github.com/ericbutera/bike/strava-gateway/internal/storage/connections.go:156.2,156.33 1 0
github.com/ericbutera/bike/strava-gateway/internal/storage/connections.go:157.3,158.1 1 0
github.com/ericbutera/bike/strava-gateway/internal/storage/connections.go:159.2,159.12 1 0
github.com/ericbutera/bike/strava-gateway/internal/storage/connections.go:163.2,167.35 4 0
github.com/ericbutera/bike/strava-gateway/internal/storage/connections.go:168.3,169.1 1 0
github.com/ericbutera/bike/strava-gateway/internal/storage/connections.go:170.2,170.18 1 0
github.com/ericbutera/bike/strava-gateway/internal/storage/connections.go:174.2,178.35 4 0
github.com/ericbutera/bike/strava-gateway/internal/storage/connections.go:179.3,180.1 1 0
github.com/ericbutera/bike/strava-gateway/internal/storage/connections.go:181.2,181.18 1 0
github.com/ericbutera/bike/strava-gateway/internal/storage/connections.go:185.2,186.16 2 0
github.com/ericbutera/bike/strava-gateway/internal/storage/connections.go:187.3,188.1 1 0
github.com/ericbutera/bike/strava-gateway/internal/storage/connections.go:189.2,193.16 3 0
github.com/ericbutera/bike/strava-gateway/internal/storage/connections.go:194.3,195.1 1 0
github.com/ericbutera/bike/strava-gateway/internal/storage/connections.go:196.2,196.33 1 0
github.com/ericbutera/bike/strava-gateway/internal/storage/connections.go:197.3,198.1 1 0
github.com/ericbutera/bike/strava-gateway/internal/storage/connections.go:199.2,201.84 1 0
github.com/ericbutera/bike/strava-gateway/internal/storage/connections.go:202.3,203.1 1 0
github.com/ericbutera/bike/strava-gateway/internal/storage/connections.go:204.2,204.23 1 0
github.com/ericbutera/bike/strava-gateway/internal/storage/inbox.go:25.2,28.16 4 0
github.com/ericbutera/bike/strava-gateway/internal/storage/inbox.go:29.3,30.1 1 0
github.com/ericbutera/bike/strava-gateway/internal/storage/inbox.go:31.2,38.35 4 0
github.com/ericbutera/bike/strava-gateway/internal/storage/inbox.go:39.3,40.1 1 0
github.com/ericbutera/bike/strava-gateway/internal/storage/inbox.go:41.2,41.16 1 0
github.com/ericbutera/bike/strava-gateway/internal/storage/inbox.go:42.3,43.1 1 0
github.com/ericbutera/bike/strava-gateway/internal/storage/inbox.go:44.2,47.16 2 0
github.com/ericbutera/bike/strava-gateway/internal/storage/inbox.go:48.3,49.1 1 0
github.com/ericbutera/bike/strava-gateway/internal/storage/inbox.go:50.2,51.18 2 0
github.com/ericbutera/bike/strava-gateway/internal/storage/inbox.go:52.3,53.44 2 0
github.com/ericbutera/bike/strava-gateway/internal/storage/inbox.go:54.4,56.1 2 0
github.com/ericbutera/bike/strava-gateway/internal/storage/inbox.go:57.3,57.21 1 0
github.com/ericbutera/bike/strava-gateway/internal/storage/inbox.go:59.2,59.35 1 0
github.com/ericbutera/bike/strava-gateway/internal/storage/inbox.go:60.3,62.1 2 0
github.com/ericbutera/bike/strava-gateway/internal/storage/inbox.go:63.2,64.39 2 0
github.com/ericbutera/bike/strava-gateway/internal/storage/inbox.go:65.3,66.1 1 0
github.com/ericbutera/bike/strava-gateway/internal/storage/inbox.go:67.2,67.26 1 0
github.com/ericbutera/bike/strava-gateway/internal/storage/inbox.go:68.3,68.37 1 0
github.com/ericbutera/bike/strava-gateway/internal/storage/inbox.go:69.4,70.1 1 0
github.com/ericbutera/bike/strava-gateway/internal/storage/inbox.go:72.2,72.18 1 0
github.com/ericbutera/bike/strava-gateway/internal/storage/inbox.go:76.2,76.17 1 0
github.com/ericbutera/bike/strava-gateway/internal/storage/inbox.go:77.3,78.1 1 0
github.com/ericbutera/bike/strava-gateway/internal/storage/inbox.go:79.2,79.15 1 0
github.com/ericbutera/bike/strava-gateway/internal/storage/jobs.go:32.2,50.63 3 0
github.com/ericbutera/bike/strava-gateway/internal/storage/jobs.go:51.3,52.1 1 0
github.com/ericbutera/bike/strava-gateway/internal/storage/jobs.go:53.2,56.19 4 0
github.com/ericbutera/bike/strava-gateway/internal/storage/jobs.go:68.2,81.35 4 0
github.com/ericbutera/bike/strava-gateway/internal/storage/jobs.go:82.3,83.1 1 0
github.com/ericbutera/bike/strava-gateway/internal/storage/jobs.go:84.2,84.16 1 0
github.com/ericbutera/bike/strava-gateway/internal/storage/jobs.go:85.3,86.1 1 0
github.com/ericbutera/bike/strava-gateway/internal/storage/jobs.go:87.2,87.56 1 0
github.com/ericbutera/bike/strava-gateway/internal/storage/jobs.go:88.3,89.1 1 0
github.com/ericbutera/bike/strava-gateway/internal/storage/jobs.go:90.2,90.18 1 0
github.com/ericbutera/bike/strava-gateway/internal/storage/jobs.go:100.2,100.82 1 0
github.com/ericbutera/bike/strava-gateway/internal/storage/jobs.go:101.3,102.1 1 0
github.com/ericbutera/bike/strava-gateway/internal/storage/jobs.go:103.2,104.16 2 0
github.com/ericbutera/bike/strava-gateway/internal/storage/jobs.go:105.3,106.1 1 0
github.com/ericbutera/bike/strava-gateway/internal/storage/jobs.go:107.2,109.21 3 0
github.com/ericbutera/bike/strava-gateway/internal/storage/jobs.go:110.3,110.111 1 0
github.com/ericbutera/bike/strava-gateway/internal/storage/jobs.go:111.4,112.1 1 0
github.com/ericbutera/bike/strava-gateway/internal/storage/jobs.go:113.3,117.84 1 0
github.com/ericbutera/bike/strava-gateway/internal/storage/jobs.go:118.4,119.1 1 0
github.com/ericbutera/bike/strava-gateway/internal/storage/jobs.go:120.3,120.26 1 0
github.com/ericbutera/bike/strava-gateway/internal/storage/jobs.go:121.9,121.34 1 0
github.com/ericbutera/bike/strava-gateway/internal/storage/jobs.go:122.3,123.1 1 0
github.com/ericbutera/bike/strava-gateway/internal/storage/jobs.go:124.2,126.124 1 0
github.com/ericbutera/bike/strava-gateway/internal/storage/jobs.go:127.3,128.1 1 0
github.com/ericbutera/bike/strava-gateway/internal/storage/jobs.go:129.2,131.16 2 0
github.com/ericbutera/bike/strava-gateway/internal/storage/jobs.go:132.3,133.1 1 0
github.com/ericbutera/bike/strava-gateway/internal/storage/jobs.go:134.2,134.33 1 0
github.com/ericbutera/bike/strava-gateway/internal/storage/jobs.go:135.3,136.1 1 0
github.com/ericbutera/bike/strava-gateway/internal/storage/jobs.go:137.2,137.23 1 0
github.com/ericbutera/bike/strava-gateway/internal/storage/jobs.go:141.2,142.37 2 0
github.com/ericbutera/bike/strava-gateway/internal/storage/jobs.go:143.3,144.1 1 0
github.com/ericbutera/bike/strava-gateway/internal/storage/jobs.go:145.2,148.12 2 0
github.com/ericbutera/bike/strava-gateway/internal/storage/jobs.go:152.2,154.1 2 0
github.com/ericbutera/bike/strava-gateway/internal/storage/jobs.go:157.2,158.16 2 0
github.com/ericbutera/bike/strava-gateway/internal/storage/jobs.go:159.3,160.1 1 0
github.com/ericbutera/bike/strava-gateway/internal/storage/jobs.go:161.2,163.109 2 0
github.com/ericbutera/bike/strava-gateway/internal/storage/jobs.go:164.3,165.1 1 0
github.com/ericbutera/bike/strava-gateway/internal/storage/jobs.go:166.2,167.96 1 0
github.com/ericbutera/bike/strava-gateway/internal/storage/jobs.go:168.3,169.1 1 0
github.com/ericbutera/bike/strava-gateway/internal/storage/jobs.go:170.2,170.23 1 0
github.com/ericbutera/bike/strava-gateway/internal/storage/jobs.go:187.2,206.35 6 0
github.com/ericbutera/bike/strava-gateway/internal/storage/jobs.go:207.3,208.1 1 0
github.com/ericbutera/bike/strava-gateway/internal/storage/jobs.go:209.2,209.16 1 0
github.com/ericbutera/bike/strava-gateway/internal/storage/jobs.go:210.3,211.1 1 0
github.com/ericbutera/bike/strava-gateway/internal/storage/jobs.go:212.2,212.56 1 0
github.com/ericbutera/bike/strava-gateway/internal/storage/jobs.go:213.3,214.1 1 0
github.com/ericbutera/bike/strava-gateway/internal/storage/jobs.go:215.2,215.47 1 0
github.com/ericbutera/bike/strava-gateway/internal/storage/jobs.go:216.3,217.1 1 0
github.com/ericbutera/bike/strava-gateway/internal/storage/jobs.go:218.2,218.18 1 0
github.com/ericbutera/bike/strava-gateway/internal/storage/jobs.go:222.2,225.16 2 0
github.com/ericbutera/bike/strava-gateway/internal/storage/jobs.go:226.3,227.1 1 0
github.com/ericbutera/bike/strava-gateway/internal/storage/jobs.go:228.2,228.33 1 0
github.com/ericbutera/bike/strava-gateway/internal/storage/jobs.go:229.3,230.1 1 0
github.com/ericbutera/bike/strava-gateway/internal/storage/jobs.go:231.2,231.12 1 0
github.com/ericbutera/bike/strava-gateway/internal/storage/jobs.go:235.2,236.37 2 0
github.com/ericbutera/bike/strava-gateway/internal/storage/jobs.go:237.3,238.1 1 0
github.com/ericbutera/bike/strava-gateway/internal/storage/jobs.go:239.2,242.12 2 0
github.com/ericbutera/bike/strava-gateway/internal/storage/jobs.go:249.2,249.51 1 0
github.com/ericbutera/bike/strava-gateway/internal/storage/jobs.go:250.3,251.1 1 0
github.com/ericbutera/bike/strava-gateway/internal/storage/jobs.go:252.2,253.16 2 0
github.com/ericbutera/bike/strava-gateway/internal/storage/jobs.go:254.3,255.1 1 0
github.com/ericbutera/bike/strava-gateway/internal/storage/jobs.go:256.2,259.65 2 0
github.com/ericbutera/bike/strava-gateway/internal/storage/jobs.go:260.3,261.1 1 0
github.com/ericbutera/bike/strava-gateway/internal/storage/jobs.go:262.2,265.16 2 0
github.com/ericbutera/bike/strava-gateway/internal/storage/jobs.go:266.3,267.1 1 0
github.com/ericbutera/bike/strava-gateway/internal/storage/jobs.go:268.2,268.33 1 0
github.com/ericbutera/bike/strava-gateway/internal/storage/jobs.go:269.3,270.1 1 0
github.com/ericbutera/bike/strava-gateway/internal/storage/jobs.go:271.2,271.23 1 0
github.com/ericbutera/bike/strava-gateway/internal/storage/migrations.go:20.2,21.16 2 0
github.com/ericbutera/bike/strava-gateway/internal/storage/migrations.go:22.3,23.1 1 0
github.com/ericbutera/bike/strava-gateway/internal/storage/migrations.go:24.2,24.15 1 0
github.com/ericbutera/bike/strava-gateway/internal/storage/migrations.go:24.17,24.53 1 0
github.com/ericbutera/bike/strava-gateway/internal/storage/migrations.go:25.2,26.16 2 0
github.com/ericbutera/bike/strava-gateway/internal/storage/migrations.go:27.3,28.1 1 0
github.com/ericbutera/bike/strava-gateway/internal/storage/migrations.go:29.2,31.16 2 0
github.com/ericbutera/bike/strava-gateway/internal/storage/migrations.go:32.3,33.1 1 0
github.com/ericbutera/bike/strava-gateway/internal/storage/migrations.go:34.2,35.12 2 0
github.com/ericbutera/bike/strava-gateway/internal/storage/oauth.go:22.2,22.62 1 0
github.com/ericbutera/bike/strava-gateway/internal/storage/oauth.go:23.3,24.1 1 0
github.com/ericbutera/bike/strava-gateway/internal/storage/oauth.go:25.2,28.12 2 0
github.com/ericbutera/bike/strava-gateway/internal/storage/oauth.go:34.2,35.17 2 0
github.com/ericbutera/bike/strava-gateway/internal/storage/oauth.go:36.3,37.1 1 0
github.com/ericbutera/bike/strava-gateway/internal/storage/oauth.go:38.2,41.35 2 0
github.com/ericbutera/bike/strava-gateway/internal/storage/oauth.go:42.3,43.1 1 0
github.com/ericbutera/bike/strava-gateway/internal/storage/oauth.go:44.2,44.18 1 0
github.com/ericbutera/bike/strava-gateway/internal/storage/oauth.go:50.2,52.1 2 0
github.com/ericbutera/bike/strava-gateway/internal/storage/operations.go:37.2,50.16 2 0
github.com/ericbutera/bike/strava-gateway/internal/storage/operations.go:51.3,52.1 1 0
github.com/ericbutera/bike/strava-gateway/internal/storage/operations.go:53.2,55.18 3 0
github.com/ericbutera/bike/strava-gateway/internal/storage/operations.go:56.3,58.125 2 0
github.com/ericbutera/bike/strava-gateway/internal/storage/operations.go:59.4,60.1 1 0
github.com/ericbutera/bike/strava-gateway/internal/storage/operations.go:61.3,61.30 1 0
github.com/ericbutera/bike/strava-gateway/internal/storage/operations.go:63.2,63.26 1 0
github.com/ericbutera/bike/strava-gateway/internal/storage/operations.go:67.2,72.16 2 0
github.com/ericbutera/bike/strava-gateway/internal/storage/operations.go:73.3,74.1 1 0
github.com/ericbutera/bike/strava-gateway/internal/storage/operations.go:75.2,77.18 3 0
github.com/ericbutera/bike/strava-gateway/internal/storage/operations.go:78.3,79.74 2 0
github.com/ericbutera/bike/strava-gateway/internal/storage/operations.go:80.4,81.1 1 0
github.com/ericbutera/bike/strava-gateway/internal/storage/operations.go:82.3,82.32 1 0
github.com/ericbutera/bike/strava-gateway/internal/storage/operations.go:84.2,84.27 1 0
github.com/ericbutera/bike/strava-gateway/internal/storage/operations.go:88.2,88.13 1 0
github.com/ericbutera/bike/strava-gateway/internal/storage/operations.go:89.3,90.1 1 0
github.com/ericbutera/bike/strava-gateway/internal/storage/operations.go:91.2,92.14 2 0
github.com/ericbutera/bike/strava-gateway/internal/storage/operations.go:94.3,96.34 1 0
github.com/ericbutera/bike/strava-gateway/internal/storage/operations.go:98.3,100.52 1 0
github.com/ericbutera/bike/strava-gateway/internal/storage/operations.go:102.3,104.52 1 0
github.com/ericbutera/bike/strava-gateway/internal/storage/operations.go:106.3,106.49 1 0
github.com/ericbutera/bike/strava-gateway/internal/storage/operations.go:108.2,109.16 2 0
github.com/ericbutera/bike/strava-gateway/internal/storage/operations.go:110.3,111.1 1 0
github.com/ericbutera/bike/strava-gateway/internal/storage/operations.go:112.2,112.33 1 0
github.com/ericbutera/bike/strava-gateway/internal/storage/operations.go:113.3,114.1 1 0
github.com/ericbutera/bike/strava-gateway/internal/storage/operations.go:115.2,115.12 1 0
github.com/ericbutera/bike/strava-gateway/internal/storage/quota.go:45.2,48.1 3 0
github.com/ericbutera/bike/strava-gateway/internal/storage/quota.go:49.2,50.31 3 0
github.com/ericbutera/bike/strava-gateway/internal/storage/quota.go:51.3,52.46 2 0
github.com/ericbutera/bike/strava-gateway/internal/storage/quota.go:53.4,53.12 1 0
github.com/ericbutera/bike/strava-gateway/internal/storage/quota.go:56.3,57.31 2 0
github.com/ericbutera/bike/strava-gateway/internal/storage/quota.go:58.4,59.1 1 0
github.com/ericbutera/bike/strava-gateway/internal/storage/quota.go:60.3,60.24 1 0
github.com/ericbutera/bike/strava-gateway/internal/storage/quota.go:63.2,63.20 1 0
github.com/ericbutera/bike/strava-gateway/internal/storage/quota.go:67.2,68.16 2 0
github.com/ericbutera/bike/strava-gateway/internal/storage/quota.go:69.3,70.1 1 0
github.com/ericbutera/bike/strava-gateway/internal/storage/quota.go:71.2,73.18 3 0
github.com/ericbutera/bike/strava-gateway/internal/storage/quota.go:74.3,75.105 2 0
github.com/ericbutera/bike/strava-gateway/internal/storage/quota.go:76.4,77.1 1 0
github.com/ericbutera/bike/strava-gateway/internal/storage/quota.go:78.3,78.42 1 0
github.com/ericbutera/bike/strava-gateway/internal/storage/quota.go:80.2,80.30 1 0
github.com/ericbutera/bike/strava-gateway/internal/storage/quota.go:84.2,86.16 2 0
github.com/ericbutera/bike/strava-gateway/internal/storage/quota.go:87.3,88.1 1 0
github.com/ericbutera/bike/strava-gateway/internal/storage/quota.go:89.2,91.18 3 0
github.com/ericbutera/bike/strava-gateway/internal/storage/quota.go:92.3,93.44 2 0
github.com/ericbutera/bike/strava-gateway/internal/storage/quota.go:94.4,95.1 1 0
github.com/ericbutera/bike/strava-gateway/internal/storage/quota.go:96.3,96.36 1 0
github.com/ericbutera/bike/strava-gateway/internal/storage/quota.go:98.2,98.28 1 0
github.com/ericbutera/bike/strava-gateway/internal/storage/quota.go:102.2,103.22 2 0
github.com/ericbutera/bike/strava-gateway/internal/storage/quota.go:104.3,105.1 1 0
github.com/ericbutera/bike/strava-gateway/internal/storage/quota.go:106.2,108.28 3 0
github.com/ericbutera/bike/strava-gateway/internal/storage/quota.go:109.3,109.25 1 0
github.com/ericbutera/bike/strava-gateway/internal/storage/quota.go:110.4,111.1 1 0
github.com/ericbutera/bike/strava-gateway/internal/storage/quota.go:113.2,120.1 3 0
github.com/ericbutera/bike/strava-gateway/internal/storage/quota.go:126.2,127.16 2 0
github.com/ericbutera/bike/strava-gateway/internal/storage/quota.go:128.3,129.1 1 0
github.com/ericbutera/bike/strava-gateway/internal/storage/quota.go:130.2,133.22 4 0
github.com/ericbutera/bike/strava-gateway/internal/storage/quota.go:134.3,135.1 1 0
github.com/ericbutera/bike/strava-gateway/internal/storage/quota.go:136.2,137.31 2 0
github.com/ericbutera/bike/strava-gateway/internal/storage/quota.go:138.3,139.103 1 0
github.com/ericbutera/bike/strava-gateway/internal/storage/quota.go:140.4,141.1 1 0
github.com/ericbutera/bike/strava-gateway/internal/storage/quota.go:142.3,145.84 3 0
github.com/ericbutera/bike/strava-gateway/internal/storage/quota.go:146.4,147.1 1 0
github.com/ericbutera/bike/strava-gateway/internal/storage/quota.go:148.3,148.24 1 0
github.com/ericbutera/bike/strava-gateway/internal/storage/quota.go:149.4,150.1 1 0
github.com/ericbutera/bike/strava-gateway/internal/storage/quota.go:151.3,151.44 1 0
github.com/ericbutera/bike/strava-gateway/internal/storage/quota.go:152.4,153.1 1 0
github.com/ericbutera/bike/strava-gateway/internal/storage/quota.go:154.3,156.40 1 0
github.com/ericbutera/bike/strava-gateway/internal/storage/quota.go:157.4,158.1 1 0
github.com/ericbutera/bike/strava-gateway/internal/storage/quota.go:160.2,160.23 1 0
github.com/ericbutera/bike/strava-gateway/internal/storage/quota.go:161.3,161.40 1 0
github.com/ericbutera/bike/strava-gateway/internal/storage/quota.go:162.4,163.1 1 0
github.com/ericbutera/bike/strava-gateway/internal/storage/quota.go:164.3,164.22 1 0
github.com/ericbutera/bike/strava-gateway/internal/storage/quota.go:166.2,166.31 1 0
github.com/ericbutera/bike/strava-gateway/internal/storage/quota.go:167.3,168.62 1 0
github.com/ericbutera/bike/strava-gateway/internal/storage/quota.go:169.4,170.1 1 0
github.com/ericbutera/bike/strava-gateway/internal/storage/quota.go:172.2,172.36 1 0
github.com/ericbutera/bike/strava-gateway/internal/storage/quota.go:176.2,181.35 6 0
github.com/ericbutera/bike/strava-gateway/internal/storage/quota.go:182.3,183.43 2 0
github.com/ericbutera/bike/strava-gateway/internal/storage/quota.go:184.4,185.1 1 0
github.com/ericbutera/bike/strava-gateway/internal/storage/quota.go:186.3,187.29 2 0
github.com/ericbutera/bike/strava-gateway/internal/storage/quota.go:188.4,188.12 1 0
github.com/ericbutera/bike/strava-gateway/internal/storage/quota.go:190.3,192.58 1 0
github.com/ericbutera/bike/strava-gateway/internal/storage/quota.go:193.4,194.1 1 0
github.com/ericbutera/bike/strava-gateway/internal/storage/quota.go:196.2,196.12 1 0
github.com/ericbutera/bike/strava-gateway/internal/storage/quota.go:200.2,201.21 2 0
github.com/ericbutera/bike/strava-gateway/internal/storage/quota.go:202.3,203.1 1 0
github.com/ericbutera/bike/strava-gateway/internal/storage/quota.go:204.2,205.33 2 0
github.com/ericbutera/bike/strava-gateway/internal/storage/quota.go:206.3,207.17 2 0
github.com/ericbutera/bike/strava-gateway/internal/storage/quota.go:208.4,209.1 1 0
github.com/ericbutera/bike/strava-gateway/internal/storage/quota.go:210.3,210.25 1 0
github.com/ericbutera/bike/strava-gateway/internal/storage/quota.go:212.2,212.15 1 0
github.com/ericbutera/bike/strava-gateway/internal/storage/quota.go:216.2,217.16 2 0
github.com/ericbutera/bike/strava-gateway/internal/storage/quota.go:218.3,219.1 1 0
github.com/ericbutera/bike/strava-gateway/internal/storage/quota.go:220.2,222.18 3 0
github.com/ericbutera/bike/strava-gateway/internal/storage/quota.go:223.3,225.57 3 0
github.com/ericbutera/bike/strava-gateway/internal/storage/quota.go:226.4,227.1 1 0
github.com/ericbutera/bike/strava-gateway/internal/storage/quota.go:228.3,228.55 1 0
github.com/ericbutera/bike/strava-gateway/internal/storage/quota.go:230.2,230.55 1 0
github.com/ericbutera/bike/strava-gateway/internal/storage/sync.go:22.2,25.1 3 0
github.com/ericbutera/bike/strava-gateway/internal/storage/sync.go:44.2,57.16 2 0
github.com/ericbutera/bike/strava-gateway/internal/storage/sync.go:58.3,59.1 1 0
github.com/ericbutera/bike/strava-gateway/internal/storage/sync.go:60.2,60.36 1 0
github.com/ericbutera/bike/strava-gateway/internal/storage/sync.go:64.2,64.66 1 0
github.com/ericbutera/bike/strava-gateway/internal/storage/sync.go:65.3,66.1 1 0
github.com/ericbutera/bike/strava-gateway/internal/storage/sync.go:67.2,75.12 5 0
github.com/ericbutera/bike/strava-gateway/internal/storage/sync.go:79.2,79.48 1 0
github.com/ericbutera/bike/strava-gateway/internal/storage/sync.go:80.3,81.1 1 0
github.com/ericbutera/bike/strava-gateway/internal/storage/sync.go:82.2,82.10 1 0
github.com/ericbutera/bike/strava-gateway/internal/storage/sync.go:92.2,98.35 5 0
github.com/ericbutera/bike/strava-gateway/internal/storage/sync.go:99.3,100.1 1 0
github.com/ericbutera/bike/strava-gateway/internal/storage/sync.go:101.2,101.68 1 0
github.com/ericbutera/bike/strava-gateway/internal/storage/sync.go:102.3,103.1 1 0
github.com/ericbutera/bike/strava-gateway/internal/storage/sync.go:104.2,104.20 1 0
github.com/ericbutera/bike/strava-gateway/internal/storage/sync.go:108.2,109.16 2 0
github.com/ericbutera/bike/strava-gateway/internal/storage/sync.go:110.3,111.1 1 0
github.com/ericbutera/bike/strava-gateway/internal/storage/sync.go:112.2,127.35 4 0
github.com/ericbutera/bike/strava-gateway/internal/storage/sync.go:128.3,129.1 1 0
github.com/ericbutera/bike/strava-gateway/internal/storage/sync.go:130.2,130.16 1 0
github.com/ericbutera/bike/strava-gateway/internal/storage/sync.go:131.3,132.1 1 0
github.com/ericbutera/bike/strava-gateway/internal/storage/sync.go:133.2,133.29 1 0
github.com/ericbutera/bike/strava-gateway/internal/storage/sync.go:134.3,136.120 1 0
github.com/ericbutera/bike/strava-gateway/internal/storage/sync.go:137.4,138.1 1 0
github.com/ericbutera/bike/strava-gateway/internal/storage/sync.go:139.3,140.62 1 0
github.com/ericbutera/bike/strava-gateway/internal/storage/sync.go:141.4,142.1 1 0
github.com/ericbutera/bike/strava-gateway/internal/storage/sync.go:144.2,144.39 1 0
github.com/ericbutera/bike/strava-gateway/internal/storage/sync.go:145.3,146.1 1 0
github.com/ericbutera/bike/strava-gateway/internal/storage/sync.go:147.2,147.18 1 0
github.com/ericbutera/bike/strava-gateway/internal/storage/sync.go:151.2,154.16 4 0
github.com/ericbutera/bike/strava-gateway/internal/storage/sync.go:155.3,156.1 1 0
github.com/ericbutera/bike/strava-gateway/internal/storage/sync.go:157.2,158.25 2 0
github.com/ericbutera/bike/strava-gateway/internal/storage/sync.go:159.3,162.1 3 0
github.com/ericbutera/bike/strava-gateway/internal/storage/sync.go:163.3,164.17 3 0
github.com/ericbutera/bike/strava-gateway/internal/storage/sync.go:165.4,166.1 1 0
github.com/ericbutera/bike/strava-gateway/internal/storage/sync.go:167.3,174.142 3 0
github.com/ericbutera/bike/strava-gateway/internal/storage/sync.go:175.4,176.1 1 0
github.com/ericbutera/bike/strava-gateway/internal/storage/sync.go:177.3,179.80 1 0
github.com/ericbutera/bike/strava-gateway/internal/storage/sync.go:180.4,181.1 1 0
github.com/ericbutera/bike/strava-gateway/internal/storage/sync.go:183.2,184.20 2 0
github.com/ericbutera/bike/strava-gateway/internal/storage/sync.go:185.3,186.1 1 0
github.com/ericbutera/bike/strava-gateway/internal/storage/sync.go:187.2,190.16 2 0
github.com/ericbutera/bike/strava-gateway/internal/storage/sync.go:191.3,192.1 1 0
github.com/ericbutera/bike/strava-gateway/internal/storage/sync.go:193.2,193.33 1 0
github.com/ericbutera/bike/strava-gateway/internal/storage/sync.go:194.3,195.1 1 0
github.com/ericbutera/bike/strava-gateway/internal/storage/sync.go:196.2,196.23 1 0
github.com/ericbutera/bike/strava-gateway/internal/storage/sync.go:200.2,201.24 2 0
github.com/ericbutera/bike/strava-gateway/internal/storage/sync.go:202.3,203.1 1 0
github.com/ericbutera/bike/strava-gateway/internal/storage/sync.go:204.2,205.16 2 0
github.com/ericbutera/bike/strava-gateway/internal/storage/sync.go:206.3,207.1 1 0
github.com/ericbutera/bike/strava-gateway/internal/storage/sync.go:208.2,212.16 3 0
github.com/ericbutera/bike/strava-gateway/internal/storage/sync.go:213.3,214.1 1 0
github.com/ericbutera/bike/strava-gateway/internal/storage/sync.go:215.2,215.33 1 0
github.com/ericbutera/bike/strava-gateway/internal/storage/sync.go:216.3,217.1 1 0
github.com/ericbutera/bike/strava-gateway/internal/storage/sync.go:218.2,218.47 1 0
github.com/ericbutera/bike/strava-gateway/internal/storage/sync.go:219.3,221.115 1 0
github.com/ericbutera/bike/strava-gateway/internal/storage/sync.go:222.4,223.1 1 0
github.com/ericbutera/bike/strava-gateway/internal/storage/sync.go:225.2,225.23 1 0
github.com/ericbutera/bike/strava-gateway/internal/storage/sync.go:229.2,233.1 2 0
github.com/ericbutera/bike/strava-gateway/internal/storage/transaction.go:13.2,15.84 3 0
github.com/ericbutera/bike/strava-gateway/internal/storage/transaction.go:16.3,17.1 1 0
github.com/ericbutera/bike/strava-gateway/internal/webhook/webhook.go:34.2,34.113 1 0
github.com/ericbutera/bike/strava-gateway/internal/webhook/webhook.go:35.3,36.1 1 0
github.com/ericbutera/bike/strava-gateway/internal/webhook/webhook.go:37.2,37.69 1 0
github.com/ericbutera/bike/strava-gateway/internal/webhook/webhook.go:38.3,39.1 1 0
github.com/ericbutera/bike/strava-gateway/internal/webhook/webhook.go:40.2,40.101 1 0
github.com/ericbutera/bike/strava-gateway/internal/webhook/webhook.go:46.2,49.1 3 0
github.com/ericbutera/bike/strava-gateway/internal/webhook/webhook.go:66.2,69.1 3 0
github.com/ericbutera/bike/strava-gateway/internal/webhook/webhook.go:72.2,72.18 1 0
github.com/ericbutera/bike/strava-gateway/internal/webhook/webhook.go:74.3,74.23 1 0
github.com/ericbutera/bike/strava-gateway/internal/webhook/webhook.go:76.3,76.24 1 0
github.com/ericbutera/bike/strava-gateway/internal/webhook/webhook.go:78.3,79.96 2 0
github.com/ericbutera/bike/strava-gateway/internal/webhook/webhook.go:84.2,88.43 3 0
github.com/ericbutera/bike/strava-gateway/internal/webhook/webhook.go:89.3,91.1 2 0
github.com/ericbutera/bike/strava-gateway/internal/webhook/webhook.go:92.2,93.78 2 0
github.com/ericbutera/bike/strava-gateway/internal/webhook/webhook.go:97.2,98.15 2 0
github.com/ericbutera/bike/strava-gateway/internal/webhook/webhook.go:99.3,99.29 1 0
github.com/ericbutera/bike/strava-gateway/internal/webhook/webhook.go:100.4,101.1 1 0
github.com/ericbutera/bike/strava-gateway/internal/webhook/webhook.go:103.2,103.57 1 0
github.com/ericbutera/bike/strava-gateway/internal/webhook/webhook.go:104.3,107.1 3 0
github.com/ericbutera/bike/strava-gateway/internal/webhook/webhook.go:108.2,108.74 1 0
github.com/ericbutera/bike/strava-gateway/internal/webhook/webhook.go:109.3,111.1 2 0
github.com/ericbutera/bike/strava-gateway/internal/webhook/webhook.go:112.2,113.16 2 0
github.com/ericbutera/bike/strava-gateway/internal/webhook/webhook.go:114.3,117.1 3 0
github.com/ericbutera/bike/strava-gateway/internal/webhook/webhook.go:118.2,118.71 1 0
github.com/ericbutera/bike/strava-gateway/internal/webhook/webhook.go:119.3,122.1 3 0
github.com/ericbutera/bike/strava-gateway/internal/webhook/webhook.go:123.2,124.53 2 0
github.com/ericbutera/bike/strava-gateway/internal/webhook/webhook.go:125.3,128.1 3 0
github.com/ericbutera/bike/strava-gateway/internal/webhook/webhook.go:129.2,129.42 1 0
github.com/ericbutera/bike/strava-gateway/internal/webhook/webhook.go:130.3,132.53 3 0
github.com/ericbutera/bike/strava-gateway/internal/webhook/webhook.go:133.4,134.1 1 0
github.com/ericbutera/bike/strava-gateway/internal/webhook/webhook.go:135.3,136.9 2 0
github.com/ericbutera/bike/strava-gateway/internal/webhook/webhook.go:138.2,141.16 4 0
github.com/ericbutera/bike/strava-gateway/internal/webhook/webhook.go:142.3,145.1 3 0
github.com/ericbutera/bike/strava-gateway/internal/webhook/webhook.go:146.2,146.14 1 0
github.com/ericbutera/bike/strava-gateway/internal/webhook/webhook.go:147.3,148.1 1 0
github.com/ericbutera/bike/strava-gateway/internal/webhook/webhook.go:149.3,150.1 1 0
github.com/ericbutera/bike/strava-gateway/internal/webhook/webhook.go:151.2,156.46 3 0
github.com/ericbutera/bike/strava-gateway/internal/webhook/webhook.go:160.2,162.46 3 0
github.com/ericbutera/bike/strava-gateway/internal/webhook/webhook.go:163.3,164.1 1 0
github.com/ericbutera/bike/strava-gateway/internal/webhook/webhook.go:167.2,172.32 2 0
github.com/ericbutera/bike/strava-gateway/internal/webhook/webhook.go:178.2,178.49 1 0
github.com/ericbutera/bike/strava-gateway/internal/webhook/webhook.go:179.3,180.1 1 0
github.com/ericbutera/bike/strava-gateway/internal/webhook/webhook.go:181.2,182.50 2 0
github.com/ericbutera/bike/strava-gateway/internal/webhook/webhook.go:183.3,184.30 2 0
github.com/ericbutera/bike/strava-gateway/internal/webhook/webhook.go:185.4,186.1 1 0
github.com/ericbutera/bike/strava-gateway/internal/webhook/webhook.go:187.3,187.21 1 0
github.com/ericbutera/bike/strava-gateway/internal/webhook/webhook.go:189.2,190.42 2 0
github.com/ericbutera/bike/strava-gateway/internal/webhook/webhook.go:191.3,192.1 1 0
github.com/ericbutera/bike/strava-gateway/internal/webhook/webhook.go:193.2,194.24 2 0
github.com/ericbutera/bike/strava-gateway/internal/webhook/webhook.go:195.3,196.1 1 0
github.com/ericbutera/bike/strava-gateway/internal/webhook/webhook.go:197.2,197.66 1 0
github.com/ericbutera/bike/strava-gateway/internal/webhook/webhook.go:198.3,199.1 1 0
github.com/ericbutera/bike/strava-gateway/internal/webhook/webhook.go:200.2,201.16 2 0
github.com/ericbutera/bike/strava-gateway/internal/webhook/webhook.go:202.3,203.1 1 0
github.com/ericbutera/bike/strava-gateway/internal/webhook/webhook.go:204.2,207.43 4 0
github.com/ericbutera/bike/strava-gateway/internal/webhook/webhook.go:213.2,213.121 1 0
github.com/ericbutera/bike/strava-gateway/internal/webhook/webhook.go:214.3,215.1 1 0
github.com/ericbutera/bike/strava-gateway/internal/webhook/webhook.go:216.2,216.12 1 0
github.com/ericbutera/bike/strava-gateway/internal/worker/artifacts.go:18.2,19.100 2 0
github.com/ericbutera/bike/strava-gateway/internal/worker/artifacts.go:20.3,20.21 1 0
github.com/ericbutera/bike/strava-gateway/internal/worker/artifacts.go:21.4,22.1 1 0
github.com/ericbutera/bike/strava-gateway/internal/worker/artifacts.go:23.3,23.20 1 0
github.com/ericbutera/bike/strava-gateway/internal/worker/artifacts.go:24.4,25.1 1 0
github.com/ericbutera/bike/strava-gateway/internal/worker/artifacts.go:26.3,27.17 2 0
github.com/ericbutera/bike/strava-gateway/internal/worker/artifacts.go:28.4,29.1 1 0
github.com/ericbutera/bike/strava-gateway/internal/worker/artifacts.go:30.3,31.13 2 0
github.com/ericbutera/bike/strava-gateway/internal/worker/artifacts.go:33.2,33.24 1 0
github.com/ericbutera/bike/strava-gateway/internal/worker/artifacts.go:34.3,35.1 1 0
github.com/ericbutera/bike/strava-gateway/internal/worker/artifacts.go:36.2,36.19 1 0
github.com/ericbutera/bike/strava-gateway/internal/worker/artifacts.go:43.2,44.86 2 0
github.com/ericbutera/bike/strava-gateway/internal/worker/artifacts.go:45.3,46.1 1 0
github.com/ericbutera/bike/strava-gateway/internal/worker/artifacts.go:47.2,49.16 3 0
github.com/ericbutera/bike/strava-gateway/internal/worker/artifacts.go:50.3,51.1 1 0
github.com/ericbutera/bike/strava-gateway/internal/worker/artifacts.go:52.2,52.103 1 0
github.com/ericbutera/bike/strava-gateway/internal/worker/artifacts.go:56.2,58.1 2 0
github.com/ericbutera/bike/strava-gateway/internal/worker/artifacts.go:61.2,61.20 1 0
github.com/ericbutera/bike/strava-gateway/internal/worker/artifacts.go:62.3,63.1 1 0
github.com/ericbutera/bike/strava-gateway/internal/worker/artifacts.go:64.2,68.70 5 0
github.com/ericbutera/bike/strava-gateway/internal/worker/artifacts.go:69.3,70.1 1 0
github.com/ericbutera/bike/strava-gateway/internal/worker/artifacts.go:71.2,71.59 1 0
github.com/ericbutera/bike/strava-gateway/internal/worker/artifacts.go:72.3,72.33 1 0
github.com/ericbutera/bike/strava-gateway/internal/worker/artifacts.go:73.4,74.27 2 0
github.com/ericbutera/bike/strava-gateway/internal/worker/artifacts.go:75.5,76.1 1 0
github.com/ericbutera/bike/strava-gateway/internal/worker/artifacts.go:78.9,78.44 1 0
github.com/ericbutera/bike/strava-gateway/internal/worker/artifacts.go:79.3,80.1 1 0
github.com/ericbutera/bike/strava-gateway/internal/worker/artifacts.go:81.2,82.16 2 0
github.com/ericbutera/bike/strava-gateway/internal/worker/artifacts.go:83.3,84.1 1 0
github.com/ericbutera/bike/strava-gateway/internal/worker/artifacts.go:85.2,86.15 2 0
github.com/ericbutera/bike/strava-gateway/internal/worker/artifacts.go:87.3,87.97 1 0
github.com/ericbutera/bike/strava-gateway/internal/worker/artifacts.go:88.4,89.1 1 0
github.com/ericbutera/bike/strava-gateway/internal/worker/artifacts.go:91.2,91.42 1 0
github.com/ericbutera/bike/strava-gateway/internal/worker/artifacts.go:92.3,93.1 1 0
github.com/ericbutera/bike/strava-gateway/internal/worker/artifacts.go:94.2,94.44 1 0
github.com/ericbutera/bike/strava-gateway/internal/worker/artifacts.go:95.3,96.1 1 0
github.com/ericbutera/bike/strava-gateway/internal/worker/artifacts.go:97.2,97.36 1 0
github.com/ericbutera/bike/strava-gateway/internal/worker/artifacts.go:98.3,99.1 1 0
github.com/ericbutera/bike/strava-gateway/internal/worker/artifacts.go:100.2,100.37 1 0
github.com/ericbutera/bike/strava-gateway/internal/worker/artifacts.go:101.3,102.1 1 0
github.com/ericbutera/bike/strava-gateway/internal/worker/artifacts.go:103.2,103.53 1 0
github.com/ericbutera/bike/strava-gateway/internal/worker/artifacts.go:104.3,105.1 1 0
github.com/ericbutera/bike/strava-gateway/internal/worker/artifacts.go:106.2,106.103 1 0
github.com/ericbutera/bike/strava-gateway/internal/worker/artifacts.go:110.2,110.104 1 0
github.com/ericbutera/bike/strava-gateway/internal/worker/artifacts.go:111.3,112.1 1 0
github.com/ericbutera/bike/strava-gateway/internal/worker/artifacts.go:113.2,114.16 2 0
github.com/ericbutera/bike/strava-gateway/internal/worker/artifacts.go:115.3,116.1 1 0
github.com/ericbutera/bike/strava-gateway/internal/worker/artifacts.go:117.2,118.85 2 0
github.com/ericbutera/bike/strava-gateway/internal/worker/artifacts.go:119.3,120.1 1 0
github.com/ericbutera/bike/strava-gateway/internal/worker/artifacts.go:121.2,121.18 1 0
github.com/ericbutera/bike/strava-gateway/internal/worker/delivery.go:47.43,47.62 1 0
github.com/ericbutera/bike/strava-gateway/internal/worker/delivery.go:50.2,51.56 2 0
github.com/ericbutera/bike/strava-gateway/internal/worker/delivery.go:52.3,53.1 1 0
github.com/ericbutera/bike/strava-gateway/internal/worker/delivery.go:54.2,59.1 3 0
github.com/ericbutera/bike/strava-gateway/internal/worker/delivery.go:60.2,60.31 3 0
github.com/ericbutera/bike/strava-gateway/internal/worker/delivery.go:61.3,61.26 1 0
github.com/ericbutera/bike/strava-gateway/internal/worker/delivery.go:62.4,63.1 1 0
github.com/ericbutera/bike/strava-gateway/internal/worker/delivery.go:64.3,65.17 2 0
github.com/ericbutera/bike/strava-gateway/internal/worker/delivery.go:66.4,67.1 1 0
github.com/ericbutera/bike/strava-gateway/internal/worker/delivery.go:68.3,69.29 2 0
github.com/ericbutera/bike/strava-gateway/internal/worker/delivery.go:71.2,72.16 2 0
github.com/ericbutera/bike/strava-gateway/internal/worker/delivery.go:73.3,74.1 1 0
github.com/ericbutera/bike/strava-gateway/internal/worker/delivery.go:75.2,80.16 6 0
github.com/ericbutera/bike/strava-gateway/internal/worker/delivery.go:81.3,82.1 1 0
github.com/ericbutera/bike/strava-gateway/internal/worker/delivery.go:83.2,88.23 6 0
github.com/ericbutera/bike/strava-gateway/internal/worker/delivery.go:89.3,90.1 1 0
github.com/ericbutera/bike/strava-gateway/internal/worker/delivery.go:91.2,92.16 2 0
github.com/ericbutera/bike/strava-gateway/internal/worker/delivery.go:93.3,94.1 1 0
github.com/ericbutera/bike/strava-gateway/internal/worker/delivery.go:95.2,95.15 1 0
github.com/ericbutera/bike/strava-gateway/internal/worker/delivery.go:95.17,95.64 1 0
github.com/ericbutera/bike/strava-gateway/internal/worker/delivery.go:96.2,96.84 1 0
github.com/ericbutera/bike/strava-gateway/internal/worker/delivery.go:97.3,98.1 1 0
github.com/ericbutera/bike/strava-gateway/internal/worker/delivery.go:99.2,99.88 1 0
github.com/ericbutera/bike/strava-gateway/internal/worker/delivery.go:100.3,101.1 1 0
github.com/ericbutera/bike/strava-gateway/internal/worker/delivery.go:102.2,103.88 1 0
github.com/ericbutera/bike/strava-gateway/internal/worker/failures.go:19.49,19.73 1 0
github.com/ericbutera/bike/strava-gateway/internal/worker/failures.go:20.49,20.65 1 0
github.com/ericbutera/bike/strava-gateway/internal/worker/failures.go:23.2,27.16 2 0
github.com/ericbutera/bike/strava-gateway/internal/worker/failures.go:28.3,29.1 1 0
github.com/ericbutera/bike/strava-gateway/internal/worker/failures.go:30.2,31.16 2 0
github.com/ericbutera/bike/strava-gateway/internal/worker/failures.go:32.3,32.28 1 0
github.com/ericbutera/bike/strava-gateway/internal/worker/failures.go:33.4,34.1 1 0
github.com/ericbutera/bike/strava-gateway/internal/worker/failures.go:35.3,35.136 1 0
github.com/ericbutera/bike/strava-gateway/internal/worker/failures.go:37.2,37.38 1 0
github.com/ericbutera/bike/strava-gateway/internal/worker/failures.go:38.3,39.1 1 0
github.com/ericbutera/bike/strava-gateway/internal/worker/failures.go:40.2,41.57 1 0
github.com/ericbutera/bike/strava-gateway/internal/worker/worker.go:35.47,35.71 1 0
github.com/ericbutera/bike/strava-gateway/internal/worker/worker.go:37.47,37.63 1 0
github.com/ericbutera/bike/strava-gateway/internal/worker/worker.go:49.2,50.30 2 0
github.com/ericbutera/bike/strava-gateway/internal/worker/worker.go:51.3,52.1 1 0
github.com/ericbutera/bike/strava-gateway/internal/worker/worker.go:53.2,53.23 1 0
github.com/ericbutera/bike/strava-gateway/internal/worker/worker.go:55.3,55.16 1 0
github.com/ericbutera/bike/strava-gateway/internal/worker/worker.go:56.4,57.1 1 0
github.com/ericbutera/bike/strava-gateway/internal/worker/worker.go:58.3,58.32 1 0
github.com/ericbutera/bike/strava-gateway/internal/worker/worker.go:60.3,60.31 1 0
github.com/ericbutera/bike/strava-gateway/internal/worker/worker.go:62.3,62.30 1 0
github.com/ericbutera/bike/strava-gateway/internal/worker/worker.go:67.2,67.40 1 0
github.com/ericbutera/bike/strava-gateway/internal/worker/worker.go:68.3,70.1 2 0
github.com/ericbutera/bike/strava-gateway/internal/worker/worker.go:71.2,71.22 1 0
github.com/ericbutera/bike/strava-gateway/internal/worker/worker.go:75.2,77.23 3 0
github.com/ericbutera/bike/strava-gateway/internal/worker/worker.go:78.3,78.73 1 0
github.com/ericbutera/bike/strava-gateway/internal/worker/worker.go:79.4,81.1 2 0
github.com/ericbutera/bike/strava-gateway/internal/worker/worker.go:82.3,82.78 1 0
github.com/ericbutera/bike/strava-gateway/internal/worker/worker.go:83.4,84.18 2 0
github.com/ericbutera/bike/strava-gateway/internal/worker/worker.go:85.5,86.1 1 0
github.com/ericbutera/bike/strava-gateway/internal/worker/worker.go:87.4,87.17 1 0
github.com/ericbutera/bike/strava-gateway/internal/worker/worker.go:88.5,89.1 1 0
github.com/ericbutera/bike/strava-gateway/internal/worker/worker.go:90.4,90.35 1 0
github.com/ericbutera/bike/strava-gateway/internal/worker/worker.go:92.3,93.17 2 0
github.com/ericbutera/bike/strava-gateway/internal/worker/worker.go:94.4,95.1 1 0
github.com/ericbutera/bike/strava-gateway/internal/worker/worker.go:96.3,96.14 1 0
github.com/ericbutera/bike/strava-gateway/internal/worker/worker.go:97.4,97.12 1 0
github.com/ericbutera/bike/strava-gateway/internal/worker/worker.go:99.3,100.10 2 0
github.com/ericbutera/bike/strava-gateway/internal/worker/worker.go:102.4,103.14 2 0
github.com/ericbutera/bike/strava-gateway/internal/worker/worker.go:104.18,104.18 0 0
github.com/ericbutera/bike/strava-gateway/internal/worker/worker.go:107.2,107.12 1 0
github.com/ericbutera/bike/strava-gateway/internal/worker/worker.go:111.2,112.16 2 0
github.com/ericbutera/bike/strava-gateway/internal/worker/worker.go:113.3,114.1 1 0
github.com/ericbutera/bike/strava-gateway/internal/worker/worker.go:115.2,115.18 1 0
github.com/ericbutera/bike/strava-gateway/internal/worker/worker.go:116.3,122.65 4 0
github.com/ericbutera/bike/strava-gateway/internal/worker/worker.go:123.4,127.128 5 0
github.com/ericbutera/bike/strava-gateway/internal/worker/worker.go:128.5,131.1 3 0
github.com/ericbutera/bike/strava-gateway/internal/worker/worker.go:132.4,133.41 2 0
github.com/ericbutera/bike/strava-gateway/internal/worker/worker.go:134.5,135.1 1 0
github.com/ericbutera/bike/strava-gateway/internal/worker/worker.go:136.4,137.67 2 0
github.com/ericbutera/bike/strava-gateway/internal/worker/worker.go:139.4,140.1 1 0
github.com/ericbutera/bike/strava-gateway/internal/worker/worker.go:141.3,142.19 2 0
github.com/ericbutera/bike/strava-gateway/internal/worker/worker.go:144.2,145.16 2 0
github.com/ericbutera/bike/strava-gateway/internal/worker/worker.go:146.3,147.1 1 0
github.com/ericbutera/bike/strava-gateway/internal/worker/worker.go:148.2,148.21 1 0
github.com/ericbutera/bike/strava-gateway/internal/worker/worker.go:149.3,149.29 1 0
github.com/ericbutera/bike/strava-gateway/internal/worker/worker.go:150.4,151.1 1 0
github.com/ericbutera/bike/strava-gateway/internal/worker/worker.go:152.3,153.35 2 0
github.com/ericbutera/bike/strava-gateway/internal/worker/worker.go:154.4,155.1 1 0
github.com/ericbutera/bike/strava-gateway/internal/worker/worker.go:156.3,162.66 4 0
github.com/ericbutera/bike/strava-gateway/internal/worker/worker.go:163.4,167.32 5 0
github.com/ericbutera/bike/strava-gateway/internal/worker/worker.go:168.5,168.87 1 0
github.com/ericbutera/bike/strava-gateway/internal/worker/worker.go:169.6,171.1 2 0
github.com/ericbutera/bike/strava-gateway/internal/worker/worker.go:172.5,172.38 1 0
github.com/ericbutera/bike/strava-gateway/internal/worker/worker.go:174.4,174.33 1 0
github.com/ericbutera/bike/strava-gateway/internal/worker/worker.go:175.5,178.1 3 0
github.com/ericbutera/bike/strava-gateway/internal/worker/worker.go:179.5,179.154 1 0
github.com/ericbutera/bike/strava-gateway/internal/worker/worker.go:180.6,183.1 3 0
github.com/ericbutera/bike/strava-gateway/internal/worker/worker.go:184.5,185.31 2 0
github.com/ericbutera/bike/strava-gateway/internal/worker/worker.go:186.6,187.1 1 0
github.com/ericbutera/bike/strava-gateway/internal/worker/worker.go:188.5,189.66 2 0
github.com/ericbutera/bike/strava-gateway/internal/worker/worker.go:192.4,193.1 1 0
github.com/ericbutera/bike/strava-gateway/internal/worker/worker.go:194.3,195.19 2 0
github.com/ericbutera/bike/strava-gateway/internal/worker/worker.go:197.2,204.30 3 0
github.com/ericbutera/bike/strava-gateway/internal/worker/worker.go:205.3,206.1 1 0
github.com/ericbutera/bike/strava-gateway/internal/worker/worker.go:207.2,208.27 2 0
github.com/ericbutera/bike/strava-gateway/internal/worker/worker.go:209.3,210.1 1 0
github.com/ericbutera/bike/strava-gateway/internal/worker/worker.go:211.2,212.70 2 0
github.com/ericbutera/bike/strava-gateway/internal/worker/worker.go:213.3,215.45 3 0
github.com/ericbutera/bike/strava-gateway/internal/worker/worker.go:216.4,217.29 2 0
github.com/ericbutera/bike/strava-gateway/internal/worker/worker.go:218.5,219.1 1 0
github.com/ericbutera/bike/strava-gateway/internal/worker/worker.go:220.4,221.91 2 0
github.com/ericbutera/bike/strava-gateway/internal/worker/worker.go:222.5,226.1 4 0
github.com/ericbutera/bike/strava-gateway/internal/worker/worker.go:227.4,229.20 3 0
github.com/ericbutera/bike/strava-gateway/internal/worker/worker.go:231.3,236.80 4 0
github.com/ericbutera/bike/strava-gateway/internal/worker/worker.go:237.4,241.1 4 0
github.com/ericbutera/bike/strava-gateway/internal/worker/worker.go:242.3,242.15 1 0
github.com/ericbutera/bike/strava-gateway/internal/worker/worker.go:243.4,244.1 1 0
github.com/ericbutera/bike/strava-gateway/internal/worker/worker.go:245.4,246.1 1 0
github.com/ericbutera/bike/strava-gateway/internal/worker/worker.go:247.3,247.45 1 0
github.com/ericbutera/bike/strava-gateway/internal/worker/worker.go:249.2,251.18 3 0
github.com/ericbutera/bike/strava-gateway/internal/worker/worker.go:255.2,256.78 2 0
github.com/ericbutera/bike/strava-gateway/internal/worker/worker.go:257.3,258.1 1 0
github.com/ericbutera/bike/strava-gateway/internal/worker/worker.go:259.2,260.22 2 0
github.com/ericbutera/bike/strava-gateway/internal/worker/worker.go:261.3,262.1 1 0
github.com/ericbutera/bike/strava-gateway/internal/worker/worker.go:263.2,263.36 1 0
github.com/ericbutera/bike/strava-gateway/internal/worker/worker.go:267.2,268.33 2 0
github.com/ericbutera/bike/strava-gateway/internal/worker/worker.go:269.3,269.10 1 0
github.com/ericbutera/bike/strava-gateway/internal/worker/worker.go:271.4,271.16 1 0
github.com/ericbutera/bike/strava-gateway/internal/worker/worker.go:273.4,273.22 1 0
github.com/ericbutera/bike/strava-gateway/internal/worker/worker.go:276.2,276.9 1 0
github.com/ericbutera/bike/strava-gateway/internal/worker/worker.go:278.3,278.40 1 0
github.com/ericbutera/bike/strava-gateway/internal/worker/worker.go:280.3,280.23 1 0
github.com/ericbutera/bike/strava-gateway/internal/worker/worker.go:282.3,282.30 1 0
github.com/ericbutera/bike/strava-gateway/internal/worker/worker.go:284.3,284.22 1 0
github.com/ericbutera/bike/strava-gateway/internal/worker/worker.go:289.2,289.27 1 0
github.com/ericbutera/bike/strava-gateway/internal/worker/worker.go:290.3,291.1 1 0
github.com/ericbutera/bike/strava-gateway/internal/worker/worker.go:295.2,295.27 1 0
github.com/ericbutera/bike/strava-gateway/internal/worker/worker.go:296.3,298.1 2 0
github.com/ericbutera/bike/strava-gateway/internal/worker/worker.go:302.2,303.16 2 0
github.com/ericbutera/bike/strava-gateway/internal/worker/worker.go:304.3,305.1 1 0
github.com/ericbutera/bike/strava-gateway/internal/worker/worker.go:306.3,309.1 2 0
github.com/ericbutera/bike/strava-gateway/internal/worker/worker.go:310.2,311.16 2 0
github.com/ericbutera/bike/strava-gateway/internal/worker/worker.go:312.3,313.1 1 0
github.com/ericbutera/bike/strava-gateway/internal/worker/worker.go:314.3,315.1 1 0
github.com/ericbutera/bike/strava-gateway/internal/worker/worker.go:316.2,317.16 2 0
github.com/ericbutera/bike/strava-gateway/internal/worker/worker.go:318.3,319.1 1 0
github.com/ericbutera/bike/strava-gateway/internal/worker/worker.go:320.3,320.43 1 0
github.com/ericbutera/bike/strava-gateway/internal/worker/worker.go:321.4,322.1 1 0
github.com/ericbutera/bike/strava-gateway/internal/worker/worker.go:327.2,328.30 2 0
github.com/ericbutera/bike/strava-gateway/internal/worker/worker.go:329.3,330.30 2 0
github.com/ericbutera/bike/strava-gateway/internal/worker/worker.go:331.4,332.1 1 0
github.com/ericbutera/bike/strava-gateway/internal/worker/worker.go:334.2,334.26 1 0
github.com/ericbutera/bike/strava-gateway/internal/worker/worker.go:335.3,337.1 2 0
github.com/ericbutera/bike/strava-gateway/internal/worker/worker.go:338.2,338.47 1 0
github.com/ericbutera/bike/strava-gateway/internal/worker/worker.go:339.3,341.1 2 0
github.com/ericbutera/bike/strava-gateway/internal/worker/worker.go:342.2,342.76 1 0
github.com/ericbutera/bike/strava-gateway/internal/worker/worker.go:346.2,347.16 2 0
github.com/ericbutera/bike/strava-gateway/internal/worker/worker.go:348.3,349.1 1 0
github.com/ericbutera/bike/strava-gateway/internal/worker/worker.go:350.2,350.64 1 0
github.com/ericbutera/bike/strava-gateway/internal/worker/worker.go:351.3,352.1 1 0
github.com/ericbutera/bike/strava-gateway/internal/worker/worker.go:353.2,354.16 2 0
github.com/ericbutera/bike/strava-gateway/internal/worker/worker.go:355.3,355.45 1 0
github.com/ericbutera/bike/strava-gateway/internal/worker/worker.go:356.4,357.1 1 0
github.com/ericbutera/bike/strava-gateway/internal/worker/worker.go:358.3,358.13 1 0
github.com/ericbutera/bike/strava-gateway/internal/worker/worker.go:360.2,361.67 2 0
github.com/ericbutera/bike/strava-gateway/internal/worker/worker.go:362.3,363.45 2 0
github.com/ericbutera/bike/strava-gateway/internal/worker/worker.go:364.4,365.1 1 0
github.com/ericbutera/bike/strava-gateway/internal/worker/worker.go:366.3,366.17 1 0
github.com/ericbutera/bike/strava-gateway/internal/worker/worker.go:367.4,368.1 1 0
github.com/ericbutera/bike/strava-gateway/internal/worker/worker.go:370.2,370.44 1 0
github.com/ericbutera/bike/strava-gateway/internal/worker/worker.go:371.3,372.1 1 0
github.com/ericbutera/bike/strava-gateway/internal/worker/worker.go:373.2,373.16 1 0
github.com/ericbutera/bike/strava-gateway/internal/worker/worker.go:374.3,375.1 1 0
github.com/ericbutera/bike/strava-gateway/internal/worker/worker.go:376.2,376.49 1 0
github.com/ericbutera/bike/strava-gateway/internal/worker/worker.go:380.2,380.58 1 0
github.com/ericbutera/bike/strava-gateway/internal/worker/worker.go:381.3,382.1 1 0
github.com/ericbutera/bike/strava-gateway/internal/worker/worker.go:382.9,382.30 1 0
github.com/ericbutera/bike/strava-gateway/internal/worker/worker.go:383.3,384.1 1 0
github.com/ericbutera/bike/strava-gateway/internal/worker/worker.go:385.2,386.88 2 0
github.com/ericbutera/bike/strava-gateway/internal/worker/worker.go:387.3,388.1 1 0
github.com/ericbutera/bike/strava-gateway/internal/worker/worker.go:389.2,389.56 1 0
github.com/ericbutera/bike/strava-gateway/internal/worker/worker.go:390.3,391.1 1 0
github.com/ericbutera/bike/strava-gateway/internal/worker/worker.go:392.2,392.17 1 0
github.com/ericbutera/bike/strava-gateway/internal/worker/worker.go:396.2,396.66 1 0
github.com/ericbutera/bike/strava-gateway/internal/worker/worker.go:397.3,398.1 1 0
github.com/ericbutera/bike/strava-gateway/internal/worker/worker.go:399.2,399.67 1 0
github.com/ericbutera/bike/strava-gateway/internal/worker/worker.go:400.3,401.1 1 0
github.com/ericbutera/bike/strava-gateway/internal/worker/worker.go:402.2,402.38 1 0
github.com/ericbutera/bike/strava-gateway/internal/worker/worker.go:406.2,407.35 2 0
github.com/ericbutera/bike/strava-gateway/internal/worker/worker.go:408.3,408.45 1 0
github.com/ericbutera/bike/strava-gateway/internal/worker/worker.go:409.4,410.1 1 0
github.com/ericbutera/bike/strava-gateway/internal/worker/worker.go:411.3,411.71 1 0
github.com/ericbutera/bike/strava-gateway/internal/worker/worker.go:412.4,413.1 1 0
github.com/ericbutera/bike/strava-gateway/internal/worker/worker.go:414.3,414.65 1 0
github.com/ericbutera/bike/strava-gateway/internal/worker/worker.go:416.2,416.34 1 0
github.com/ericbutera/bike/strava-gateway/internal/worker/worker.go:417.3,418.1 1 0
github.com/ericbutera/bike/strava-gateway/internal/worker/worker.go:419.2,420.16 2 0
github.com/ericbutera/bike/strava-gateway/internal/worker/worker.go:421.3,422.1 1 0
github.com/ericbutera/bike/strava-gateway/internal/worker/worker.go:423.2,423.64 1 0
github.com/ericbutera/bike/strava-gateway/internal/worker/worker.go:424.3,425.1 1 0
github.com/ericbutera/bike/strava-gateway/internal/worker/worker.go:426.2,427.16 2 0
github.com/ericbutera/bike/strava-gateway/internal/worker/worker.go:428.3,428.45 1 0
github.com/ericbutera/bike/strava-gateway/internal/worker/worker.go:429.4,430.1 1 0
github.com/ericbutera/bike/strava-gateway/internal/worker/worker.go:431.3,431.13 1 0
github.com/ericbutera/bike/strava-gateway/internal/worker/worker.go:433.2,433.58 1 0
github.com/ericbutera/bike/strava-gateway/internal/worker/worker.go:434.3,435.1 1 0
github.com/ericbutera/bike/strava-gateway/internal/worker/worker.go:435.9,435.30 1 0
github.com/ericbutera/bike/strava-gateway/internal/worker/worker.go:436.3,437.1 1 0
github.com/ericbutera/bike/strava-gateway/internal/worker/worker.go:438.2,439.86 2 0
github.com/ericbutera/bike/strava-gateway/internal/worker/worker.go:440.3,441.1 1 0
github.com/ericbutera/bike/strava-gateway/internal/worker/worker.go:442.2,442.67 1 0
github.com/ericbutera/bike/strava-gateway/internal/worker/worker.go:443.3,444.17 2 0
github.com/ericbutera/bike/strava-gateway/internal/worker/worker.go:445.4,445.46 1 0
github.com/ericbutera/bike/strava-gateway/internal/worker/worker.go:446.5,447.1 1 0
github.com/ericbutera/bike/strava-gateway/internal/worker/worker.go:448.4,448.14 1 0
github.com/ericbutera/bike/strava-gateway/internal/worker/worker.go:450.3,450.69 1 0
github.com/ericbutera/bike/strava-gateway/internal/worker/worker.go:451.4,452.1 1 0
github.com/ericbutera/bike/strava-gateway/internal/worker/worker.go:452.10,452.31 1 0
github.com/ericbutera/bike/strava-gateway/internal/worker/worker.go:453.4,454.1 1 0
github.com/ericbutera/bike/strava-gateway/internal/worker/worker.go:455.3,456.87 2 0
github.com/ericbutera/bike/strava-gateway/internal/worker/worker.go:457.4,458.1 1 0
github.com/ericbutera/bike/strava-gateway/internal/worker/worker.go:460.2,460.16 1 0
github.com/ericbutera/bike/strava-gateway/internal/worker/worker.go:461.3,462.43 2 0
github.com/ericbutera/bike/strava-gateway/internal/worker/worker.go:463.4,464.1 1 0
github.com/ericbutera/bike/strava-gateway/internal/worker/worker.go:465.3,465.43 1 0
github.com/ericbutera/bike/strava-gateway/internal/worker/worker.go:466.4,467.1 1 0
github.com/ericbutera/bike/strava-gateway/internal/worker/worker.go:468.3,468.13 1 0
github.com/ericbutera/bike/strava-gateway/internal/worker/worker.go:470.2,471.16 2 0
github.com/ericbutera/bike/strava-gateway/internal/worker/worker.go:472.3,473.1 1 0
github.com/ericbutera/bike/strava-gateway/internal/worker/worker.go:474.2,474.35 1 0
github.com/ericbutera/bike/strava-gateway/internal/worker/worker.go:475.3,477.1 1 0
github.com/ericbutera/bike/strava-gateway/internal/worker/worker.go:478.2,478.25 1 0
github.com/ericbutera/bike/strava-gateway/internal/worker/worker.go:479.3,480.1 1 0
github.com/ericbutera/bike/strava-gateway/internal/worker/worker.go:481.2,481.58 1 0
github.com/ericbutera/bike/strava-gateway/internal/worker/worker.go:482.3,483.1 1 0
github.com/ericbutera/bike/strava-gateway/internal/worker/worker.go:483.9,483.30 1 0
github.com/ericbutera/bike/strava-gateway/internal/worker/worker.go:484.3,485.1 1 0
github.com/ericbutera/bike/strava-gateway/internal/worker/worker.go:486.2,487.87 2 0
github.com/ericbutera/bike/strava-gateway/internal/worker/worker.go:488.3,489.1 1 0
github.com/ericbutera/bike/strava-gateway/internal/worker/worker.go:490.2,490.67 1 0
github.com/ericbutera/bike/strava-gateway/internal/worker/worker.go:491.3,492.17 2 0
github.com/ericbutera/bike/strava-gateway/internal/worker/worker.go:493.4,493.46 1 0
github.com/ericbutera/bike/strava-gateway/internal/worker/worker.go:494.5,495.1 1 0
github.com/ericbutera/bike/strava-gateway/internal/worker/worker.go:496.4,496.14 1 0
github.com/ericbutera/bike/strava-gateway/internal/worker/worker.go:498.3,498.69 1 0
github.com/ericbutera/bike/strava-gateway/internal/worker/worker.go:499.4,500.1 1 0
github.com/ericbutera/bike/strava-gateway/internal/worker/worker.go:500.10,500.31 1 0
github.com/ericbutera/bike/strava-gateway/internal/worker/worker.go:501.4,502.1 1 0
github.com/ericbutera/bike/strava-gateway/internal/worker/worker.go:503.3,504.88 2 0
github.com/ericbutera/bike/strava-gateway/internal/worker/worker.go:505.4,506.1 1 0
github.com/ericbutera/bike/strava-gateway/internal/worker/worker.go:508.2,509.16 2 0
github.com/ericbutera/bike/strava-gateway/internal/worker/worker.go:510.3,511.43 2 0
github.com/ericbutera/bike/strava-gateway/internal/worker/worker.go:512.4,513.1 1 0
github.com/ericbutera/bike/strava-gateway/internal/worker/worker.go:514.3,514.43 1 0
github.com/ericbutera/bike/strava-gateway/internal/worker/worker.go:515.4,516.1 1 0
github.com/ericbutera/bike/strava-gateway/internal/worker/worker.go:517.3,517.13 1 0
github.com/ericbutera/bike/strava-gateway/internal/worker/worker.go:519.2,519.31 1 0
github.com/ericbutera/bike/strava-gateway/internal/worker/worker.go:520.3,521.1 1 0
github.com/ericbutera/bike/strava-gateway/internal/worker/worker.go:522.2,526.16 2 0
github.com/ericbutera/bike/strava-gateway/internal/worker/worker.go:527.3,528.1 1 0
github.com/ericbutera/bike/strava-gateway/internal/worker/worker.go:529.2,530.16 2 0
github.com/ericbutera/bike/strava-gateway/internal/worker/worker.go:531.3,531.28 1 0
github.com/ericbutera/bike/strava-gateway/internal/worker/worker.go:532.4,533.1 1 0
github.com/ericbutera/bike/strava-gateway/internal/worker/worker.go:534.3,534.13 1 0
github.com/ericbutera/bike/strava-gateway/internal/worker/worker.go:536.2,536.38 1 0
github.com/ericbutera/bike/strava-gateway/internal/worker/worker.go:537.3,538.1 1 0
github.com/ericbutera/bike/strava-gateway/internal/worker/worker.go:539.2,539.65 1 0
github.com/ericbutera/bike/strava-gateway/internal/worker/worker.go:543.2,544.61 2 0
github.com/ericbutera/bike/strava-gateway/internal/worker/worker.go:545.3,546.1 1 0
github.com/ericbutera/bike/strava-gateway/internal/worker/worker.go:547.2,548.43 2 0
github.com/ericbutera/bike/strava-gateway/internal/worker/worker.go:549.3,551.1 2 0
github.com/ericbutera/bike/strava-gateway/internal/worker/worker.go:552.2,552.33 1 0
github.com/ericbutera/bike/strava-gateway/internal/worker/worker.go:553.3,554.1 1 0
github.com/ericbutera/bike/strava-gateway/internal/worker/worker.go:555.2,555.21 1 0
github.com/ericbutera/bike/strava-gateway/internal/worker/worker.go:559.2,559.73 1 0
github.com/ericbutera/bike/strava-gateway/internal/worker/worker.go:560.3,561.1 1 0
github.com/ericbutera/bike/strava-gateway/internal/worker/worker.go:562.2,562.59 1 0
github.com/ericbutera/bike/strava-gateway/internal/worker/worker.go:563.3,564.1 1 0
github.com/ericbutera/bike/strava-gateway/internal/worker/worker.go:564.9,564.30 1 0
github.com/ericbutera/bike/strava-gateway/internal/worker/worker.go:565.3,566.1 1 0
github.com/ericbutera/bike/strava-gateway/internal/worker/worker.go:567.2,568.88 2 0
github.com/ericbutera/bike/strava-gateway/internal/worker/worker.go:569.3,570.1 1 0
github.com/ericbutera/bike/strava-gateway/internal/worker/worker.go:571.2,571.16 1 0
github.com/ericbutera/bike/strava-gateway/internal/worker/worker.go:572.3,573.1 1 0
github.com/ericbutera/bike/strava-gateway/internal/worker/worker.go:574.2,576.23 3 0
github.com/ericbutera/bike/strava-gateway/internal/worker/worker.go:577.3,578.1 1 0
github.com/ericbutera/bike/strava-gateway/internal/worker/worker.go:579.2,579.67 1 0
github.com/ericbutera/bike/strava-gateway/internal/worker/worker.go:580.3,581.1 1 0
github.com/ericbutera/bike/strava-gateway/internal/worker/worker.go:582.2,582.24 1 0
github.com/ericbutera/bike/strava-gateway/internal/worker/worker.go:586.2,587.45 2 0
github.com/ericbutera/bike/strava-gateway/internal/worker/worker.go:588.3,589.1 1 0
github.com/ericbutera/bike/strava-gateway/internal/worker/worker.go:590.2,590.16 1 0
github.com/ericbutera/bike/strava-gateway/internal/worker/worker.go:591.3,592.1 1 0
github.com/ericbutera/bike/strava-gateway/internal/worker/worker.go:593.2,593.77 1 0
github.com/ericbutera/bike/strava-gateway/internal/worker/worker.go:594.3,595.1 1 0
github.com/ericbutera/bike/strava-gateway/internal/worker/worker.go:596.2,596.47 1 0
github.com/ericbutera/bike/strava-gateway/internal/worker/worker.go:600.2,600.66 1 0
github.com/ericbutera/bike/strava-gateway/internal/worker/worker.go:601.3,602.1 1 0
github.com/ericbutera/bike/strava-gateway/internal/worker/worker.go:603.2,603.64 1 0
github.com/ericbutera/bike/strava-gateway/internal/worker/worker.go:607.2,607.26 1 0
github.com/ericbutera/bike/strava-gateway/internal/worker/worker.go:608.3,609.1 1 0
github.com/ericbutera/bike/strava-gateway/internal/worker/worker.go:610.2,610.23 1 0
github.com/ericbutera/bike/strava-gateway/internal/worker/worker.go:614.2,616.1 2 0
github.com/ericbutera/bike/strava-gateway/internal/worker/worker.go:619.2,620.65 2 0
github.com/ericbutera/bike/strava-gateway/internal/worker/worker.go:621.3,622.1 1 0
github.com/ericbutera/bike/strava-gateway/internal/worker/worker.go:623.2,623.19 1 0
github.com/ericbutera/bike/strava-gateway/internal/worker/worker.go:624.3,625.1 1 0
github.com/ericbutera/bike/strava-gateway/internal/worker/worker.go:626.2,627.25 2 0
github.com/ericbutera/bike/strava-gateway/internal/worker/worker.go:628.3,629.1 1 0
github.com/ericbutera/bike/strava-gateway/internal/worker/worker.go:630.2,630.80 1 0
github.com/ericbutera/bike/strava-gateway/cmd/admin/main.go:19.2,21.46 3 0
github.com/ericbutera/bike/strava-gateway/cmd/admin/main.go:22.3,23.1 1 0
github.com/ericbutera/bike/strava-gateway/cmd/admin/main.go:27.2,27.20 1 0
github.com/ericbutera/bike/strava-gateway/cmd/admin/main.go:28.3,29.1 1 0
github.com/ericbutera/bike/strava-gateway/cmd/admin/main.go:30.2,30.27 1 0
github.com/ericbutera/bike/strava-gateway/cmd/admin/main.go:31.3,31.21 1 0
github.com/ericbutera/bike/strava-gateway/cmd/admin/main.go:32.4,33.1 1 0
github.com/ericbutera/bike/strava-gateway/cmd/admin/main.go:34.3,35.17 2 0
github.com/ericbutera/bike/strava-gateway/cmd/admin/main.go:36.4,37.1 1 0
github.com/ericbutera/bike/strava-gateway/cmd/admin/main.go:38.3,39.17 2 0
github.com/ericbutera/bike/strava-gateway/cmd/admin/main.go:40.4,41.1 1 0
github.com/ericbutera/bike/strava-gateway/cmd/admin/main.go:42.3,43.13 2 0
github.com/ericbutera/bike/strava-gateway/cmd/admin/main.go:45.2,46.23 2 0
github.com/ericbutera/bike/strava-gateway/cmd/admin/main.go:47.3,48.1 1 0
github.com/ericbutera/bike/strava-gateway/cmd/admin/main.go:49.2,50.16 2 0
github.com/ericbutera/bike/strava-gateway/cmd/admin/main.go:51.3,52.1 1 0
github.com/ericbutera/bike/strava-gateway/cmd/admin/main.go:53.2,55.17 3 0
github.com/ericbutera/bike/strava-gateway/cmd/admin/main.go:57.3,57.21 1 0
github.com/ericbutera/bike/strava-gateway/cmd/admin/main.go:58.4,59.1 1 0
github.com/ericbutera/bike/strava-gateway/cmd/admin/main.go:60.3,61.17 2 0
github.com/ericbutera/bike/strava-gateway/cmd/admin/main.go:62.4,63.1 1 0
github.com/ericbutera/bike/strava-gateway/cmd/admin/main.go:64.3,64.31 1 0
github.com/ericbutera/bike/strava-gateway/cmd/admin/main.go:65.4,66.1 1 0
github.com/ericbutera/bike/strava-gateway/cmd/admin/main.go:67.3,67.13 1 0
github.com/ericbutera/bike/strava-gateway/cmd/admin/main.go:69.3,69.21 1 0
github.com/ericbutera/bike/strava-gateway/cmd/admin/main.go:70.4,71.1 1 0
github.com/ericbutera/bike/strava-gateway/cmd/admin/main.go:72.3,73.17 2 0
github.com/ericbutera/bike/strava-gateway/cmd/admin/main.go:74.4,75.1 1 0
github.com/ericbutera/bike/strava-gateway/cmd/admin/main.go:76.3,76.65 1 0
github.com/ericbutera/bike/strava-gateway/cmd/admin/main.go:77.4,78.1 1 0
github.com/ericbutera/bike/strava-gateway/cmd/admin/main.go:79.3,80.13 2 0
github.com/ericbutera/bike/strava-gateway/cmd/admin/main.go:82.3,82.21 1 0
github.com/ericbutera/bike/strava-gateway/cmd/admin/main.go:83.4,84.1 1 0
github.com/ericbutera/bike/strava-gateway/cmd/admin/main.go:85.3,86.17 2 0
github.com/ericbutera/bike/strava-gateway/cmd/admin/main.go:87.4,88.1 1 0
github.com/ericbutera/bike/strava-gateway/cmd/admin/main.go:89.3,89.49 1 0
github.com/ericbutera/bike/strava-gateway/cmd/admin/main.go:91.3,91.128 1 0
github.com/ericbutera/bike/strava-gateway/cmd/export_rust/main.go:18.2,20.46 3 0
github.com/ericbutera/bike/strava-gateway/cmd/export_rust/main.go:21.3,22.1 1 0
github.com/ericbutera/bike/strava-gateway/cmd/export_rust/main.go:26.2,27.44 2 0
github.com/ericbutera/bike/strava-gateway/cmd/export_rust/main.go:28.3,29.1 1 0
github.com/ericbutera/bike/strava-gateway/cmd/export_rust/main.go:29.9,29.27 1 0
github.com/ericbutera/bike/strava-gateway/cmd/export_rust/main.go:30.3,31.1 1 0
github.com/ericbutera/bike/strava-gateway/cmd/export_rust/main.go:32.2,32.77 1 0
github.com/ericbutera/bike/strava-gateway/cmd/export_rust/main.go:33.3,34.1 1 0
github.com/ericbutera/bike/strava-gateway/cmd/export_rust/main.go:35.2,36.16 2 0
github.com/ericbutera/bike/strava-gateway/cmd/export_rust/main.go:37.3,38.1 1 0
github.com/ericbutera/bike/strava-gateway/cmd/export_rust/main.go:39.2,40.16 2 0
github.com/ericbutera/bike/strava-gateway/cmd/export_rust/main.go:41.3,42.1 1 0
github.com/ericbutera/bike/strava-gateway/cmd/export_rust/main.go:43.2,45.16 3 0
github.com/ericbutera/bike/strava-gateway/cmd/export_rust/main.go:46.3,47.1 1 0
github.com/ericbutera/bike/strava-gateway/cmd/export_rust/main.go:48.2,51.16 4 0
github.com/ericbutera/bike/strava-gateway/cmd/export_rust/main.go:52.3,53.1 1 0
github.com/ericbutera/bike/strava-gateway/cmd/export_rust/main.go:54.2,56.18 3 0
github.com/ericbutera/bike/strava-gateway/cmd/export_rust/main.go:57.3,58.66 2 0
github.com/ericbutera/bike/strava-gateway/cmd/export_rust/main.go:59.4,61.1 2 0
github.com/ericbutera/bike/strava-gateway/cmd/export_rust/main.go:62.3,62.32 1 0
github.com/ericbutera/bike/strava-gateway/cmd/export_rust/main.go:64.2,66.16 3 0
github.com/ericbutera/bike/strava-gateway/cmd/export_rust/main.go:67.3,68.1 1 0
github.com/ericbutera/bike/strava-gateway/cmd/export_rust/main.go:69.2,69.22 1 0
github.com/ericbutera/bike/strava-gateway/cmd/export_rust/main.go:70.3,71.1 1 0
github.com/ericbutera/bike/strava-gateway/cmd/export_rust/main.go:72.2,75.1 3 0
github.com/ericbutera/bike/strava-gateway/cmd/export_rust/main.go:76.2,77.30 3 0
github.com/ericbutera/bike/strava-gateway/cmd/export_rust/main.go:78.3,79.17 2 0
github.com/ericbutera/bike/strava-gateway/cmd/export_rust/main.go:80.4,81.1 1 0
github.com/ericbutera/bike/strava-gateway/cmd/export_rust/main.go:82.3,82.33 1 0
github.com/ericbutera/bike/strava-gateway/cmd/export_rust/main.go:83.4,84.1 1 0
github.com/ericbutera/bike/strava-gateway/cmd/export_rust/main.go:85.3,86.17 2 0
github.com/ericbutera/bike/strava-gateway/cmd/export_rust/main.go:87.4,88.1 1 0
github.com/ericbutera/bike/strava-gateway/cmd/export_rust/main.go:89.3,89.62 1 0
github.com/ericbutera/bike/strava-gateway/cmd/export_rust/main.go:90.4,91.1 1 0
github.com/ericbutera/bike/strava-gateway/cmd/export_rust/main.go:92.3,92.71 1 0
github.com/ericbutera/bike/strava-gateway/cmd/export_rust/main.go:94.2,94.11 1 0
github.com/ericbutera/bike/strava-gateway/cmd/export_rust/main.go:95.3,97.17 3 0
github.com/ericbutera/bike/strava-gateway/cmd/export_rust/main.go:98.4,99.1 1 0
github.com/ericbutera/bike/strava-gateway/cmd/export_rust/main.go:100.3,100.16 1 0
github.com/ericbutera/bike/strava-gateway/cmd/export_rust/main.go:101.4,103.107 3 0
github.com/ericbutera/bike/strava-gateway/cmd/export_rust/main.go:104.5,105.1 1 0
github.com/ericbutera/bike/strava-gateway/cmd/export_rust/main.go:107.3,107.30 1 0
github.com/ericbutera/bike/strava-gateway/cmd/export_rust/main.go:108.4,113.18 2 0
github.com/ericbutera/bike/strava-gateway/cmd/export_rust/main.go:114.5,115.1 1 0
github.com/ericbutera/bike/strava-gateway/cmd/export_rust/main.go:116.4,116.34 1 0
github.com/ericbutera/bike/strava-gateway/cmd/export_rust/main.go:117.5,118.1 1 0
github.com/ericbutera/bike/strava-gateway/cmd/export_rust/main.go:120.3,120.40 1 0
github.com/ericbutera/bike/strava-gateway/cmd/export_rust/main.go:121.4,122.1 1 0
github.com/ericbutera/bike/strava-gateway/cmd/export_rust/main.go:124.2,124.11 1 0
github.com/ericbutera/bike/strava-gateway/cmd/export_rust/main.go:125.3,126.1 1 0
github.com/ericbutera/bike/strava-gateway/cmd/export_rust/main.go:127.3,128.1 1 0
github.com/ericbutera/bike/strava-gateway/cmd/export_rust/main.go:129.2,129.12 1 0
github.com/ericbutera/bike/strava-gateway/cmd/gateway/main.go:32.2,33.16 2 0
github.com/ericbutera/bike/strava-gateway/cmd/gateway/main.go:34.3,35.1 1 0
github.com/ericbutera/bike/strava-gateway/cmd/gateway/main.go:37.2,39.16 3 0
github.com/ericbutera/bike/strava-gateway/cmd/gateway/main.go:40.3,41.1 1 0
github.com/ericbutera/bike/strava-gateway/cmd/gateway/main.go:42.2,43.39 2 0
github.com/ericbutera/bike/strava-gateway/cmd/gateway/main.go:44.3,45.1 1 0
github.com/ericbutera/bike/strava-gateway/cmd/gateway/main.go:46.2,50.16 5 0
github.com/ericbutera/bike/strava-gateway/cmd/gateway/main.go:51.3,52.1 1 0
github.com/ericbutera/bike/strava-gateway/cmd/gateway/main.go:53.2,53.15 1 0
github.com/ericbutera/bike/strava-gateway/cmd/gateway/main.go:54.3,56.58 3 0
github.com/ericbutera/bike/strava-gateway/cmd/gateway/main.go:57.4,58.1 1 0
github.com/ericbutera/bike/strava-gateway/cmd/gateway/main.go:60.2,65.16 6 0
github.com/ericbutera/bike/strava-gateway/cmd/gateway/main.go:66.3,67.1 1 0
github.com/ericbutera/bike/strava-gateway/cmd/gateway/main.go:68.2,70.16 3 0
github.com/ericbutera/bike/strava-gateway/cmd/gateway/main.go:71.3,72.1 1 0
github.com/ericbutera/bike/strava-gateway/cmd/gateway/main.go:73.2,74.50 2 0
github.com/ericbutera/bike/strava-gateway/cmd/gateway/main.go:75.3,76.1 1 0
github.com/ericbutera/bike/strava-gateway/cmd/gateway/main.go:77.2,84.1 2 0
github.com/ericbutera/bike/strava-gateway/cmd/gateway/main.go:85.2,85.43 2 0
github.com/ericbutera/bike/strava-gateway/cmd/gateway/main.go:86.3,87.1 1 0
github.com/ericbutera/bike/strava-gateway/cmd/gateway/main.go:88.2,101.1 9 0
github.com/ericbutera/bike/strava-gateway/cmd/gateway/main.go:102.2,106.16 9 0
github.com/ericbutera/bike/strava-gateway/cmd/gateway/main.go:107.3,108.1 1 0
github.com/ericbutera/bike/strava-gateway/cmd/gateway/main.go:109.2,114.12 3 0
github.com/ericbutera/bike/strava-gateway/cmd/gateway/main.go:115.3,115.56 1 0
github.com/ericbutera/bike/strava-gateway/cmd/gateway/main.go:116.4,117.1 1 0
github.com/ericbutera/bike/strava-gateway/cmd/gateway/main.go:119.2,120.74 2 0
github.com/ericbutera/bike/strava-gateway/cmd/gateway/main.go:120.76,120.106 1 0
github.com/ericbutera/bike/strava-gateway/cmd/gateway/main.go:121.2,121.73 1 0
github.com/ericbutera/bike/strava-gateway/cmd/gateway/main.go:122.3,124.40 3 0
github.com/ericbutera/bike/strava-gateway/cmd/gateway/main.go:125.4,127.1 2 0
github.com/ericbutera/bike/strava-gateway/cmd/gateway/main.go:128.3,128.31 1 0
github.com/ericbutera/bike/strava-gateway/cmd/gateway/main.go:130.2,131.16 2 0
github.com/ericbutera/bike/strava-gateway/cmd/gateway/main.go:132.3,133.1 1 0
github.com/ericbutera/bike/strava-gateway/cmd/gateway/main.go:134.2,136.57 1 0
github.com/ericbutera/bike/strava-gateway/cmd/gateway/main.go:137.5,138.1 1 0
github.com/ericbutera/bike/strava-gateway/cmd/gateway/main.go:141.2,142.23 2 0
github.com/ericbutera/bike/strava-gateway/cmd/gateway/main.go:143.3,144.1 1 0
github.com/ericbutera/bike/strava-gateway/cmd/gateway/main.go:145.2,147.12 3 0
github.com/ericbutera/bike/strava-gateway/cmd/gateway/main.go:147.14,147.69 1 0
github.com/ericbutera/bike/strava-gateway/cmd/gateway/main.go:148.2,148.15 1 0
github.com/ericbutera/bike/strava-gateway/cmd/gateway/main.go:149.3,151.65 3 0
github.com/ericbutera/bike/strava-gateway/cmd/gateway/main.go:152.4,153.1 1 0
github.com/ericbutera/bike/strava-gateway/cmd/gateway/main.go:155.2,157.12 3 0
github.com/ericbutera/bike/strava-gateway/cmd/gateway/main.go:157.14,157.55 1 0
github.com/ericbutera/bike/strava-gateway/cmd/gateway/main.go:158.2,158.9 1 0
github.com/ericbutera/bike/strava-gateway/cmd/gateway/main.go:160.3,160.58 1 0
github.com/ericbutera/bike/strava-gateway/cmd/gateway/main.go:161.4,162.1 1 0
github.com/ericbutera/bike/strava-gateway/cmd/gateway/main.go:164.3,164.58 1 0
github.com/ericbutera/bike/strava-gateway/cmd/gateway/main.go:165.4,166.1 1 0
github.com/ericbutera/bike/strava-gateway/cmd/gateway/main.go:168.3,170.58 3 0
github.com/ericbutera/bike/strava-gateway/cmd/gateway/main.go:171.4,172.1 1 0
github.com/ericbutera/bike/strava-gateway/cmd/gateway/main.go:177.2,178.17 2 0
github.com/ericbutera/bike/strava-gateway/cmd/gateway/main.go:179.3,180.1 1 0
github.com/ericbutera/bike/strava-gateway/cmd/gateway/main.go:181.2,181.14 1 0
github.com/ericbutera/bike/strava-gateway/cmd/import_rust/main.go:24.2,26.46 3 0
github.com/ericbutera/bike/strava-gateway/cmd/import_rust/main.go:27.3,28.1 1 0
github.com/ericbutera/bike/strava-gateway/cmd/import_rust/main.go:32.2,34.44 3 0
github.com/ericbutera/bike/strava-gateway/cmd/import_rust/main.go:35.3,36.1 1 0
github.com/ericbutera/bike/strava-gateway/cmd/import_rust/main.go:36.9,36.84 1 0
github.com/ericbutera/bike/strava-gateway/cmd/import_rust/main.go:37.3,39.1 2 0
github.com/ericbutera/bike/strava-gateway/cmd/import_rust/main.go:39.9,39.27 1 0
github.com/ericbutera/bike/strava-gateway/cmd/import_rust/main.go:40.3,41.1 1 0
github.com/ericbutera/bike/strava-gateway/cmd/import_rust/main.go:42.2,43.19 2 0
github.com/ericbutera/bike/strava-gateway/cmd/import_rust/main.go:44.3,45.1 1 0
github.com/ericbutera/bike/strava-gateway/cmd/import_rust/main.go:46.2,47.16 2 0
github.com/ericbutera/bike/strava-gateway/cmd/import_rust/main.go:48.3,49.1 1 0
github.com/ericbutera/bike/strava-gateway/cmd/import_rust/main.go:50.2,52.16 3 0
github.com/ericbutera/bike/strava-gateway/cmd/import_rust/main.go:53.3,54.1 1 0
github.com/ericbutera/bike/strava-gateway/cmd/import_rust/main.go:55.2,55.12 1 0
github.com/ericbutera/bike/strava-gateway/cmd/import_rust/main.go:56.3,58.1 2 0
github.com/ericbutera/bike/strava-gateway/cmd/import_rust/main.go:59.2,59.27 1 0
github.com/ericbutera/bike/strava-gateway/cmd/import_rust/main.go:60.3,61.1 1 0
github.com/ericbutera/bike/strava-gateway/cmd/import_rust/main.go:62.2,63.22 2 0
github.com/ericbutera/bike/strava-gateway/cmd/import_rust/main.go:64.3,65.1 1 0
github.com/ericbutera/bike/strava-gateway/cmd/import_rust/main.go:66.2,67.16 2 0
github.com/ericbutera/bike/strava-gateway/cmd/import_rust/main.go:68.3,69.1 1 0
github.com/ericbutera/bike/strava-gateway/cmd/import_rust/main.go:70.2,71.16 2 0
github.com/ericbutera/bike/strava-gateway/cmd/import_rust/main.go:72.3,73.1 1 0
github.com/ericbutera/bike/strava-gateway/cmd/import_rust/main.go:74.2,77.35 4 0
github.com/ericbutera/bike/strava-gateway/cmd/import_rust/main.go:78.3,79.17 2 0
github.com/ericbutera/bike/strava-gateway/cmd/import_rust/main.go:80.4,81.1 1 0
github.com/ericbutera/bike/strava-gateway/cmd/import_rust/main.go:82.3,82.14 1 0
github.com/ericbutera/bike/strava-gateway/cmd/import_rust/main.go:83.4,84.1 1 0
github.com/ericbutera/bike/strava-gateway/cmd/import_rust/main.go:86.2,88.12 2 0
github.com/ericbutera/bike/strava-gateway/cmd/import_rust/main.go:92.2,95.16 2 0
github.com/ericbutera/bike/strava-gateway/cmd/import_rust/main.go:96.3,97.1 1 0
github.com/ericbutera/bike/strava-gateway/cmd/import_rust/main.go:98.2,100.18 3 0
github.com/ericbutera/bike/strava-gateway/cmd/import_rust/main.go:101.3,105.44 3 0
github.com/ericbutera/bike/strava-gateway/cmd/import_rust/main.go:106.4,107.1 1 0
github.com/ericbutera/bike/strava-gateway/cmd/import_rust/main.go:108.3,108.81 1 0
github.com/ericbutera/bike/strava-gateway/cmd/import_rust/main.go:109.4,110.1 1 0
github.com/ericbutera/bike/strava-gateway/cmd/import_rust/main.go:111.3,111.68 1 0
github.com/ericbutera/bike/strava-gateway/cmd/import_rust/main.go:112.4,113.1 1 0
github.com/ericbutera/bike/strava-gateway/cmd/import_rust/main.go:114.3,114.32 1 0
github.com/ericbutera/bike/strava-gateway/cmd/import_rust/main.go:116.2,116.27 1 0
github.com/ericbutera/bike/strava-gateway/cmd/migrate/main.go:13.2,14.23 2 0
github.com/ericbutera/bike/strava-gateway/cmd/migrate/main.go:15.3,16.1 1 0
github.com/ericbutera/bike/strava-gateway/cmd/migrate/main.go:17.2,19.58 3 0
github.com/ericbutera/bike/strava-gateway/cmd/migrate/main.go:20.3,21.1 1 0
github.com/ericbutera/bike/strava-gateway/cmd/worker/main.go:25.2,26.16 2 0
github.com/ericbutera/bike/strava-gateway/cmd/worker/main.go:27.3,28.1 1 0
github.com/ericbutera/bike/strava-gateway/cmd/worker/main.go:30.2,31.16 2 0
github.com/ericbutera/bike/strava-gateway/cmd/worker/main.go:32.3,33.1 1 0
github.com/ericbutera/bike/strava-gateway/cmd/worker/main.go:34.2,38.16 5 0
github.com/ericbutera/bike/strava-gateway/cmd/worker/main.go:39.3,40.1 1 0
github.com/ericbutera/bike/strava-gateway/cmd/worker/main.go:41.2,41.15 1 0
github.com/ericbutera/bike/strava-gateway/cmd/worker/main.go:42.3,44.58 3 0
github.com/ericbutera/bike/strava-gateway/cmd/worker/main.go:45.4,46.1 1 0
github.com/ericbutera/bike/strava-gateway/cmd/worker/main.go:48.2,51.16 4 0
github.com/ericbutera/bike/strava-gateway/cmd/worker/main.go:52.3,53.1 1 0
github.com/ericbutera/bike/strava-gateway/cmd/worker/main.go:54.2,56.16 3 0
github.com/ericbutera/bike/strava-gateway/cmd/worker/main.go:57.3,58.1 1 0
github.com/ericbutera/bike/strava-gateway/cmd/worker/main.go:59.2,60.39 2 0
github.com/ericbutera/bike/strava-gateway/cmd/worker/main.go:61.3,62.1 1 0
github.com/ericbutera/bike/strava-gateway/cmd/worker/main.go:63.2,77.1 3 0
github.com/ericbutera/bike/strava-gateway/cmd/worker/main.go:78.2,79.23 3 0
github.com/ericbutera/bike/strava-gateway/cmd/worker/main.go:80.3,81.1 1 0
github.com/ericbutera/bike/strava-gateway/cmd/worker/main.go:82.2,84.12 3 0
github.com/ericbutera/bike/strava-gateway/cmd/worker/main.go:84.14,84.69 1 0
github.com/ericbutera/bike/strava-gateway/cmd/worker/main.go:85.2,85.15 1 0
github.com/ericbutera/bike/strava-gateway/cmd/worker/main.go:86.3,88.65 3 0
github.com/ericbutera/bike/strava-gateway/cmd/worker/main.go:89.4,90.1 1 0
github.com/ericbutera/bike/strava-gateway/cmd/worker/main.go:92.2,92.23 1 0
github.com/ericbutera/bike/strava-gateway/cmd/worker/main.go:93.3,93.10 1 0
github.com/ericbutera/bike/strava-gateway/cmd/worker/main.go:95.4,95.45 1 0
github.com/ericbutera/bike/strava-gateway/cmd/worker/main.go:96.5,98.1 2 0
github.com/ericbutera/bike/strava-gateway/cmd/worker/main.go:99.11,99.11 0 0
github.com/ericbutera/bike/strava-gateway/cmd/worker/main.go:101.3,101.42 1 0
github.com/ericbutera/bike/strava-gateway/cmd/worker/main.go:102.4,103.11 2 0
github.com/ericbutera/bike/strava-gateway/cmd/worker/main.go:104.22,104.22 0 0
github.com/ericbutera/bike/strava-gateway/cmd/worker/main.go:105.39,105.39 0 0
github.com/ericbutera/bike/strava-gateway/cmd/worker/main.go:112.2,113.17 2 0
github.com/ericbutera/bike/strava-gateway/cmd/worker/main.go:114.3,115.1 1 0
github.com/ericbutera/bike/strava-gateway/cmd/worker/main.go:116.2,116.14 1 0
github.com/ericbutera/bike/strava-gateway/internal/oauth/grpc.go:29.2,30.45 2 0
github.com/ericbutera/bike/strava-gateway/internal/oauth/grpc.go:31.3,32.1 1 0
github.com/ericbutera/bike/strava-gateway/internal/oauth/grpc.go:33.2,34.97 2 0
github.com/ericbutera/bike/strava-gateway/internal/oauth/grpc.go:35.3,36.1 1 0
github.com/ericbutera/bike/strava-gateway/internal/oauth/grpc.go:37.2,39.16 3 0
github.com/ericbutera/bike/strava-gateway/internal/oauth/grpc.go:40.3,41.1 1 0
github.com/ericbutera/bike/strava-gateway/internal/oauth/grpc.go:42.2,43.31 2 0
github.com/ericbutera/bike/strava-gateway/internal/oauth/grpc.go:44.3,45.1 1 0
github.com/ericbutera/bike/strava-gateway/internal/oauth/grpc.go:46.2,46.64 1 0
github.com/ericbutera/bike/strava-gateway/internal/oauth/grpc.go:47.3,48.1 1 0
github.com/ericbutera/bike/strava-gateway/internal/oauth/grpc.go:49.2,50.48 2 0
github.com/ericbutera/bike/strava-gateway/internal/oauth/grpc.go:51.3,52.1 1 0
github.com/ericbutera/bike/strava-gateway/internal/oauth/grpc.go:53.2,55.41 3 0
github.com/ericbutera/bike/strava-gateway/internal/oauth/grpc.go:56.3,57.1 1 0
github.com/ericbutera/bike/strava-gateway/internal/oauth/grpc.go:58.2,58.12 1 0
github.com/ericbutera/bike/strava-gateway/internal/oauth/grpc.go:62.2,63.65 1 0
github.com/ericbutera/bike/strava-gateway/internal/oauth/grpc.go:64.3,65.1 1 0
github.com/ericbutera/bike/strava-gateway/internal/oauth/grpc.go:66.2,67.49 2 0
github.com/ericbutera/bike/strava-gateway/internal/oauth/grpc.go:68.3,69.1 1 0
github.com/ericbutera/bike/strava-gateway/internal/oauth/grpc.go:70.2,75.17 4 0
github.com/ericbutera/bike/strava-gateway/internal/oauth/grpc.go:76.3,77.1 1 0
github.com/ericbutera/bike/strava-gateway/internal/oauth/grpc.go:78.2,80.8 1 0
github.com/ericbutera/bike/strava-gateway/internal/oauth/grpc.go:84.2,85.65 1 0
github.com/ericbutera/bike/strava-gateway/internal/oauth/grpc.go:86.3,87.1 1 0
github.com/ericbutera/bike/strava-gateway/internal/oauth/grpc.go:88.2,91.45 4 0
github.com/ericbutera/bike/strava-gateway/internal/oauth/grpc.go:92.3,93.1 1 0
github.com/ericbutera/bike/strava-gateway/internal/oauth/grpc.go:94.2,94.16 1 0
github.com/ericbutera/bike/strava-gateway/internal/oauth/grpc.go:95.3,96.1 1 0
github.com/ericbutera/bike/strava-gateway/internal/oauth/grpc.go:97.2,98.16 2 0
github.com/ericbutera/bike/strava-gateway/internal/oauth/grpc.go:99.3,100.1 1 0
github.com/ericbutera/bike/strava-gateway/internal/oauth/grpc.go:101.2,102.16 2 0
github.com/ericbutera/bike/strava-gateway/internal/oauth/grpc.go:103.3,104.1 1 0
github.com/ericbutera/bike/strava-gateway/internal/oauth/grpc.go:105.2,109.1 2 0
github.com/ericbutera/bike/strava-gateway/internal/oauth/grpc.go:110.2,110.37 2 0
github.com/ericbutera/bike/strava-gateway/internal/oauth/grpc.go:111.3,113.1 2 0
github.com/ericbutera/bike/strava-gateway/internal/oauth/grpc.go:114.2,114.22 1 0
github.com/ericbutera/bike/strava-gateway/internal/oauth/grpc.go:118.2,119.80 1 0
github.com/ericbutera/bike/strava-gateway/internal/oauth/grpc.go:120.3,121.1 1 0
github.com/ericbutera/bike/strava-gateway/internal/oauth/grpc.go:122.2,122.105 1 0
github.com/ericbutera/bike/strava-gateway/internal/oauth/grpc.go:123.3,124.1 1 0
github.com/ericbutera/bike/strava-gateway/internal/oauth/grpc.go:125.2,128.45 4 0
github.com/ericbutera/bike/strava-gateway/internal/oauth/grpc.go:129.3,130.1 1 0
github.com/ericbutera/bike/strava-gateway/internal/oauth/grpc.go:131.2,131.83 1 0
github.com/ericbutera/bike/strava-gateway/internal/oauth/grpc.go:132.3,133.1 1 0
github.com/ericbutera/bike/strava-gateway/internal/oauth/grpc.go:134.2,134.57 1 0
github.com/ericbutera/bike/strava-gateway/internal/oauth/grpc.go:138.2,139.65 1 0
github.com/ericbutera/bike/strava-gateway/internal/oauth/grpc.go:140.3,141.1 1 0
github.com/ericbutera/bike/strava-gateway/internal/oauth/grpc.go:142.2,145.45 4 0
github.com/ericbutera/bike/strava-gateway/internal/oauth/grpc.go:146.3,147.1 1 0
github.com/ericbutera/bike/strava-gateway/internal/oauth/grpc.go:148.2,148.76 1 0
github.com/ericbutera/bike/strava-gateway/internal/oauth/grpc.go:149.3,150.1 1 0
github.com/ericbutera/bike/strava-gateway/internal/oauth/grpc.go:151.2,151.63 1 0
github.com/ericbutera/bike/strava-gateway/internal/oauth/handler.go:45.2,50.1 5 0
github.com/ericbutera/bike/strava-gateway/internal/oauth/handler.go:53.2,54.9 2 0
github.com/ericbutera/bike/strava-gateway/internal/oauth/handler.go:55.3,56.1 1 0
github.com/ericbutera/bike/strava-gateway/internal/oauth/handler.go:57.2,60.45 4 0
github.com/ericbutera/bike/strava-gateway/internal/oauth/handler.go:61.3,68.1 2 0
github.com/ericbutera/bike/strava-gateway/internal/oauth/handler.go:69.2,69.16 1 0
github.com/ericbutera/bike/strava-gateway/internal/oauth/handler.go:70.3,72.1 2 0
github.com/ericbutera/bike/strava-gateway/internal/oauth/handler.go:73.2,74.16 2 0
github.com/ericbutera/bike/strava-gateway/internal/oauth/handler.go:75.3,77.1 2 0
github.com/ericbutera/bike/strava-gateway/internal/oauth/handler.go:78.2,79.16 2 0
github.com/ericbutera/bike/strava-gateway/internal/oauth/handler.go:80.3,82.1 2 0
github.com/ericbutera/bike/strava-gateway/internal/oauth/handler.go:83.2,90.4 1 0
github.com/ericbutera/bike/strava-gateway/internal/oauth/handler.go:94.2,95.9 2 0
github.com/ericbutera/bike/strava-gateway/internal/oauth/handler.go:96.3,97.1 1 0
github.com/ericbutera/bike/strava-gateway/internal/oauth/handler.go:98.2,98.84 1 0
github.com/ericbutera/bike/strava-gateway/internal/oauth/handler.go:99.3,101.1 2 0
github.com/ericbutera/bike/strava-gateway/internal/oauth/handler.go:102.2,105.45 4 0
github.com/ericbutera/bike/strava-gateway/internal/oauth/handler.go:106.3,108.1 2 0
github.com/ericbutera/bike/strava-gateway/internal/oauth/handler.go:109.2,109.69 1 0
github.com/ericbutera/bike/strava-gateway/internal/oauth/handler.go:110.3,112.1 2 0
github.com/ericbutera/bike/strava-gateway/internal/oauth/handler.go:113.2,113.53 1 0
github.com/ericbutera/bike/strava-gateway/internal/oauth/handler.go:117.2,118.9 2 0
github.com/ericbutera/bike/strava-gateway/internal/oauth/handler.go:119.3,120.1 1 0
github.com/ericbutera/bike/strava-gateway/internal/oauth/handler.go:121.2,124.45 4 0
github.com/ericbutera/bike/strava-gateway/internal/oauth/handler.go:125.3,127.1 2 0
github.com/ericbutera/bike/strava-gateway/internal/oauth/handler.go:128.2,128.69 1 0
github.com/ericbutera/bike/strava-gateway/internal/oauth/handler.go:129.3,131.1 2 0
github.com/ericbutera/bike/strava-gateway/internal/oauth/handler.go:132.2,132.59 1 0
github.com/ericbutera/bike/strava-gateway/internal/oauth/handler.go:136.2,137.16 2 0
github.com/ericbutera/bike/strava-gateway/internal/oauth/handler.go:138.3,140.1 2 0
github.com/ericbutera/bike/strava-gateway/internal/oauth/handler.go:141.2,142.78 2 0
github.com/ericbutera/bike/strava-gateway/internal/oauth/handler.go:143.3,145.1 2 0
github.com/ericbutera/bike/strava-gateway/internal/oauth/handler.go:146.2,147.87 2 0
github.com/ericbutera/bike/strava-gateway/internal/oauth/handler.go:148.3,150.1 2 0
github.com/ericbutera/bike/strava-gateway/internal/oauth/handler.go:151.2,151.20 1 0
github.com/ericbutera/bike/strava-gateway/internal/oauth/handler.go:155.2,157.1 2 0
github.com/ericbutera/bike/strava-gateway/internal/oauth/handler.go:160.2,161.16 2 0
github.com/ericbutera/bike/strava-gateway/internal/oauth/handler.go:162.3,164.1 2 0
github.com/ericbutera/bike/strava-gateway/internal/oauth/handler.go:165.2,166.78 2 0
github.com/ericbutera/bike/strava-gateway/internal/oauth/handler.go:167.3,169.1 2 0
github.com/ericbutera/bike/strava-gateway/internal/oauth/handler.go:170.2,172.53 2 0
github.com/ericbutera/bike/strava-gateway/internal/oauth/handler.go:173.3,175.1 2 0
github.com/ericbutera/bike/strava-gateway/internal/oauth/handler.go:176.2,177.49 2 0
github.com/ericbutera/bike/strava-gateway/internal/oauth/handler.go:178.3,180.1 2 0
github.com/ericbutera/bike/strava-gateway/internal/oauth/handler.go:181.2,186.17 4 0
github.com/ericbutera/bike/strava-gateway/internal/oauth/handler.go:187.3,189.1 2 0
github.com/ericbutera/bike/strava-gateway/internal/oauth/handler.go:190.2,193.4 2 0
github.com/ericbutera/bike/strava-gateway/internal/oauth/handler.go:197.2,199.17 3 0
github.com/ericbutera/bike/strava-gateway/internal/oauth/handler.go:200.3,202.1 2 0
github.com/ericbutera/bike/strava-gateway/internal/oauth/handler.go:203.2,206.16 4 0
github.com/ericbutera/bike/strava-gateway/internal/oauth/handler.go:207.3,209.1 2 0
github.com/ericbutera/bike/strava-gateway/internal/oauth/handler.go:210.2,211.13 2 0
github.com/ericbutera/bike/strava-gateway/internal/oauth/handler.go:212.3,214.1 2 0
github.com/ericbutera/bike/strava-gateway/internal/oauth/handler.go:215.2,216.52 2 0
github.com/ericbutera/bike/strava-gateway/internal/oauth/handler.go:217.3,217.59 1 0
github.com/ericbutera/bike/strava-gateway/internal/oauth/handler.go:218.4,219.1 1 0
github.com/ericbutera/bike/strava-gateway/internal/oauth/handler.go:221.2,222.49 2 0
github.com/ericbutera/bike/strava-gateway/internal/oauth/handler.go:223.3,225.1 2 0
github.com/ericbutera/bike/strava-gateway/internal/oauth/handler.go:226.2,229.64 4 0
github.com/ericbutera/bike/strava-gateway/internal/oauth/handler.go:233.2,233.60 1 0
github.com/ericbutera/bike/strava-gateway/internal/oauth/handler.go:234.3,235.1 1 0
github.com/ericbutera/bike/strava-gateway/internal/oauth/handler.go:235.9,235.30 1 0
github.com/ericbutera/bike/strava-gateway/internal/oauth/handler.go:236.3,237.1 1 0
github.com/ericbutera/bike/strava-gateway/internal/oauth/handler.go:238.2,239.89 2 0
github.com/ericbutera/bike/strava-gateway/internal/oauth/handler.go:240.3,241.1 1 0
github.com/ericbutera/bike/strava-gateway/internal/oauth/handler.go:242.2,242.16 1 0
github.com/ericbutera/bike/strava-gateway/internal/oauth/handler.go:243.3,244.1 1 0
github.com/ericbutera/bike/strava-gateway/internal/oauth/handler.go:245.2,245.80 1 0
github.com/ericbutera/bike/strava-gateway/internal/oauth/handler.go:246.3,247.1 1 0
github.com/ericbutera/bike/strava-gateway/internal/oauth/handler.go:248.2,249.20 2 0
github.com/ericbutera/bike/strava-gateway/internal/oauth/handler.go:250.3,250.61 1 0
github.com/ericbutera/bike/strava-gateway/internal/oauth/handler.go:251.4,252.1 1 0
github.com/ericbutera/bike/strava-gateway/internal/oauth/handler.go:252.10,252.31 1 0
github.com/ericbutera/bike/strava-gateway/internal/oauth/handler.go:253.4,254.1 1 0
github.com/ericbutera/bike/strava-gateway/internal/oauth/handler.go:255.3,257.97 3 0
github.com/ericbutera/bike/strava-gateway/internal/oauth/handler.go:258.4,259.1 1 0
github.com/ericbutera/bike/strava-gateway/internal/oauth/handler.go:260.3,260.17 1 0
github.com/ericbutera/bike/strava-gateway/internal/oauth/handler.go:261.4,262.1 1 0
github.com/ericbutera/bike/strava-gateway/internal/oauth/handler.go:264.2,268.17 1 0
github.com/ericbutera/bike/strava-gateway/internal/oauth/handler.go:269.3,270.1 1 0
github.com/ericbutera/bike/strava-gateway/internal/oauth/handler.go:271.2,273.1 2 0
github.com/ericbutera/bike/strava-gateway/internal/oauth/handler.go:274.2,274.60 2 0
github.com/ericbutera/bike/strava-gateway/internal/oauth/handler.go:275.3,276.1 1 0
github.com/ericbutera/bike/strava-gateway/internal/oauth/handler.go:277.2,277.50 1 0
github.com/ericbutera/bike/strava-gateway/internal/oauth/handler.go:281.2,283.48 3 0
github.com/ericbutera/bike/strava-gateway/internal/oauth/handler.go:284.3,285.1 1 0
github.com/ericbutera/bike/strava-gateway/internal/oauth/handler.go:286.2,287.16 2 0
github.com/ericbutera/bike/strava-gateway/internal/oauth/handler.go:288.3,289.1 1 0
github.com/ericbutera/bike/strava-gateway/internal/oauth/handler.go:290.2,291.24 2 0
github.com/ericbutera/bike/strava-gateway/internal/oauth/handler.go:292.3,293.1 1 0
github.com/ericbutera/bike/strava-gateway/internal/oauth/handler.go:294.2,294.64 1 0
github.com/ericbutera/bike/strava-gateway/internal/oauth/handler.go:295.3,296.1 1 0
github.com/ericbutera/bike/strava-gateway/internal/oauth/handler.go:297.2,300.43 4 0
github.com/ericbutera/bike/strava-gateway/internal/observability/logger.go:11.2,11.19 1 0
github.com/ericbutera/bike/strava-gateway/internal/observability/logger.go:12.3,13.1 1 0
github.com/ericbutera/bike/strava-gateway/internal/observability/logger.go:15.2,15.76 1 0
github.com/ericbutera/bike/strava-gateway/internal/observability/logger.go:19.2,20.28 2 0
github.com/ericbutera/bike/strava-gateway/internal/observability/logger.go:21.3,22.1 1 0
github.com/ericbutera/bike/strava-gateway/internal/observability/logger.go:24.2,27.3 1 0
github.com/ericbutera/bike/strava-gateway/internal/observability/metrics.go:54.2,90.1 6 0
github.com/ericbutera/bike/strava-gateway/internal/observability/metrics.go:91.2,103.1 6 0
github.com/ericbutera/bike/strava-gateway/internal/observability/metrics.go:106.2,107.1 1 0
github.com/ericbutera/bike/strava-gateway/internal/observability/metrics.go:110.2,110.82 1 0
github.com/ericbutera/bike/strava-gateway/internal/observability/metrics.go:111.3,111.104 1 0
github.com/ericbutera/bike/strava-gateway/internal/observability/metrics.go:112.4,114.1 2 0
github.com/ericbutera/bike/strava-gateway/internal/observability/metrics.go:115.3,118.27 4 0
github.com/ericbutera/bike/strava-gateway/internal/observability/metrics.go:119.4,120.1 1 0
github.com/ericbutera/bike/strava-gateway/internal/observability/metrics.go:121.3,122.18 2 0
github.com/ericbutera/bike/strava-gateway/internal/observability/metrics.go:123.4,124.1 1 0
github.com/ericbutera/bike/strava-gateway/internal/observability/metrics.go:125.3,127.74 3 0
github.com/ericbutera/bike/strava-gateway/internal/observability/metrics.go:128.4,130.29 3 0
github.com/ericbutera/bike/strava-gateway/internal/observability/metrics.go:131.5,132.1 1 0
github.com/ericbutera/bike/strava-gateway/internal/observability/metrics.go:133.4,138.1 2 0
github.com/ericbutera/bike/strava-gateway/internal/observability/metrics.go:139.4,139.57 2 0
github.com/ericbutera/bike/strava-gateway/internal/observability/metrics.go:140.5,141.1 1 0
github.com/ericbutera/bike/strava-gateway/internal/observability/metrics.go:141.11,141.55 1 0
github.com/ericbutera/bike/strava-gateway/internal/observability/metrics.go:142.5,143.1 1 0
github.com/ericbutera/bike/strava-gateway/internal/observability/metrics.go:144.5,145.1 1 0
github.com/ericbutera/bike/strava-gateway/internal/observability/metrics.go:151.2,157.1 6 0
github.com/ericbutera/bike/strava-gateway/internal/observability/metrics.go:160.2,161.17 2 0
github.com/ericbutera/bike/strava-gateway/internal/observability/metrics.go:162.3,163.1 1 0
github.com/ericbutera/bike/strava-gateway/internal/observability/metrics.go:164.2,166.77 3 0
github.com/ericbutera/bike/strava-gateway/internal/observability/metrics.go:170.2,174.1 4 0
github.com/ericbutera/bike/strava-gateway/internal/observability/metrics.go:177.2,181.1 4 0
github.com/ericbutera/bike/strava-gateway/internal/observability/metrics.go:184.2,186.60 3 0
github.com/ericbutera/bike/strava-gateway/internal/observability/metrics.go:187.3,188.1 1 0
github.com/ericbutera/bike/strava-gateway/internal/observability/metrics.go:189.2,191.64 3 0
github.com/ericbutera/bike/strava-gateway/internal/observability/metrics.go:192.3,193.1 1 0
github.com/ericbutera/bike/strava-gateway/internal/observability/metrics.go:194.2,196.72 3 0
github.com/ericbutera/bike/strava-gateway/internal/observability/metrics.go:200.2,201.1 1 0
github.com/ericbutera/bike/strava-gateway/internal/observability/metrics.go:204.2,208.1 4 0
github.com/ericbutera/bike/strava-gateway/internal/observability/metrics.go:211.2,215.1 4 0
github.com/ericbutera/bike/strava-gateway/internal/observability/metrics.go:218.2,218.16 1 0
github.com/ericbutera/bike/strava-gateway/internal/observability/metrics.go:219.3,220.1 1 0
github.com/ericbutera/bike/strava-gateway/internal/observability/metrics.go:221.2,222.70 2 0
github.com/ericbutera/bike/strava-gateway/internal/observability/metrics.go:226.2,228.1 2 0
github.com/ericbutera/bike/strava-gateway/internal/observability/metrics.go:231.2,232.1 1 0
github.com/ericbutera/bike/strava-gateway/internal/observability/metrics.go:235.2,240.1 5 0
github.com/ericbutera/bike/strava-gateway/internal/observability/metrics.go:243.2,243.16 1 0
github.com/ericbutera/bike/strava-gateway/internal/observability/metrics.go:245.3,245.26 1 0
github.com/ericbutera/bike/strava-gateway/internal/observability/metrics.go:247.3,247.22 1 0
github.com/ericbutera/bike/strava-gateway/internal/observability/metrics.go:249.3,249.29 1 0
github.com/ericbutera/bike/strava-gateway/internal/observability/metrics.go:251.3,251.25 1 0
github.com/ericbutera/bike/strava-gateway/internal/observability/metrics.go:253.3,253.17 1 0
github.com/ericbutera/bike/strava-gateway/internal/observability/metrics.go:258.2,260.1 2 0
github.com/ericbutera/bike/strava-gateway/internal/observability/metrics.go:263.2,264.1 1 0
github.com/ericbutera/bike/strava-gateway/internal/observability/metrics.go:267.2,268.1 1 0
github.com/ericbutera/bike/strava-gateway/internal/observability/metrics.go:271.2,277.68 7 0
github.com/ericbutera/bike/strava-gateway/internal/observability/metrics.go:278.3,279.1 1 0
github.com/ericbutera/bike/strava-gateway/internal/observability/metrics.go:283.2,283.68 1 0
github.com/ericbutera/bike/strava-gateway/internal/observability/metrics.go:284.3,285.1 1 0
github.com/ericbutera/bike/strava-gateway/internal/observability/metrics.go:294.2,294.26 1 0
github.com/ericbutera/bike/strava-gateway/internal/observability/metrics.go:295.3,296.1 1 0
github.com/ericbutera/bike/strava-gateway/internal/observability/metrics.go:297.2,298.49 2 0
github.com/ericbutera/bike/strava-gateway/internal/observability/metrics.go:302.2,302.26 1 0
github.com/ericbutera/bike/strava-gateway/internal/observability/metrics.go:303.3,304.1 1 0
github.com/ericbutera/bike/strava-gateway/internal/observability/metrics.go:305.2,305.44 1 0
github.com/ericbutera/bike/strava-gateway/internal/observability/metrics.go:308.64,308.96 1 0
github.com/ericbutera/bike/strava-gateway/internal/observability/metrics.go:311.2,311.9 1 0
github.com/ericbutera/bike/strava-gateway/internal/observability/metrics.go:313.3,313.23 1 0
github.com/ericbutera/bike/strava-gateway/internal/observability/metrics.go:315.3,315.27 1 0
github.com/ericbutera/bike/strava-gateway/internal/observability/metrics.go:317.3,317.27 1 0
github.com/ericbutera/bike/strava-gateway/internal/observability/metrics.go:319.3,319.28 1 0
github.com/ericbutera/bike/strava-gateway/internal/observability/metrics.go:321.3,321.27 1 0
github.com/ericbutera/bike/strava-gateway/internal/observability/metrics.go:323.3,323.17 1 0
github.com/ericbutera/bike/strava-gateway/internal/observability/metrics.go:328.2,328.16 1 0
github.com/ericbutera/bike/strava-gateway/internal/observability/metrics.go:330.3,330.16 1 0
github.com/ericbutera/bike/strava-gateway/internal/observability/metrics.go:332.3,332.17 1 0
github.com/ericbutera/bike/strava-gateway/internal/observability/metrics.go:337.2,337.36 1 0
github.com/ericbutera/bike/strava-gateway/internal/observability/metrics.go:338.3,338.25 1 0
github.com/ericbutera/bike/strava-gateway/internal/observability/metrics.go:339.4,340.1 1 0
github.com/ericbutera/bike/strava-gateway/internal/observability/metrics.go:342.2,342.16 1 0
github.com/ericbutera/bike/strava-gateway/internal/observability/metrics.go:346.2,347.1 1 0
github.com/ericbutera/bike/strava-gateway/internal/observability/tracing.go:19.2,26.1 5 0
github.com/ericbutera/bike/strava-gateway/internal/observability/tracing.go:27.2,32.1 5 0
github.com/ericbutera/bike/strava-gateway/internal/observability/tracing.go:33.2,33.23 5 0
github.com/ericbutera/bike/strava-gateway/internal/observability/tracing.go:34.3,35.17 2 0
github.com/ericbutera/bike/strava-gateway/internal/observability/tracing.go:36.4,37.1 1 0
github.com/ericbutera/bike/strava-gateway/internal/observability/tracing.go:38.3,41.5 1 0
github.com/ericbutera/bike/strava-gateway/internal/observability/tracing.go:43.2,45.31 3 0
github.com/ericbutera/bike/strava-gateway/internal/observability/tracing.go:49.2,49.127 1 0
github.com/ericbutera/bike/strava-gateway/internal/observability/tracing.go:50.3,51.1 1 0
github.com/ericbutera/bike/strava-gateway/internal/observability/tracing.go:52.2,52.90 1 0
github.com/ericbutera/bike/strava-gateway/internal/observability/tracing.go:53.3,53.59 1 0
github.com/ericbutera/bike/strava-gateway/internal/observability/tracing.go:54.4,54.62 1 0
github.com/ericbutera/bike/strava-gateway/internal/observability/tracing.go:55.5,56.1 1 0
github.com/ericbutera/bike/strava-gateway/internal/observability/tracing.go:58.3,58.15 1 0
github.com/ericbutera/bike/strava-gateway/internal/observability/tracing.go:60.2,60.112 1 0
github.com/ericbutera/bike/strava-gateway/internal/observability/tracing.go:64.2,64.62 1 0
github.com/ericbutera/bike/strava-gateway/internal/observability/tracing.go:65.3,66.1 1 0
github.com/ericbutera/bike/strava-gateway/internal/observability/tracing.go:67.2,67.17 1 0
github.com/ericbutera/bike/strava-gateway/internal/observability/tracing.go:71.2,72.24 2 0
github.com/ericbutera/bike/strava-gateway/internal/observability/tracing.go:73.3,74.1 1 0
github.com/ericbutera/bike/strava-gateway/internal/observability/tracing.go:75.2,75.23 1 0
github.com/ericbutera/bike/strava-gateway/internal/observability/tracing.go:76.3,77.1 1 0
github.com/ericbutera/bike/strava-gateway/internal/observability/tracing.go:78.2,82.29 5 0
github.com/ericbutera/bike/strava-gateway/internal/observability/tracing.go:83.3,84.1 1 0
github.com/ericbutera/bike/strava-gateway/internal/observability/tracing.go:85.2,85.72 1 0
github.com/ericbutera/bike/strava-gateway/internal/provider/client.go:30.2,31.16 2 0
github.com/ericbutera/bike/strava-gateway/internal/provider/client.go:32.3,33.1 1 0
github.com/ericbutera/bike/strava-gateway/internal/provider/client.go:34.2,38.1 2 0
github.com/ericbutera/bike/strava-gateway/internal/provider/client.go:39.2,39.52 2 0
github.com/ericbutera/bike/strava-gateway/internal/provider/client.go:43.2,44.16 2 0
github.com/ericbutera/bike/strava-gateway/internal/provider/client.go:45.3,46.1 1 0
github.com/ericbutera/bike/strava-gateway/internal/provider/client.go:47.2,49.1 2 0
github.com/ericbutera/bike/strava-gateway/internal/provider/client.go:50.2,50.64 2 0
github.com/ericbutera/bike/strava-gateway/internal/provider/client.go:51.3,52.1 1 0
github.com/ericbutera/bike/strava-gateway/internal/provider/client.go:53.2,53.21 1 0
github.com/ericbutera/bike/strava-gateway/internal/provider/client.go:54.3,55.1 1 0
github.com/ericbutera/bike/strava-gateway/internal/provider/client.go:56.2,56.34 1 0
github.com/ericbutera/bike/strava-gateway/internal/provider/client.go:80.39,80.102 1 0
github.com/ericbutera/bike/strava-gateway/internal/provider/client.go:93.2,93.24 1 0
github.com/ericbutera/bike/strava-gateway/internal/provider/client.go:95.3,95.29 1 0
github.com/ericbutera/bike/strava-gateway/internal/provider/client.go:97.3,97.28 1 0
github.com/ericbutera/bike/strava-gateway/internal/provider/client.go:99.3,99.26 1 0
github.com/ericbutera/bike/strava-gateway/internal/provider/client.go:101.3,101.25 1 0
github.com/ericbutera/bike/strava-gateway/internal/provider/client.go:103.3,103.22 1 0
github.com/ericbutera/bike/strava-gateway/internal/provider/client.go:108.2,109.1 1 0
github.com/ericbutera/bike/strava-gateway/internal/provider/client.go:112.2,116.1 3 0
github.com/ericbutera/bike/strava-gateway/internal/provider/client.go:117.2,118.1 3 0
github.com/ericbutera/bike/strava-gateway/internal/provider/client.go:121.2,122.20 2 0
github.com/ericbutera/bike/strava-gateway/internal/provider/client.go:123.3,124.1 1 0
github.com/ericbutera/bike/strava-gateway/internal/provider/client.go:125.2,126.16 2 0
github.com/ericbutera/bike/strava-gateway/internal/provider/client.go:127.3,128.1 1 0
github.com/ericbutera/bike/strava-gateway/internal/provider/client.go:129.2,131.1 2 0
github.com/ericbutera/bike/strava-gateway/internal/provider/client.go:132.2,132.63 2 0
github.com/ericbutera/bike/strava-gateway/internal/provider/client.go:133.3,134.1 1 0
github.com/ericbutera/bike/strava-gateway/internal/provider/client.go:135.2,136.31 2 0
github.com/ericbutera/bike/strava-gateway/internal/provider/client.go:137.3,137.19 1 0
github.com/ericbutera/bike/strava-gateway/internal/provider/client.go:138.4,139.1 1 0
github.com/ericbutera/bike/strava-gateway/internal/provider/client.go:141.2,141.27 1 0
github.com/ericbutera/bike/strava-gateway/internal/provider/client.go:145.2,146.16 2 0
github.com/ericbutera/bike/strava-gateway/internal/provider/client.go:147.3,148.1 1 0
github.com/ericbutera/bike/strava-gateway/internal/provider/client.go:149.2,150.16 2 0
github.com/ericbutera/bike/strava-gateway/internal/provider/client.go:151.3,152.1 1 0
github.com/ericbutera/bike/strava-gateway/internal/provider/client.go:153.2,154.29 2 0
github.com/ericbutera/bike/strava-gateway/internal/provider/client.go:158.2,159.1 1 0
github.com/ericbutera/bike/strava-gateway/internal/provider/client.go:162.2,163.1 1 0
github.com/ericbutera/bike/strava-gateway/internal/provider/client.go:166.2,166.56 1 0
github.com/ericbutera/bike/strava-gateway/internal/provider/client.go:167.3,168.1 1 0
github.com/ericbutera/bike/strava-gateway/internal/provider/client.go:169.2,172.16 4 0
github.com/ericbutera/bike/strava-gateway/internal/provider/client.go:173.3,174.1 1 0
github.com/ericbutera/bike/strava-gateway/internal/provider/client.go:175.2,177.16 2 0
github.com/ericbutera/bike/strava-gateway/internal/provider/client.go:178.3,179.1 1 0
github.com/ericbutera/bike/strava-gateway/internal/provider/client.go:180.2,182.16 3 0
github.com/ericbutera/bike/strava-gateway/internal/provider/client.go:183.3,184.1 1 0
github.com/ericbutera/bike/strava-gateway/internal/provider/client.go:185.2,186.62 2 0
github.com/ericbutera/bike/strava-gateway/internal/provider/client.go:187.3,188.1 1 0
github.com/ericbutera/bike/strava-gateway/internal/provider/client.go:189.2,189.81 1 0
github.com/ericbutera/bike/strava-gateway/internal/provider/client.go:190.3,191.1 1 0
github.com/ericbutera/bike/strava-gateway/internal/provider/client.go:192.2,192.29 1 0
github.com/ericbutera/bike/strava-gateway/internal/provider/client.go:196.2,198.23 3 0
github.com/ericbutera/bike/strava-gateway/internal/provider/client.go:199.3,200.1 1 0
github.com/ericbutera/bike/strava-gateway/internal/provider/client.go:201.2,202.16 2 0
github.com/ericbutera/bike/strava-gateway/internal/provider/client.go:203.3,205.1 2 0
github.com/ericbutera/bike/strava-gateway/internal/provider/client.go:206.2,206.15 1 0
github.com/ericbutera/bike/strava-gateway/internal/provider/client.go:206.17,206.62 1 0
github.com/ericbutera/bike/strava-gateway/internal/provider/client.go:207.2,207.27 1 0
github.com/ericbutera/bike/strava-gateway/internal/provider/client.go:208.3,209.1 1 0
github.com/ericbutera/bike/strava-gateway/internal/provider/client.go:210.2,211.16 2 0
github.com/ericbutera/bike/strava-gateway/internal/provider/client.go:212.3,214.1 2 0
github.com/ericbutera/bike/strava-gateway/internal/provider/client.go:215.2,215.33 1 0
github.com/ericbutera/bike/strava-gateway/internal/provider/client.go:216.3,218.1 2 0
github.com/ericbutera/bike/strava-gateway/internal/provider/client.go:219.2,221.57 3 0
github.com/ericbutera/bike/strava-gateway/internal/provider/client.go:222.3,223.1 1 0
github.com/ericbutera/bike/strava-gateway/internal/provider/client.go:224.2,224.22 1 0
github.com/ericbutera/bike/strava-gateway/internal/provider/client.go:228.2,228.27 1 0
github.com/ericbutera/bike/strava-gateway/internal/provider/client.go:229.3,230.1 1 0
github.com/ericbutera/bike/strava-gateway/internal/provider/client.go:234.2,234.85 1 0
github.com/ericbutera/bike/strava-gateway/internal/provider/client.go:235.3,236.1 1 0
github.com/ericbutera/bike/strava-gateway/internal/provider/client.go:237.2,237.74 1 0
github.com/ericbutera/bike/strava-gateway/internal/provider/client.go:238.3,239.1 1 0
github.com/ericbutera/bike/strava-gateway/internal/provider/client.go:240.2,240.20 1 0
github.com/ericbutera/bike/strava-gateway/internal/provider/client.go:250.2,251.56 2 0
github.com/ericbutera/bike/strava-gateway/internal/provider/client.go:252.3,253.1 1 0
github.com/ericbutera/bike/strava-gateway/internal/provider/client.go:254.2,254.22 1 0
github.com/ericbutera/bike/strava-gateway/internal/provider/client.go:255.3,256.1 1 0
github.com/ericbutera/bike/strava-gateway/internal/provider/client.go:257.2,257.22 1 0
github.com/ericbutera/bike/strava-gateway/internal/provider/client.go:261.2,262.16 2 0
github.com/ericbutera/bike/strava-gateway/internal/provider/client.go:263.3,264.1 1 0
github.com/ericbutera/bike/strava-gateway/internal/provider/client.go:265.2,265.50 1 0
github.com/ericbutera/bike/strava-gateway/internal/provider/client.go:267.3,267.14 1 0
github.com/ericbutera/bike/strava-gateway/internal/provider/client.go:269.3,269.15 1 0
github.com/ericbutera/bike/strava-gateway/internal/provider/scopes.go:9.2,9.53 1 0
github.com/ericbutera/bike/strava-gateway/internal/provider/scopes.go:10.3,11.1 1 0
github.com/ericbutera/bike/strava-gateway/internal/provider/scopes.go:15.2,15.32 1 0
github.com/ericbutera/bike/strava-gateway/internal/provider/scopes.go:16.3,16.45 1 0
github.com/ericbutera/bike/strava-gateway/internal/provider/scopes.go:17.4,17.23 1 0
github.com/ericbutera/bike/strava-gateway/internal/provider/scopes.go:18.5,19.1 1 0
github.com/ericbutera/bike/strava-gateway/internal/provider/scopes.go:22.2,22.14 1 0
github.com/ericbutera/bike/strava-gateway/internal/secret/token.go:18.2,19.34 2 1
github.com/ericbutera/bike/strava-gateway/internal/secret/token.go:20.3,21.1 1 0
github.com/ericbutera/bike/strava-gateway/internal/secret/token.go:22.2,23.16 2 1
github.com/ericbutera/bike/strava-gateway/internal/secret/token.go:24.3,25.1 1 0
github.com/ericbutera/bike/strava-gateway/internal/secret/token.go:26.2,27.16 2 1
github.com/ericbutera/bike/strava-gateway/internal/secret/token.go:28.3,29.1 1 0
github.com/ericbutera/bike/strava-gateway/internal/secret/token.go:30.2,30.37 1 1
github.com/ericbutera/bike/strava-gateway/internal/secret/token.go:36.2,37.44 2 2
github.com/ericbutera/bike/strava-gateway/internal/secret/token.go:38.3,39.1 1 0
github.com/ericbutera/bike/strava-gateway/internal/secret/token.go:40.2,40.71 1 2
github.com/ericbutera/bike/strava-gateway/internal/secret/token.go:44.2,45.29 2 2
github.com/ericbutera/bike/strava-gateway/internal/secret/token.go:46.3,47.1 1 0
github.com/ericbutera/bike/strava-gateway/internal/secret/token.go:48.2,48.86 1 2
github.com/ericbutera/bike/strava-gateway/internal/storage/connections.go:29.2,30.16 2 0
github.com/ericbutera/bike/strava-gateway/internal/storage/connections.go:31.3,32.1 1 0
github.com/ericbutera/bike/strava-gateway/internal/storage/connections.go:33.2,40.12 2 0
github.com/ericbutera/bike/strava-gateway/internal/storage/connections.go:46.2,46.17 1 0
github.com/ericbutera/bike/strava-gateway/internal/storage/connections.go:47.3,48.1 1 0
github.com/ericbutera/bike/strava-gateway/internal/storage/connections.go:49.2,50.16 2 0
github.com/ericbutera/bike/strava-gateway/internal/storage/connections.go:51.3,52.1 1 0
github.com/ericbutera/bike/strava-gateway/internal/storage/connections.go:53.2,54.16 2 0
github.com/ericbutera/bike/strava-gateway/internal/storage/connections.go:55.3,56.1 1 0
github.com/ericbutera/bike/strava-gateway/internal/storage/connections.go:57.2,61.13 3 0
github.com/ericbutera/bike/strava-gateway/internal/storage/connections.go:62.3,66.1 1 0
github.com/ericbutera/bike/strava-gateway/internal/storage/connections.go:67.2,68.16 2 0
github.com/ericbutera/bike/strava-gateway/internal/storage/connections.go:69.3,70.1 1 0
github.com/ericbutera/bike/strava-gateway/internal/storage/connections.go:71.2,75.16 2 0
github.com/ericbutera/bike/strava-gateway/internal/storage/connections.go:76.3,77.1 1 0
github.com/ericbutera/bike/strava-gateway/internal/storage/connections.go:78.2,78.32 1 0
github.com/ericbutera/bike/strava-gateway/internal/storage/connections.go:79.3,80.1 1 0
github.com/ericbutera/bike/strava-gateway/internal/storage/connections.go:81.2,81.39 1 0
github.com/ericbutera/bike/strava-gateway/internal/storage/connections.go:82.3,83.1 1 0
github.com/ericbutera/bike/strava-gateway/internal/storage/connections.go:84.2,84.42 1 0
github.com/ericbutera/bike/strava-gateway/internal/storage/connections.go:88.2,88.105 1 0
github.com/ericbutera/bike/strava-gateway/internal/storage/connections.go:89.3,90.1 1 0
github.com/ericbutera/bike/strava-gateway/internal/storage/connections.go:91.2,95.16 2 0
github.com/ericbutera/bike/strava-gateway/internal/storage/connections.go:96.3,97.1 1 0
github.com/ericbutera/bike/strava-gateway/internal/storage/connections.go:98.2,99.20 2 0
github.com/ericbutera/bike/strava-gateway/internal/storage/connections.go:103.2,109.16 5 0
github.com/ericbutera/bike/strava-gateway/internal/storage/connections.go:110.3,111.1 1 0
github.com/ericbutera/bike/strava-gateway/internal/storage/connections.go:112.2,113.16 2 0
github.com/ericbutera/bike/strava-gateway/internal/storage/connections.go:114.3,115.1 1 0
github.com/ericbutera/bike/strava-gateway/internal/storage/connections.go:116.2,119.1 2 0
github.com/ericbutera/bike/strava-gateway/internal/storage/connections.go:120.2,120.55 2 0
github.com/ericbutera/bike/strava-gateway/internal/storage/connections.go:121.3,122.1 1 0
github.com/ericbutera/bike/strava-gateway/internal/storage/connections.go:123.2,124.18 2 0
github.com/ericbutera/bike/strava-gateway/internal/storage/connections.go:129.2,130.16 2 0
github.com/ericbutera/bike/strava-gateway/internal/storage/connections.go:131.3,132.1 1 0
github.com/ericbutera/bike/strava-gateway/internal/storage/connections.go:133.2,135.12 2 0
github.com/ericbutera/bike/strava-gateway/internal/storage/connections.go:145.2,145.70 1 0
github.com/ericbutera/bike/strava-gateway/internal/storage/connections.go:146.3,147.1 1 0
github.com/ericbutera/bike/strava-gateway/internal/storage/connections.go:148.2,153.16 2 0
github.com/ericbutera/bike/strava-gateway/internal/storage/connections.go:154.3,155.1 1 0
github.com/ericbutera/bike/strava-gateway/internal/storage/connections.go:156.2,156.33 1 0
github.com/ericbutera/bike/strava-gateway/internal/storage/connections.go:157.3,158.1 1 0
github.com/ericbutera/bike/strava-gateway/internal/storage/connections.go:159.2,159.12 1 0
github.com/ericbutera/bike/strava-gateway/internal/storage/connections.go:163.2,167.35 4 0
github.com/ericbutera/bike/strava-gateway/internal/storage/connections.go:168.3,169.1 1 0
github.com/ericbutera/bike/strava-gateway/internal/storage/connections.go:170.2,170.18 1 0
github.com/ericbutera/bike/strava-gateway/internal/storage/connections.go:174.2,178.35 4 0
github.com/ericbutera/bike/strava-gateway/internal/storage/connections.go:179.3,180.1 1 0
github.com/ericbutera/bike/strava-gateway/internal/storage/connections.go:181.2,181.18 1 0
github.com/ericbutera/bike/strava-gateway/internal/storage/connections.go:185.2,186.16 2 0
github.com/ericbutera/bike/strava-gateway/internal/storage/connections.go:187.3,188.1 1 0
github.com/ericbutera/bike/strava-gateway/internal/storage/connections.go:189.2,193.16 3 0
github.com/ericbutera/bike/strava-gateway/internal/storage/connections.go:194.3,195.1 1 0
github.com/ericbutera/bike/strava-gateway/internal/storage/connections.go:196.2,196.33 1 0
github.com/ericbutera/bike/strava-gateway/internal/storage/connections.go:197.3,198.1 1 0
github.com/ericbutera/bike/strava-gateway/internal/storage/connections.go:199.2,201.84 1 0
github.com/ericbutera/bike/strava-gateway/internal/storage/connections.go:202.3,203.1 1 0
github.com/ericbutera/bike/strava-gateway/internal/storage/connections.go:204.2,204.23 1 0
github.com/ericbutera/bike/strava-gateway/internal/storage/inbox.go:25.2,28.16 4 0
github.com/ericbutera/bike/strava-gateway/internal/storage/inbox.go:29.3,30.1 1 0
github.com/ericbutera/bike/strava-gateway/internal/storage/inbox.go:31.2,38.35 4 0
github.com/ericbutera/bike/strava-gateway/internal/storage/inbox.go:39.3,40.1 1 0
github.com/ericbutera/bike/strava-gateway/internal/storage/inbox.go:41.2,41.16 1 0
github.com/ericbutera/bike/strava-gateway/internal/storage/inbox.go:42.3,43.1 1 0
github.com/ericbutera/bike/strava-gateway/internal/storage/inbox.go:44.2,47.16 2 0
github.com/ericbutera/bike/strava-gateway/internal/storage/inbox.go:48.3,49.1 1 0
github.com/ericbutera/bike/strava-gateway/internal/storage/inbox.go:50.2,51.18 2 0
github.com/ericbutera/bike/strava-gateway/internal/storage/inbox.go:52.3,53.44 2 0
github.com/ericbutera/bike/strava-gateway/internal/storage/inbox.go:54.4,56.1 2 0
github.com/ericbutera/bike/strava-gateway/internal/storage/inbox.go:57.3,57.21 1 0
github.com/ericbutera/bike/strava-gateway/internal/storage/inbox.go:59.2,59.35 1 0
github.com/ericbutera/bike/strava-gateway/internal/storage/inbox.go:60.3,62.1 2 0
github.com/ericbutera/bike/strava-gateway/internal/storage/inbox.go:63.2,64.39 2 0
github.com/ericbutera/bike/strava-gateway/internal/storage/inbox.go:65.3,66.1 1 0
github.com/ericbutera/bike/strava-gateway/internal/storage/inbox.go:67.2,67.26 1 0
github.com/ericbutera/bike/strava-gateway/internal/storage/inbox.go:68.3,68.37 1 0
github.com/ericbutera/bike/strava-gateway/internal/storage/inbox.go:69.4,70.1 1 0
github.com/ericbutera/bike/strava-gateway/internal/storage/inbox.go:72.2,72.18 1 0
github.com/ericbutera/bike/strava-gateway/internal/storage/inbox.go:76.2,76.17 1 0
github.com/ericbutera/bike/strava-gateway/internal/storage/inbox.go:77.3,78.1 1 0
github.com/ericbutera/bike/strava-gateway/internal/storage/inbox.go:79.2,79.15 1 0
github.com/ericbutera/bike/strava-gateway/internal/storage/jobs.go:32.2,50.63 3 0
github.com/ericbutera/bike/strava-gateway/internal/storage/jobs.go:51.3,52.1 1 0
github.com/ericbutera/bike/strava-gateway/internal/storage/jobs.go:53.2,56.19 4 0
github.com/ericbutera/bike/strava-gateway/internal/storage/jobs.go:68.2,81.35 4 0
github.com/ericbutera/bike/strava-gateway/internal/storage/jobs.go:82.3,83.1 1 0
github.com/ericbutera/bike/strava-gateway/internal/storage/jobs.go:84.2,84.16 1 0
github.com/ericbutera/bike/strava-gateway/internal/storage/jobs.go:85.3,86.1 1 0
github.com/ericbutera/bike/strava-gateway/internal/storage/jobs.go:87.2,87.56 1 0
github.com/ericbutera/bike/strava-gateway/internal/storage/jobs.go:88.3,89.1 1 0
github.com/ericbutera/bike/strava-gateway/internal/storage/jobs.go:90.2,90.18 1 0
github.com/ericbutera/bike/strava-gateway/internal/storage/jobs.go:100.2,100.82 1 0
github.com/ericbutera/bike/strava-gateway/internal/storage/jobs.go:101.3,102.1 1 0
github.com/ericbutera/bike/strava-gateway/internal/storage/jobs.go:103.2,104.16 2 0
github.com/ericbutera/bike/strava-gateway/internal/storage/jobs.go:105.3,106.1 1 0
github.com/ericbutera/bike/strava-gateway/internal/storage/jobs.go:107.2,109.21 3 0
github.com/ericbutera/bike/strava-gateway/internal/storage/jobs.go:110.3,110.111 1 0
github.com/ericbutera/bike/strava-gateway/internal/storage/jobs.go:111.4,112.1 1 0
github.com/ericbutera/bike/strava-gateway/internal/storage/jobs.go:113.3,117.84 1 0
github.com/ericbutera/bike/strava-gateway/internal/storage/jobs.go:118.4,119.1 1 0
github.com/ericbutera/bike/strava-gateway/internal/storage/jobs.go:120.3,120.26 1 0
github.com/ericbutera/bike/strava-gateway/internal/storage/jobs.go:121.9,121.34 1 0
github.com/ericbutera/bike/strava-gateway/internal/storage/jobs.go:122.3,123.1 1 0
github.com/ericbutera/bike/strava-gateway/internal/storage/jobs.go:124.2,126.124 1 0
github.com/ericbutera/bike/strava-gateway/internal/storage/jobs.go:127.3,128.1 1 0
github.com/ericbutera/bike/strava-gateway/internal/storage/jobs.go:129.2,131.16 2 0
github.com/ericbutera/bike/strava-gateway/internal/storage/jobs.go:132.3,133.1 1 0
github.com/ericbutera/bike/strava-gateway/internal/storage/jobs.go:134.2,134.33 1 0
github.com/ericbutera/bike/strava-gateway/internal/storage/jobs.go:135.3,136.1 1 0
github.com/ericbutera/bike/strava-gateway/internal/storage/jobs.go:137.2,137.23 1 0
github.com/ericbutera/bike/strava-gateway/internal/storage/jobs.go:141.2,142.37 2 0
github.com/ericbutera/bike/strava-gateway/internal/storage/jobs.go:143.3,144.1 1 0
github.com/ericbutera/bike/strava-gateway/internal/storage/jobs.go:145.2,148.12 2 0
github.com/ericbutera/bike/strava-gateway/internal/storage/jobs.go:152.2,154.1 2 0
github.com/ericbutera/bike/strava-gateway/internal/storage/jobs.go:157.2,158.16 2 0
github.com/ericbutera/bike/strava-gateway/internal/storage/jobs.go:159.3,160.1 1 0
github.com/ericbutera/bike/strava-gateway/internal/storage/jobs.go:161.2,163.109 2 0
github.com/ericbutera/bike/strava-gateway/internal/storage/jobs.go:164.3,165.1 1 0
github.com/ericbutera/bike/strava-gateway/internal/storage/jobs.go:166.2,167.96 1 0
github.com/ericbutera/bike/strava-gateway/internal/storage/jobs.go:168.3,169.1 1 0
github.com/ericbutera/bike/strava-gateway/internal/storage/jobs.go:170.2,170.23 1 0
github.com/ericbutera/bike/strava-gateway/internal/storage/jobs.go:187.2,206.35 6 0
github.com/ericbutera/bike/strava-gateway/internal/storage/jobs.go:207.3,208.1 1 0
github.com/ericbutera/bike/strava-gateway/internal/storage/jobs.go:209.2,209.16 1 0
github.com/ericbutera/bike/strava-gateway/internal/storage/jobs.go:210.3,211.1 1 0
github.com/ericbutera/bike/strava-gateway/internal/storage/jobs.go:212.2,212.56 1 0
github.com/ericbutera/bike/strava-gateway/internal/storage/jobs.go:213.3,214.1 1 0
github.com/ericbutera/bike/strava-gateway/internal/storage/jobs.go:215.2,215.47 1 0
github.com/ericbutera/bike/strava-gateway/internal/storage/jobs.go:216.3,217.1 1 0
github.com/ericbutera/bike/strava-gateway/internal/storage/jobs.go:218.2,218.18 1 0
github.com/ericbutera/bike/strava-gateway/internal/storage/jobs.go:222.2,225.16 2 0
github.com/ericbutera/bike/strava-gateway/internal/storage/jobs.go:226.3,227.1 1 0
github.com/ericbutera/bike/strava-gateway/internal/storage/jobs.go:228.2,228.33 1 0
github.com/ericbutera/bike/strava-gateway/internal/storage/jobs.go:229.3,230.1 1 0
github.com/ericbutera/bike/strava-gateway/internal/storage/jobs.go:231.2,231.12 1 0
github.com/ericbutera/bike/strava-gateway/internal/storage/jobs.go:235.2,236.37 2 0
github.com/ericbutera/bike/strava-gateway/internal/storage/jobs.go:237.3,238.1 1 0
github.com/ericbutera/bike/strava-gateway/internal/storage/jobs.go:239.2,242.12 2 0
github.com/ericbutera/bike/strava-gateway/internal/storage/jobs.go:249.2,249.51 1 0
github.com/ericbutera/bike/strava-gateway/internal/storage/jobs.go:250.3,251.1 1 0
github.com/ericbutera/bike/strava-gateway/internal/storage/jobs.go:252.2,253.16 2 0
github.com/ericbutera/bike/strava-gateway/internal/storage/jobs.go:254.3,255.1 1 0
github.com/ericbutera/bike/strava-gateway/internal/storage/jobs.go:256.2,259.65 2 0
github.com/ericbutera/bike/strava-gateway/internal/storage/jobs.go:260.3,261.1 1 0
github.com/ericbutera/bike/strava-gateway/internal/storage/jobs.go:262.2,265.16 2 0
github.com/ericbutera/bike/strava-gateway/internal/storage/jobs.go:266.3,267.1 1 0
github.com/ericbutera/bike/strava-gateway/internal/storage/jobs.go:268.2,268.33 1 0
github.com/ericbutera/bike/strava-gateway/internal/storage/jobs.go:269.3,270.1 1 0
github.com/ericbutera/bike/strava-gateway/internal/storage/jobs.go:271.2,271.23 1 0
github.com/ericbutera/bike/strava-gateway/internal/storage/migrations.go:20.2,21.16 2 0
github.com/ericbutera/bike/strava-gateway/internal/storage/migrations.go:22.3,23.1 1 0
github.com/ericbutera/bike/strava-gateway/internal/storage/migrations.go:24.2,24.15 1 0
github.com/ericbutera/bike/strava-gateway/internal/storage/migrations.go:24.17,24.53 1 0
github.com/ericbutera/bike/strava-gateway/internal/storage/migrations.go:25.2,26.16 2 0
github.com/ericbutera/bike/strava-gateway/internal/storage/migrations.go:27.3,28.1 1 0
github.com/ericbutera/bike/strava-gateway/internal/storage/migrations.go:29.2,31.16 2 0
github.com/ericbutera/bike/strava-gateway/internal/storage/migrations.go:32.3,33.1 1 0
github.com/ericbutera/bike/strava-gateway/internal/storage/migrations.go:34.2,35.12 2 0
github.com/ericbutera/bike/strava-gateway/internal/storage/oauth.go:22.2,22.62 1 0
github.com/ericbutera/bike/strava-gateway/internal/storage/oauth.go:23.3,24.1 1 0
github.com/ericbutera/bike/strava-gateway/internal/storage/oauth.go:25.2,28.12 2 0
github.com/ericbutera/bike/strava-gateway/internal/storage/oauth.go:34.2,35.17 2 0
github.com/ericbutera/bike/strava-gateway/internal/storage/oauth.go:36.3,37.1 1 0
github.com/ericbutera/bike/strava-gateway/internal/storage/oauth.go:38.2,41.35 2 0
github.com/ericbutera/bike/strava-gateway/internal/storage/oauth.go:42.3,43.1 1 0
github.com/ericbutera/bike/strava-gateway/internal/storage/oauth.go:44.2,44.18 1 0
github.com/ericbutera/bike/strava-gateway/internal/storage/oauth.go:50.2,52.1 2 0
github.com/ericbutera/bike/strava-gateway/internal/storage/operations.go:37.2,50.16 2 0
github.com/ericbutera/bike/strava-gateway/internal/storage/operations.go:51.3,52.1 1 0
github.com/ericbutera/bike/strava-gateway/internal/storage/operations.go:53.2,55.18 3 0
github.com/ericbutera/bike/strava-gateway/internal/storage/operations.go:56.3,58.125 2 0
github.com/ericbutera/bike/strava-gateway/internal/storage/operations.go:59.4,60.1 1 0
github.com/ericbutera/bike/strava-gateway/internal/storage/operations.go:61.3,61.30 1 0
github.com/ericbutera/bike/strava-gateway/internal/storage/operations.go:63.2,63.26 1 0
github.com/ericbutera/bike/strava-gateway/internal/storage/operations.go:67.2,72.16 2 0
github.com/ericbutera/bike/strava-gateway/internal/storage/operations.go:73.3,74.1 1 0
github.com/ericbutera/bike/strava-gateway/internal/storage/operations.go:75.2,77.18 3 0
github.com/ericbutera/bike/strava-gateway/internal/storage/operations.go:78.3,79.74 2 0
github.com/ericbutera/bike/strava-gateway/internal/storage/operations.go:80.4,81.1 1 0
github.com/ericbutera/bike/strava-gateway/internal/storage/operations.go:82.3,82.32 1 0
github.com/ericbutera/bike/strava-gateway/internal/storage/operations.go:84.2,84.27 1 0
github.com/ericbutera/bike/strava-gateway/internal/storage/operations.go:88.2,88.13 1 0
github.com/ericbutera/bike/strava-gateway/internal/storage/operations.go:89.3,90.1 1 0
github.com/ericbutera/bike/strava-gateway/internal/storage/operations.go:91.2,92.14 2 0
github.com/ericbutera/bike/strava-gateway/internal/storage/operations.go:94.3,96.34 1 0
github.com/ericbutera/bike/strava-gateway/internal/storage/operations.go:98.3,100.52 1 0
github.com/ericbutera/bike/strava-gateway/internal/storage/operations.go:102.3,104.52 1 0
github.com/ericbutera/bike/strava-gateway/internal/storage/operations.go:106.3,106.49 1 0
github.com/ericbutera/bike/strava-gateway/internal/storage/operations.go:108.2,109.16 2 0
github.com/ericbutera/bike/strava-gateway/internal/storage/operations.go:110.3,111.1 1 0
github.com/ericbutera/bike/strava-gateway/internal/storage/operations.go:112.2,112.33 1 0
github.com/ericbutera/bike/strava-gateway/internal/storage/operations.go:113.3,114.1 1 0
github.com/ericbutera/bike/strava-gateway/internal/storage/operations.go:115.2,115.12 1 0
github.com/ericbutera/bike/strava-gateway/internal/storage/quota.go:45.2,48.1 3 0
github.com/ericbutera/bike/strava-gateway/internal/storage/quota.go:49.2,50.31 3 0
github.com/ericbutera/bike/strava-gateway/internal/storage/quota.go:51.3,52.46 2 0
github.com/ericbutera/bike/strava-gateway/internal/storage/quota.go:53.4,53.12 1 0
github.com/ericbutera/bike/strava-gateway/internal/storage/quota.go:56.3,57.31 2 0
github.com/ericbutera/bike/strava-gateway/internal/storage/quota.go:58.4,59.1 1 0
github.com/ericbutera/bike/strava-gateway/internal/storage/quota.go:60.3,60.24 1 0
github.com/ericbutera/bike/strava-gateway/internal/storage/quota.go:63.2,63.20 1 0
github.com/ericbutera/bike/strava-gateway/internal/storage/quota.go:67.2,68.16 2 0
github.com/ericbutera/bike/strava-gateway/internal/storage/quota.go:69.3,70.1 1 0
github.com/ericbutera/bike/strava-gateway/internal/storage/quota.go:71.2,73.18 3 0
github.com/ericbutera/bike/strava-gateway/internal/storage/quota.go:74.3,75.105 2 0
github.com/ericbutera/bike/strava-gateway/internal/storage/quota.go:76.4,77.1 1 0
github.com/ericbutera/bike/strava-gateway/internal/storage/quota.go:78.3,78.42 1 0
github.com/ericbutera/bike/strava-gateway/internal/storage/quota.go:80.2,80.30 1 0
github.com/ericbutera/bike/strava-gateway/internal/storage/quota.go:84.2,86.16 2 0
github.com/ericbutera/bike/strava-gateway/internal/storage/quota.go:87.3,88.1 1 0
github.com/ericbutera/bike/strava-gateway/internal/storage/quota.go:89.2,91.18 3 0
github.com/ericbutera/bike/strava-gateway/internal/storage/quota.go:92.3,93.44 2 0
github.com/ericbutera/bike/strava-gateway/internal/storage/quota.go:94.4,95.1 1 0
github.com/ericbutera/bike/strava-gateway/internal/storage/quota.go:96.3,96.36 1 0
github.com/ericbutera/bike/strava-gateway/internal/storage/quota.go:98.2,98.28 1 0
github.com/ericbutera/bike/strava-gateway/internal/storage/quota.go:102.2,103.22 2 0
github.com/ericbutera/bike/strava-gateway/internal/storage/quota.go:104.3,105.1 1 0
github.com/ericbutera/bike/strava-gateway/internal/storage/quota.go:106.2,108.28 3 0
github.com/ericbutera/bike/strava-gateway/internal/storage/quota.go:109.3,109.25 1 0
github.com/ericbutera/bike/strava-gateway/internal/storage/quota.go:110.4,111.1 1 0
github.com/ericbutera/bike/strava-gateway/internal/storage/quota.go:113.2,120.1 3 0
github.com/ericbutera/bike/strava-gateway/internal/storage/quota.go:126.2,127.16 2 0
github.com/ericbutera/bike/strava-gateway/internal/storage/quota.go:128.3,129.1 1 0
github.com/ericbutera/bike/strava-gateway/internal/storage/quota.go:130.2,133.22 4 0
github.com/ericbutera/bike/strava-gateway/internal/storage/quota.go:134.3,135.1 1 0
github.com/ericbutera/bike/strava-gateway/internal/storage/quota.go:136.2,137.31 2 0
github.com/ericbutera/bike/strava-gateway/internal/storage/quota.go:138.3,139.103 1 0
github.com/ericbutera/bike/strava-gateway/internal/storage/quota.go:140.4,141.1 1 0
github.com/ericbutera/bike/strava-gateway/internal/storage/quota.go:142.3,145.84 3 0
github.com/ericbutera/bike/strava-gateway/internal/storage/quota.go:146.4,147.1 1 0
github.com/ericbutera/bike/strava-gateway/internal/storage/quota.go:148.3,148.24 1 0
github.com/ericbutera/bike/strava-gateway/internal/storage/quota.go:149.4,150.1 1 0
github.com/ericbutera/bike/strava-gateway/internal/storage/quota.go:151.3,151.44 1 0
github.com/ericbutera/bike/strava-gateway/internal/storage/quota.go:152.4,153.1 1 0
github.com/ericbutera/bike/strava-gateway/internal/storage/quota.go:154.3,156.40 1 0
github.com/ericbutera/bike/strava-gateway/internal/storage/quota.go:157.4,158.1 1 0
github.com/ericbutera/bike/strava-gateway/internal/storage/quota.go:160.2,160.23 1 0
github.com/ericbutera/bike/strava-gateway/internal/storage/quota.go:161.3,161.40 1 0
github.com/ericbutera/bike/strava-gateway/internal/storage/quota.go:162.4,163.1 1 0
github.com/ericbutera/bike/strava-gateway/internal/storage/quota.go:164.3,164.22 1 0
github.com/ericbutera/bike/strava-gateway/internal/storage/quota.go:166.2,166.31 1 0
github.com/ericbutera/bike/strava-gateway/internal/storage/quota.go:167.3,168.62 1 0
github.com/ericbutera/bike/strava-gateway/internal/storage/quota.go:169.4,170.1 1 0
github.com/ericbutera/bike/strava-gateway/internal/storage/quota.go:172.2,172.36 1 0
github.com/ericbutera/bike/strava-gateway/internal/storage/quota.go:176.2,181.35 6 0
github.com/ericbutera/bike/strava-gateway/internal/storage/quota.go:182.3,183.43 2 0
github.com/ericbutera/bike/strava-gateway/internal/storage/quota.go:184.4,185.1 1 0
github.com/ericbutera/bike/strava-gateway/internal/storage/quota.go:186.3,187.29 2 0
github.com/ericbutera/bike/strava-gateway/internal/storage/quota.go:188.4,188.12 1 0
github.com/ericbutera/bike/strava-gateway/internal/storage/quota.go:190.3,192.58 1 0
github.com/ericbutera/bike/strava-gateway/internal/storage/quota.go:193.4,194.1 1 0
github.com/ericbutera/bike/strava-gateway/internal/storage/quota.go:196.2,196.12 1 0
github.com/ericbutera/bike/strava-gateway/internal/storage/quota.go:200.2,201.21 2 0
github.com/ericbutera/bike/strava-gateway/internal/storage/quota.go:202.3,203.1 1 0
github.com/ericbutera/bike/strava-gateway/internal/storage/quota.go:204.2,205.33 2 0
github.com/ericbutera/bike/strava-gateway/internal/storage/quota.go:206.3,207.17 2 0
github.com/ericbutera/bike/strava-gateway/internal/storage/quota.go:208.4,209.1 1 0
github.com/ericbutera/bike/strava-gateway/internal/storage/quota.go:210.3,210.25 1 0
github.com/ericbutera/bike/strava-gateway/internal/storage/quota.go:212.2,212.15 1 0
github.com/ericbutera/bike/strava-gateway/internal/storage/quota.go:216.2,217.16 2 0
github.com/ericbutera/bike/strava-gateway/internal/storage/quota.go:218.3,219.1 1 0
github.com/ericbutera/bike/strava-gateway/internal/storage/quota.go:220.2,222.18 3 0
github.com/ericbutera/bike/strava-gateway/internal/storage/quota.go:223.3,225.57 3 0
github.com/ericbutera/bike/strava-gateway/internal/storage/quota.go:226.4,227.1 1 0
github.com/ericbutera/bike/strava-gateway/internal/storage/quota.go:228.3,228.55 1 0
github.com/ericbutera/bike/strava-gateway/internal/storage/quota.go:230.2,230.55 1 0
github.com/ericbutera/bike/strava-gateway/internal/storage/sync.go:22.2,25.1 3 0
github.com/ericbutera/bike/strava-gateway/internal/storage/sync.go:44.2,57.16 2 0
github.com/ericbutera/bike/strava-gateway/internal/storage/sync.go:58.3,59.1 1 0
github.com/ericbutera/bike/strava-gateway/internal/storage/sync.go:60.2,60.36 1 0
github.com/ericbutera/bike/strava-gateway/internal/storage/sync.go:64.2,64.66 1 0
github.com/ericbutera/bike/strava-gateway/internal/storage/sync.go:65.3,66.1 1 0
github.com/ericbutera/bike/strava-gateway/internal/storage/sync.go:67.2,75.12 5 0
github.com/ericbutera/bike/strava-gateway/internal/storage/sync.go:79.2,79.48 1 0
github.com/ericbutera/bike/strava-gateway/internal/storage/sync.go:80.3,81.1 1 0
github.com/ericbutera/bike/strava-gateway/internal/storage/sync.go:82.2,82.10 1 0
github.com/ericbutera/bike/strava-gateway/internal/storage/sync.go:92.2,98.35 5 0
github.com/ericbutera/bike/strava-gateway/internal/storage/sync.go:99.3,100.1 1 0
github.com/ericbutera/bike/strava-gateway/internal/storage/sync.go:101.2,101.68 1 0
github.com/ericbutera/bike/strava-gateway/internal/storage/sync.go:102.3,103.1 1 0
github.com/ericbutera/bike/strava-gateway/internal/storage/sync.go:104.2,104.20 1 0
github.com/ericbutera/bike/strava-gateway/internal/storage/sync.go:108.2,109.16 2 0
github.com/ericbutera/bike/strava-gateway/internal/storage/sync.go:110.3,111.1 1 0
github.com/ericbutera/bike/strava-gateway/internal/storage/sync.go:112.2,127.35 4 0
github.com/ericbutera/bike/strava-gateway/internal/storage/sync.go:128.3,129.1 1 0
github.com/ericbutera/bike/strava-gateway/internal/storage/sync.go:130.2,130.16 1 0
github.com/ericbutera/bike/strava-gateway/internal/storage/sync.go:131.3,132.1 1 0
github.com/ericbutera/bike/strava-gateway/internal/storage/sync.go:133.2,133.29 1 0
github.com/ericbutera/bike/strava-gateway/internal/storage/sync.go:134.3,136.120 1 0
github.com/ericbutera/bike/strava-gateway/internal/storage/sync.go:137.4,138.1 1 0
github.com/ericbutera/bike/strava-gateway/internal/storage/sync.go:139.3,140.62 1 0
github.com/ericbutera/bike/strava-gateway/internal/storage/sync.go:141.4,142.1 1 0
github.com/ericbutera/bike/strava-gateway/internal/storage/sync.go:144.2,144.39 1 0
github.com/ericbutera/bike/strava-gateway/internal/storage/sync.go:145.3,146.1 1 0
github.com/ericbutera/bike/strava-gateway/internal/storage/sync.go:147.2,147.18 1 0
github.com/ericbutera/bike/strava-gateway/internal/storage/sync.go:151.2,154.16 4 0
github.com/ericbutera/bike/strava-gateway/internal/storage/sync.go:155.3,156.1 1 0
github.com/ericbutera/bike/strava-gateway/internal/storage/sync.go:157.2,158.25 2 0
github.com/ericbutera/bike/strava-gateway/internal/storage/sync.go:159.3,162.1 3 0
github.com/ericbutera/bike/strava-gateway/internal/storage/sync.go:163.3,164.17 3 0
github.com/ericbutera/bike/strava-gateway/internal/storage/sync.go:165.4,166.1 1 0
github.com/ericbutera/bike/strava-gateway/internal/storage/sync.go:167.3,174.142 3 0
github.com/ericbutera/bike/strava-gateway/internal/storage/sync.go:175.4,176.1 1 0
github.com/ericbutera/bike/strava-gateway/internal/storage/sync.go:177.3,179.80 1 0
github.com/ericbutera/bike/strava-gateway/internal/storage/sync.go:180.4,181.1 1 0
github.com/ericbutera/bike/strava-gateway/internal/storage/sync.go:183.2,184.20 2 0
github.com/ericbutera/bike/strava-gateway/internal/storage/sync.go:185.3,186.1 1 0
github.com/ericbutera/bike/strava-gateway/internal/storage/sync.go:187.2,190.16 2 0
github.com/ericbutera/bike/strava-gateway/internal/storage/sync.go:191.3,192.1 1 0
github.com/ericbutera/bike/strava-gateway/internal/storage/sync.go:193.2,193.33 1 0
github.com/ericbutera/bike/strava-gateway/internal/storage/sync.go:194.3,195.1 1 0
github.com/ericbutera/bike/strava-gateway/internal/storage/sync.go:196.2,196.23 1 0
github.com/ericbutera/bike/strava-gateway/internal/storage/sync.go:200.2,201.24 2 0
github.com/ericbutera/bike/strava-gateway/internal/storage/sync.go:202.3,203.1 1 0
github.com/ericbutera/bike/strava-gateway/internal/storage/sync.go:204.2,205.16 2 0
github.com/ericbutera/bike/strava-gateway/internal/storage/sync.go:206.3,207.1 1 0
github.com/ericbutera/bike/strava-gateway/internal/storage/sync.go:208.2,212.16 3 0
github.com/ericbutera/bike/strava-gateway/internal/storage/sync.go:213.3,214.1 1 0
github.com/ericbutera/bike/strava-gateway/internal/storage/sync.go:215.2,215.33 1 0
github.com/ericbutera/bike/strava-gateway/internal/storage/sync.go:216.3,217.1 1 0
github.com/ericbutera/bike/strava-gateway/internal/storage/sync.go:218.2,218.47 1 0
github.com/ericbutera/bike/strava-gateway/internal/storage/sync.go:219.3,221.115 1 0
github.com/ericbutera/bike/strava-gateway/internal/storage/sync.go:222.4,223.1 1 0
github.com/ericbutera/bike/strava-gateway/internal/storage/sync.go:225.2,225.23 1 0
github.com/ericbutera/bike/strava-gateway/internal/storage/sync.go:229.2,233.1 2 0
github.com/ericbutera/bike/strava-gateway/internal/storage/transaction.go:13.2,15.84 3 0
github.com/ericbutera/bike/strava-gateway/internal/storage/transaction.go:16.3,17.1 1 0
github.com/ericbutera/bike/strava-gateway/internal/webhook/webhook.go:34.2,34.113 1 0
github.com/ericbutera/bike/strava-gateway/internal/webhook/webhook.go:35.3,36.1 1 0
github.com/ericbutera/bike/strava-gateway/internal/webhook/webhook.go:37.2,37.69 1 0
github.com/ericbutera/bike/strava-gateway/internal/webhook/webhook.go:38.3,39.1 1 0
github.com/ericbutera/bike/strava-gateway/internal/webhook/webhook.go:40.2,40.101 1 0
github.com/ericbutera/bike/strava-gateway/internal/webhook/webhook.go:46.2,49.1 3 0
github.com/ericbutera/bike/strava-gateway/internal/webhook/webhook.go:66.2,69.1 3 0
github.com/ericbutera/bike/strava-gateway/internal/webhook/webhook.go:72.2,72.18 1 0
github.com/ericbutera/bike/strava-gateway/internal/webhook/webhook.go:74.3,74.23 1 0
github.com/ericbutera/bike/strava-gateway/internal/webhook/webhook.go:76.3,76.24 1 0
github.com/ericbutera/bike/strava-gateway/internal/webhook/webhook.go:78.3,79.96 2 0
github.com/ericbutera/bike/strava-gateway/internal/webhook/webhook.go:84.2,88.43 3 0
github.com/ericbutera/bike/strava-gateway/internal/webhook/webhook.go:89.3,91.1 2 0
github.com/ericbutera/bike/strava-gateway/internal/webhook/webhook.go:92.2,93.78 2 0
github.com/ericbutera/bike/strava-gateway/internal/webhook/webhook.go:97.2,98.15 2 0
github.com/ericbutera/bike/strava-gateway/internal/webhook/webhook.go:99.3,99.29 1 0
github.com/ericbutera/bike/strava-gateway/internal/webhook/webhook.go:100.4,101.1 1 0
github.com/ericbutera/bike/strava-gateway/internal/webhook/webhook.go:103.2,103.57 1 0
github.com/ericbutera/bike/strava-gateway/internal/webhook/webhook.go:104.3,107.1 3 0
github.com/ericbutera/bike/strava-gateway/internal/webhook/webhook.go:108.2,108.74 1 0
github.com/ericbutera/bike/strava-gateway/internal/webhook/webhook.go:109.3,111.1 2 0
github.com/ericbutera/bike/strava-gateway/internal/webhook/webhook.go:112.2,113.16 2 0
github.com/ericbutera/bike/strava-gateway/internal/webhook/webhook.go:114.3,117.1 3 0
github.com/ericbutera/bike/strava-gateway/internal/webhook/webhook.go:118.2,118.71 1 0
github.com/ericbutera/bike/strava-gateway/internal/webhook/webhook.go:119.3,122.1 3 0
github.com/ericbutera/bike/strava-gateway/internal/webhook/webhook.go:123.2,124.53 2 0
github.com/ericbutera/bike/strava-gateway/internal/webhook/webhook.go:125.3,128.1 3 0
github.com/ericbutera/bike/strava-gateway/internal/webhook/webhook.go:129.2,129.42 1 0
github.com/ericbutera/bike/strava-gateway/internal/webhook/webhook.go:130.3,132.53 3 0
github.com/ericbutera/bike/strava-gateway/internal/webhook/webhook.go:133.4,134.1 1 0
github.com/ericbutera/bike/strava-gateway/internal/webhook/webhook.go:135.3,136.9 2 0
github.com/ericbutera/bike/strava-gateway/internal/webhook/webhook.go:138.2,141.16 4 0
github.com/ericbutera/bike/strava-gateway/internal/webhook/webhook.go:142.3,145.1 3 0
github.com/ericbutera/bike/strava-gateway/internal/webhook/webhook.go:146.2,146.14 1 0
github.com/ericbutera/bike/strava-gateway/internal/webhook/webhook.go:147.3,148.1 1 0
github.com/ericbutera/bike/strava-gateway/internal/webhook/webhook.go:149.3,150.1 1 0
github.com/ericbutera/bike/strava-gateway/internal/webhook/webhook.go:151.2,156.46 3 0
github.com/ericbutera/bike/strava-gateway/internal/webhook/webhook.go:160.2,162.46 3 0
github.com/ericbutera/bike/strava-gateway/internal/webhook/webhook.go:163.3,164.1 1 0
github.com/ericbutera/bike/strava-gateway/internal/webhook/webhook.go:167.2,172.32 2 0
github.com/ericbutera/bike/strava-gateway/internal/webhook/webhook.go:178.2,178.49 1 0
github.com/ericbutera/bike/strava-gateway/internal/webhook/webhook.go:179.3,180.1 1 0
github.com/ericbutera/bike/strava-gateway/internal/webhook/webhook.go:181.2,182.50 2 0
github.com/ericbutera/bike/strava-gateway/internal/webhook/webhook.go:183.3,184.30 2 0
github.com/ericbutera/bike/strava-gateway/internal/webhook/webhook.go:185.4,186.1 1 0
github.com/ericbutera/bike/strava-gateway/internal/webhook/webhook.go:187.3,187.21 1 0
github.com/ericbutera/bike/strava-gateway/internal/webhook/webhook.go:189.2,190.42 2 0
github.com/ericbutera/bike/strava-gateway/internal/webhook/webhook.go:191.3,192.1 1 0
github.com/ericbutera/bike/strava-gateway/internal/webhook/webhook.go:193.2,194.24 2 0
github.com/ericbutera/bike/strava-gateway/internal/webhook/webhook.go:195.3,196.1 1 0
github.com/ericbutera/bike/strava-gateway/internal/webhook/webhook.go:197.2,197.66 1 0
github.com/ericbutera/bike/strava-gateway/internal/webhook/webhook.go:198.3,199.1 1 0
github.com/ericbutera/bike/strava-gateway/internal/webhook/webhook.go:200.2,201.16 2 0
github.com/ericbutera/bike/strava-gateway/internal/webhook/webhook.go:202.3,203.1 1 0
github.com/ericbutera/bike/strava-gateway/internal/webhook/webhook.go:204.2,207.43 4 0
github.com/ericbutera/bike/strava-gateway/internal/webhook/webhook.go:213.2,213.121 1 0
github.com/ericbutera/bike/strava-gateway/internal/webhook/webhook.go:214.3,215.1 1 0
github.com/ericbutera/bike/strava-gateway/internal/webhook/webhook.go:216.2,216.12 1 0
github.com/ericbutera/bike/strava-gateway/internal/worker/artifacts.go:18.2,19.100 2 0
github.com/ericbutera/bike/strava-gateway/internal/worker/artifacts.go:20.3,20.21 1 0
github.com/ericbutera/bike/strava-gateway/internal/worker/artifacts.go:21.4,22.1 1 0
github.com/ericbutera/bike/strava-gateway/internal/worker/artifacts.go:23.3,23.20 1 0
github.com/ericbutera/bike/strava-gateway/internal/worker/artifacts.go:24.4,25.1 1 0
github.com/ericbutera/bike/strava-gateway/internal/worker/artifacts.go:26.3,27.17 2 0
github.com/ericbutera/bike/strava-gateway/internal/worker/artifacts.go:28.4,29.1 1 0
github.com/ericbutera/bike/strava-gateway/internal/worker/artifacts.go:30.3,31.13 2 0
github.com/ericbutera/bike/strava-gateway/internal/worker/artifacts.go:33.2,33.24 1 0
github.com/ericbutera/bike/strava-gateway/internal/worker/artifacts.go:34.3,35.1 1 0
github.com/ericbutera/bike/strava-gateway/internal/worker/artifacts.go:36.2,36.19 1 0
github.com/ericbutera/bike/strava-gateway/internal/worker/artifacts.go:43.2,44.86 2 0
github.com/ericbutera/bike/strava-gateway/internal/worker/artifacts.go:45.3,46.1 1 0
github.com/ericbutera/bike/strava-gateway/internal/worker/artifacts.go:47.2,49.16 3 0
github.com/ericbutera/bike/strava-gateway/internal/worker/artifacts.go:50.3,51.1 1 0
github.com/ericbutera/bike/strava-gateway/internal/worker/artifacts.go:52.2,52.103 1 0
github.com/ericbutera/bike/strava-gateway/internal/worker/artifacts.go:56.2,58.1 2 0
github.com/ericbutera/bike/strava-gateway/internal/worker/artifacts.go:61.2,61.20 1 0
github.com/ericbutera/bike/strava-gateway/internal/worker/artifacts.go:62.3,63.1 1 0
github.com/ericbutera/bike/strava-gateway/internal/worker/artifacts.go:64.2,68.70 5 0
github.com/ericbutera/bike/strava-gateway/internal/worker/artifacts.go:69.3,70.1 1 0
github.com/ericbutera/bike/strava-gateway/internal/worker/artifacts.go:71.2,71.59 1 0
github.com/ericbutera/bike/strava-gateway/internal/worker/artifacts.go:72.3,72.33 1 0
github.com/ericbutera/bike/strava-gateway/internal/worker/artifacts.go:73.4,74.27 2 0
github.com/ericbutera/bike/strava-gateway/internal/worker/artifacts.go:75.5,76.1 1 0
github.com/ericbutera/bike/strava-gateway/internal/worker/artifacts.go:78.9,78.44 1 0
github.com/ericbutera/bike/strava-gateway/internal/worker/artifacts.go:79.3,80.1 1 0
github.com/ericbutera/bike/strava-gateway/internal/worker/artifacts.go:81.2,82.16 2 0
github.com/ericbutera/bike/strava-gateway/internal/worker/artifacts.go:83.3,84.1 1 0
github.com/ericbutera/bike/strava-gateway/internal/worker/artifacts.go:85.2,86.15 2 0
github.com/ericbutera/bike/strava-gateway/internal/worker/artifacts.go:87.3,87.97 1 0
github.com/ericbutera/bike/strava-gateway/internal/worker/artifacts.go:88.4,89.1 1 0
github.com/ericbutera/bike/strava-gateway/internal/worker/artifacts.go:91.2,91.42 1 0
github.com/ericbutera/bike/strava-gateway/internal/worker/artifacts.go:92.3,93.1 1 0
github.com/ericbutera/bike/strava-gateway/internal/worker/artifacts.go:94.2,94.44 1 0
github.com/ericbutera/bike/strava-gateway/internal/worker/artifacts.go:95.3,96.1 1 0
github.com/ericbutera/bike/strava-gateway/internal/worker/artifacts.go:97.2,97.36 1 0
github.com/ericbutera/bike/strava-gateway/internal/worker/artifacts.go:98.3,99.1 1 0
github.com/ericbutera/bike/strava-gateway/internal/worker/artifacts.go:100.2,100.37 1 0
github.com/ericbutera/bike/strava-gateway/internal/worker/artifacts.go:101.3,102.1 1 0
github.com/ericbutera/bike/strava-gateway/internal/worker/artifacts.go:103.2,103.53 1 0
github.com/ericbutera/bike/strava-gateway/internal/worker/artifacts.go:104.3,105.1 1 0
github.com/ericbutera/bike/strava-gateway/internal/worker/artifacts.go:106.2,106.103 1 0
github.com/ericbutera/bike/strava-gateway/internal/worker/artifacts.go:110.2,110.104 1 0
github.com/ericbutera/bike/strava-gateway/internal/worker/artifacts.go:111.3,112.1 1 0
github.com/ericbutera/bike/strava-gateway/internal/worker/artifacts.go:113.2,114.16 2 0
github.com/ericbutera/bike/strava-gateway/internal/worker/artifacts.go:115.3,116.1 1 0
github.com/ericbutera/bike/strava-gateway/internal/worker/artifacts.go:117.2,118.85 2 0
github.com/ericbutera/bike/strava-gateway/internal/worker/artifacts.go:119.3,120.1 1 0
github.com/ericbutera/bike/strava-gateway/internal/worker/artifacts.go:121.2,121.18 1 0
github.com/ericbutera/bike/strava-gateway/internal/worker/delivery.go:47.43,47.62 1 0
github.com/ericbutera/bike/strava-gateway/internal/worker/delivery.go:50.2,51.56 2 0
github.com/ericbutera/bike/strava-gateway/internal/worker/delivery.go:52.3,53.1 1 0
github.com/ericbutera/bike/strava-gateway/internal/worker/delivery.go:54.2,59.1 3 0
github.com/ericbutera/bike/strava-gateway/internal/worker/delivery.go:60.2,60.31 3 0
github.com/ericbutera/bike/strava-gateway/internal/worker/delivery.go:61.3,61.26 1 0
github.com/ericbutera/bike/strava-gateway/internal/worker/delivery.go:62.4,63.1 1 0
github.com/ericbutera/bike/strava-gateway/internal/worker/delivery.go:64.3,65.17 2 0
github.com/ericbutera/bike/strava-gateway/internal/worker/delivery.go:66.4,67.1 1 0
github.com/ericbutera/bike/strava-gateway/internal/worker/delivery.go:68.3,69.29 2 0
github.com/ericbutera/bike/strava-gateway/internal/worker/delivery.go:71.2,72.16 2 0
github.com/ericbutera/bike/strava-gateway/internal/worker/delivery.go:73.3,74.1 1 0
github.com/ericbutera/bike/strava-gateway/internal/worker/delivery.go:75.2,80.16 6 0
github.com/ericbutera/bike/strava-gateway/internal/worker/delivery.go:81.3,82.1 1 0
github.com/ericbutera/bike/strava-gateway/internal/worker/delivery.go:83.2,88.23 6 0
github.com/ericbutera/bike/strava-gateway/internal/worker/delivery.go:89.3,90.1 1 0
github.com/ericbutera/bike/strava-gateway/internal/worker/delivery.go:91.2,92.16 2 0
github.com/ericbutera/bike/strava-gateway/internal/worker/delivery.go:93.3,94.1 1 0
github.com/ericbutera/bike/strava-gateway/internal/worker/delivery.go:95.2,95.15 1 0
github.com/ericbutera/bike/strava-gateway/internal/worker/delivery.go:95.17,95.64 1 0
github.com/ericbutera/bike/strava-gateway/internal/worker/delivery.go:96.2,96.84 1 0
github.com/ericbutera/bike/strava-gateway/internal/worker/delivery.go:97.3,98.1 1 0
github.com/ericbutera/bike/strava-gateway/internal/worker/delivery.go:99.2,99.88 1 0
github.com/ericbutera/bike/strava-gateway/internal/worker/delivery.go:100.3,101.1 1 0
github.com/ericbutera/bike/strava-gateway/internal/worker/delivery.go:102.2,103.88 1 0
github.com/ericbutera/bike/strava-gateway/internal/worker/failures.go:19.49,19.73 1 0
github.com/ericbutera/bike/strava-gateway/internal/worker/failures.go:20.49,20.65 1 0
github.com/ericbutera/bike/strava-gateway/internal/worker/failures.go:23.2,27.16 2 0
github.com/ericbutera/bike/strava-gateway/internal/worker/failures.go:28.3,29.1 1 0
github.com/ericbutera/bike/strava-gateway/internal/worker/failures.go:30.2,31.16 2 0
github.com/ericbutera/bike/strava-gateway/internal/worker/failures.go:32.3,32.28 1 0
github.com/ericbutera/bike/strava-gateway/internal/worker/failures.go:33.4,34.1 1 0
github.com/ericbutera/bike/strava-gateway/internal/worker/failures.go:35.3,35.136 1 0
github.com/ericbutera/bike/strava-gateway/internal/worker/failures.go:37.2,37.38 1 0
github.com/ericbutera/bike/strava-gateway/internal/worker/failures.go:38.3,39.1 1 0
github.com/ericbutera/bike/strava-gateway/internal/worker/failures.go:40.2,41.57 1 0
github.com/ericbutera/bike/strava-gateway/internal/worker/worker.go:35.47,35.71 1 0
github.com/ericbutera/bike/strava-gateway/internal/worker/worker.go:37.47,37.63 1 0
github.com/ericbutera/bike/strava-gateway/internal/worker/worker.go:49.2,50.30 2 0
github.com/ericbutera/bike/strava-gateway/internal/worker/worker.go:51.3,52.1 1 0
github.com/ericbutera/bike/strava-gateway/internal/worker/worker.go:53.2,53.23 1 0
github.com/ericbutera/bike/strava-gateway/internal/worker/worker.go:55.3,55.16 1 0
github.com/ericbutera/bike/strava-gateway/internal/worker/worker.go:56.4,57.1 1 0
github.com/ericbutera/bike/strava-gateway/internal/worker/worker.go:58.3,58.32 1 0
github.com/ericbutera/bike/strava-gateway/internal/worker/worker.go:60.3,60.31 1 0
github.com/ericbutera/bike/strava-gateway/internal/worker/worker.go:62.3,62.30 1 0
github.com/ericbutera/bike/strava-gateway/internal/worker/worker.go:67.2,67.40 1 0
github.com/ericbutera/bike/strava-gateway/internal/worker/worker.go:68.3,70.1 2 0
github.com/ericbutera/bike/strava-gateway/internal/worker/worker.go:71.2,71.22 1 0
github.com/ericbutera/bike/strava-gateway/internal/worker/worker.go:75.2,77.23 3 0
github.com/ericbutera/bike/strava-gateway/internal/worker/worker.go:78.3,78.73 1 0
github.com/ericbutera/bike/strava-gateway/internal/worker/worker.go:79.4,81.1 2 0
github.com/ericbutera/bike/strava-gateway/internal/worker/worker.go:82.3,82.78 1 0
github.com/ericbutera/bike/strava-gateway/internal/worker/worker.go:83.4,84.18 2 0
github.com/ericbutera/bike/strava-gateway/internal/worker/worker.go:85.5,86.1 1 0
github.com/ericbutera/bike/strava-gateway/internal/worker/worker.go:87.4,87.17 1 0
github.com/ericbutera/bike/strava-gateway/internal/worker/worker.go:88.5,89.1 1 0
github.com/ericbutera/bike/strava-gateway/internal/worker/worker.go:90.4,90.35 1 0
github.com/ericbutera/bike/strava-gateway/internal/worker/worker.go:92.3,93.17 2 0
github.com/ericbutera/bike/strava-gateway/internal/worker/worker.go:94.4,95.1 1 0
github.com/ericbutera/bike/strava-gateway/internal/worker/worker.go:96.3,96.14 1 0
github.com/ericbutera/bike/strava-gateway/internal/worker/worker.go:97.4,97.12 1 0
github.com/ericbutera/bike/strava-gateway/internal/worker/worker.go:99.3,100.10 2 0
github.com/ericbutera/bike/strava-gateway/internal/worker/worker.go:102.4,103.14 2 0
github.com/ericbutera/bike/strava-gateway/internal/worker/worker.go:104.18,104.18 0 0
github.com/ericbutera/bike/strava-gateway/internal/worker/worker.go:107.2,107.12 1 0
github.com/ericbutera/bike/strava-gateway/internal/worker/worker.go:111.2,112.16 2 0
github.com/ericbutera/bike/strava-gateway/internal/worker/worker.go:113.3,114.1 1 0
github.com/ericbutera/bike/strava-gateway/internal/worker/worker.go:115.2,115.18 1 0
github.com/ericbutera/bike/strava-gateway/internal/worker/worker.go:116.3,122.65 4 0
github.com/ericbutera/bike/strava-gateway/internal/worker/worker.go:123.4,127.128 5 0
github.com/ericbutera/bike/strava-gateway/internal/worker/worker.go:128.5,131.1 3 0
github.com/ericbutera/bike/strava-gateway/internal/worker/worker.go:132.4,133.41 2 0
github.com/ericbutera/bike/strava-gateway/internal/worker/worker.go:134.5,135.1 1 0
github.com/ericbutera/bike/strava-gateway/internal/worker/worker.go:136.4,137.67 2 0
github.com/ericbutera/bike/strava-gateway/internal/worker/worker.go:139.4,140.1 1 0
github.com/ericbutera/bike/strava-gateway/internal/worker/worker.go:141.3,142.19 2 0
github.com/ericbutera/bike/strava-gateway/internal/worker/worker.go:144.2,145.16 2 0
github.com/ericbutera/bike/strava-gateway/internal/worker/worker.go:146.3,147.1 1 0
github.com/ericbutera/bike/strava-gateway/internal/worker/worker.go:148.2,148.21 1 0
github.com/ericbutera/bike/strava-gateway/internal/worker/worker.go:149.3,149.29 1 0
github.com/ericbutera/bike/strava-gateway/internal/worker/worker.go:150.4,151.1 1 0
github.com/ericbutera/bike/strava-gateway/internal/worker/worker.go:152.3,153.35 2 0
github.com/ericbutera/bike/strava-gateway/internal/worker/worker.go:154.4,155.1 1 0
github.com/ericbutera/bike/strava-gateway/internal/worker/worker.go:156.3,162.66 4 0
github.com/ericbutera/bike/strava-gateway/internal/worker/worker.go:163.4,167.32 5 0
github.com/ericbutera/bike/strava-gateway/internal/worker/worker.go:168.5,168.87 1 0
github.com/ericbutera/bike/strava-gateway/internal/worker/worker.go:169.6,171.1 2 0
github.com/ericbutera/bike/strava-gateway/internal/worker/worker.go:172.5,172.38 1 0
github.com/ericbutera/bike/strava-gateway/internal/worker/worker.go:174.4,174.33 1 0
github.com/ericbutera/bike/strava-gateway/internal/worker/worker.go:175.5,178.1 3 0
github.com/ericbutera/bike/strava-gateway/internal/worker/worker.go:179.5,179.154 1 0
github.com/ericbutera/bike/strava-gateway/internal/worker/worker.go:180.6,183.1 3 0
github.com/ericbutera/bike/strava-gateway/internal/worker/worker.go:184.5,185.31 2 0
github.com/ericbutera/bike/strava-gateway/internal/worker/worker.go:186.6,187.1 1 0
github.com/ericbutera/bike/strava-gateway/internal/worker/worker.go:188.5,189.66 2 0
github.com/ericbutera/bike/strava-gateway/internal/worker/worker.go:192.4,193.1 1 0
github.com/ericbutera/bike/strava-gateway/internal/worker/worker.go:194.3,195.19 2 0
github.com/ericbutera/bike/strava-gateway/internal/worker/worker.go:197.2,204.30 3 0
github.com/ericbutera/bike/strava-gateway/internal/worker/worker.go:205.3,206.1 1 0
github.com/ericbutera/bike/strava-gateway/internal/worker/worker.go:207.2,208.27 2 0
github.com/ericbutera/bike/strava-gateway/internal/worker/worker.go:209.3,210.1 1 0
github.com/ericbutera/bike/strava-gateway/internal/worker/worker.go:211.2,212.70 2 0
github.com/ericbutera/bike/strava-gateway/internal/worker/worker.go:213.3,215.45 3 0
github.com/ericbutera/bike/strava-gateway/internal/worker/worker.go:216.4,217.29 2 0
github.com/ericbutera/bike/strava-gateway/internal/worker/worker.go:218.5,219.1 1 0
github.com/ericbutera/bike/strava-gateway/internal/worker/worker.go:220.4,221.91 2 0
github.com/ericbutera/bike/strava-gateway/internal/worker/worker.go:222.5,226.1 4 0
github.com/ericbutera/bike/strava-gateway/internal/worker/worker.go:227.4,229.20 3 0
github.com/ericbutera/bike/strava-gateway/internal/worker/worker.go:231.3,236.80 4 0
github.com/ericbutera/bike/strava-gateway/internal/worker/worker.go:237.4,241.1 4 0
github.com/ericbutera/bike/strava-gateway/internal/worker/worker.go:242.3,242.15 1 0
github.com/ericbutera/bike/strava-gateway/internal/worker/worker.go:243.4,244.1 1 0
github.com/ericbutera/bike/strava-gateway/internal/worker/worker.go:245.4,246.1 1 0
github.com/ericbutera/bike/strava-gateway/internal/worker/worker.go:247.3,247.45 1 0
github.com/ericbutera/bike/strava-gateway/internal/worker/worker.go:249.2,251.18 3 0
github.com/ericbutera/bike/strava-gateway/internal/worker/worker.go:255.2,256.78 2 0
github.com/ericbutera/bike/strava-gateway/internal/worker/worker.go:257.3,258.1 1 0
github.com/ericbutera/bike/strava-gateway/internal/worker/worker.go:259.2,260.22 2 0
github.com/ericbutera/bike/strava-gateway/internal/worker/worker.go:261.3,262.1 1 0
github.com/ericbutera/bike/strava-gateway/internal/worker/worker.go:263.2,263.36 1 0
github.com/ericbutera/bike/strava-gateway/internal/worker/worker.go:267.2,268.33 2 0
github.com/ericbutera/bike/strava-gateway/internal/worker/worker.go:269.3,269.10 1 0
github.com/ericbutera/bike/strava-gateway/internal/worker/worker.go:271.4,271.16 1 0
github.com/ericbutera/bike/strava-gateway/internal/worker/worker.go:273.4,273.22 1 0
github.com/ericbutera/bike/strava-gateway/internal/worker/worker.go:276.2,276.9 1 0
github.com/ericbutera/bike/strava-gateway/internal/worker/worker.go:278.3,278.40 1 0
github.com/ericbutera/bike/strava-gateway/internal/worker/worker.go:280.3,280.23 1 0
github.com/ericbutera/bike/strava-gateway/internal/worker/worker.go:282.3,282.30 1 0
github.com/ericbutera/bike/strava-gateway/internal/worker/worker.go:284.3,284.22 1 0
github.com/ericbutera/bike/strava-gateway/internal/worker/worker.go:289.2,289.27 1 0
github.com/ericbutera/bike/strava-gateway/internal/worker/worker.go:290.3,291.1 1 0
github.com/ericbutera/bike/strava-gateway/internal/worker/worker.go:295.2,295.27 1 0
github.com/ericbutera/bike/strava-gateway/internal/worker/worker.go:296.3,298.1 2 0
github.com/ericbutera/bike/strava-gateway/internal/worker/worker.go:302.2,303.16 2 0
github.com/ericbutera/bike/strava-gateway/internal/worker/worker.go:304.3,305.1 1 0
github.com/ericbutera/bike/strava-gateway/internal/worker/worker.go:306.3,309.1 2 0
github.com/ericbutera/bike/strava-gateway/internal/worker/worker.go:310.2,311.16 2 0
github.com/ericbutera/bike/strava-gateway/internal/worker/worker.go:312.3,313.1 1 0
github.com/ericbutera/bike/strava-gateway/internal/worker/worker.go:314.3,315.1 1 0
github.com/ericbutera/bike/strava-gateway/internal/worker/worker.go:316.2,317.16 2 0
github.com/ericbutera/bike/strava-gateway/internal/worker/worker.go:318.3,319.1 1 0
github.com/ericbutera/bike/strava-gateway/internal/worker/worker.go:320.3,320.43 1 0
github.com/ericbutera/bike/strava-gateway/internal/worker/worker.go:321.4,322.1 1 0
github.com/ericbutera/bike/strava-gateway/internal/worker/worker.go:327.2,328.30 2 0
github.com/ericbutera/bike/strava-gateway/internal/worker/worker.go:329.3,330.30 2 0
github.com/ericbutera/bike/strava-gateway/internal/worker/worker.go:331.4,332.1 1 0
github.com/ericbutera/bike/strava-gateway/internal/worker/worker.go:334.2,334.26 1 0
github.com/ericbutera/bike/strava-gateway/internal/worker/worker.go:335.3,337.1 2 0
github.com/ericbutera/bike/strava-gateway/internal/worker/worker.go:338.2,338.47 1 0
github.com/ericbutera/bike/strava-gateway/internal/worker/worker.go:339.3,341.1 2 0
github.com/ericbutera/bike/strava-gateway/internal/worker/worker.go:342.2,342.76 1 0
github.com/ericbutera/bike/strava-gateway/internal/worker/worker.go:346.2,347.16 2 0
github.com/ericbutera/bike/strava-gateway/internal/worker/worker.go:348.3,349.1 1 0
github.com/ericbutera/bike/strava-gateway/internal/worker/worker.go:350.2,350.64 1 0
github.com/ericbutera/bike/strava-gateway/internal/worker/worker.go:351.3,352.1 1 0
github.com/ericbutera/bike/strava-gateway/internal/worker/worker.go:353.2,354.16 2 0
github.com/ericbutera/bike/strava-gateway/internal/worker/worker.go:355.3,355.45 1 0
github.com/ericbutera/bike/strava-gateway/internal/worker/worker.go:356.4,357.1 1 0
github.com/ericbutera/bike/strava-gateway/internal/worker/worker.go:358.3,358.13 1 0
github.com/ericbutera/bike/strava-gateway/internal/worker/worker.go:360.2,361.67 2 0
github.com/ericbutera/bike/strava-gateway/internal/worker/worker.go:362.3,363.45 2 0
github.com/ericbutera/bike/strava-gateway/internal/worker/worker.go:364.4,365.1 1 0
github.com/ericbutera/bike/strava-gateway/internal/worker/worker.go:366.3,366.17 1 0
github.com/ericbutera/bike/strava-gateway/internal/worker/worker.go:367.4,368.1 1 0
github.com/ericbutera/bike/strava-gateway/internal/worker/worker.go:370.2,370.44 1 0
github.com/ericbutera/bike/strava-gateway/internal/worker/worker.go:371.3,372.1 1 0
github.com/ericbutera/bike/strava-gateway/internal/worker/worker.go:373.2,373.16 1 0
github.com/ericbutera/bike/strava-gateway/internal/worker/worker.go:374.3,375.1 1 0
github.com/ericbutera/bike/strava-gateway/internal/worker/worker.go:376.2,376.49 1 0
github.com/ericbutera/bike/strava-gateway/internal/worker/worker.go:380.2,380.58 1 0
github.com/ericbutera/bike/strava-gateway/internal/worker/worker.go:381.3,382.1 1 0
github.com/ericbutera/bike/strava-gateway/internal/worker/worker.go:382.9,382.30 1 0
github.com/ericbutera/bike/strava-gateway/internal/worker/worker.go:383.3,384.1 1 0
github.com/ericbutera/bike/strava-gateway/internal/worker/worker.go:385.2,386.88 2 0
github.com/ericbutera/bike/strava-gateway/internal/worker/worker.go:387.3,388.1 1 0
github.com/ericbutera/bike/strava-gateway/internal/worker/worker.go:389.2,389.56 1 0
github.com/ericbutera/bike/strava-gateway/internal/worker/worker.go:390.3,391.1 1 0
github.com/ericbutera/bike/strava-gateway/internal/worker/worker.go:392.2,392.17 1 0
github.com/ericbutera/bike/strava-gateway/internal/worker/worker.go:396.2,396.66 1 0
github.com/ericbutera/bike/strava-gateway/internal/worker/worker.go:397.3,398.1 1 0
github.com/ericbutera/bike/strava-gateway/internal/worker/worker.go:399.2,399.67 1 0
github.com/ericbutera/bike/strava-gateway/internal/worker/worker.go:400.3,401.1 1 0
github.com/ericbutera/bike/strava-gateway/internal/worker/worker.go:402.2,402.38 1 0
github.com/ericbutera/bike/strava-gateway/internal/worker/worker.go:406.2,407.35 2 0
github.com/ericbutera/bike/strava-gateway/internal/worker/worker.go:408.3,408.45 1 0
github.com/ericbutera/bike/strava-gateway/internal/worker/worker.go:409.4,410.1 1 0
github.com/ericbutera/bike/strava-gateway/internal/worker/worker.go:411.3,411.71 1 0
github.com/ericbutera/bike/strava-gateway/internal/worker/worker.go:412.4,413.1 1 0
github.com/ericbutera/bike/strava-gateway/internal/worker/worker.go:414.3,414.65 1 0
github.com/ericbutera/bike/strava-gateway/internal/worker/worker.go:416.2,416.34 1 0
github.com/ericbutera/bike/strava-gateway/internal/worker/worker.go:417.3,418.1 1 0
github.com/ericbutera/bike/strava-gateway/internal/worker/worker.go:419.2,420.16 2 0
github.com/ericbutera/bike/strava-gateway/internal/worker/worker.go:421.3,422.1 1 0
github.com/ericbutera/bike/strava-gateway/internal/worker/worker.go:423.2,423.64 1 0
github.com/ericbutera/bike/strava-gateway/internal/worker/worker.go:424.3,425.1 1 0
github.com/ericbutera/bike/strava-gateway/internal/worker/worker.go:426.2,427.16 2 0
github.com/ericbutera/bike/strava-gateway/internal/worker/worker.go:428.3,428.45 1 0
github.com/ericbutera/bike/strava-gateway/internal/worker/worker.go:429.4,430.1 1 0
github.com/ericbutera/bike/strava-gateway/internal/worker/worker.go:431.3,431.13 1 0
github.com/ericbutera/bike/strava-gateway/internal/worker/worker.go:433.2,433.58 1 0
github.com/ericbutera/bike/strava-gateway/internal/worker/worker.go:434.3,435.1 1 0
github.com/ericbutera/bike/strava-gateway/internal/worker/worker.go:435.9,435.30 1 0
github.com/ericbutera/bike/strava-gateway/internal/worker/worker.go:436.3,437.1 1 0
github.com/ericbutera/bike/strava-gateway/internal/worker/worker.go:438.2,439.86 2 0
github.com/ericbutera/bike/strava-gateway/internal/worker/worker.go:440.3,441.1 1 0
github.com/ericbutera/bike/strava-gateway/internal/worker/worker.go:442.2,442.67 1 0
github.com/ericbutera/bike/strava-gateway/internal/worker/worker.go:443.3,444.17 2 0
github.com/ericbutera/bike/strava-gateway/internal/worker/worker.go:445.4,445.46 1 0
github.com/ericbutera/bike/strava-gateway/internal/worker/worker.go:446.5,447.1 1 0
github.com/ericbutera/bike/strava-gateway/internal/worker/worker.go:448.4,448.14 1 0
github.com/ericbutera/bike/strava-gateway/internal/worker/worker.go:450.3,450.69 1 0
github.com/ericbutera/bike/strava-gateway/internal/worker/worker.go:451.4,452.1 1 0
github.com/ericbutera/bike/strava-gateway/internal/worker/worker.go:452.10,452.31 1 0
github.com/ericbutera/bike/strava-gateway/internal/worker/worker.go:453.4,454.1 1 0
github.com/ericbutera/bike/strava-gateway/internal/worker/worker.go:455.3,456.87 2 0
github.com/ericbutera/bike/strava-gateway/internal/worker/worker.go:457.4,458.1 1 0
github.com/ericbutera/bike/strava-gateway/internal/worker/worker.go:460.2,460.16 1 0
github.com/ericbutera/bike/strava-gateway/internal/worker/worker.go:461.3,462.43 2 0
github.com/ericbutera/bike/strava-gateway/internal/worker/worker.go:463.4,464.1 1 0
github.com/ericbutera/bike/strava-gateway/internal/worker/worker.go:465.3,465.43 1 0
github.com/ericbutera/bike/strava-gateway/internal/worker/worker.go:466.4,467.1 1 0
github.com/ericbutera/bike/strava-gateway/internal/worker/worker.go:468.3,468.13 1 0
github.com/ericbutera/bike/strava-gateway/internal/worker/worker.go:470.2,471.16 2 0
github.com/ericbutera/bike/strava-gateway/internal/worker/worker.go:472.3,473.1 1 0
github.com/ericbutera/bike/strava-gateway/internal/worker/worker.go:474.2,474.35 1 0
github.com/ericbutera/bike/strava-gateway/internal/worker/worker.go:475.3,477.1 1 0
github.com/ericbutera/bike/strava-gateway/internal/worker/worker.go:478.2,478.25 1 0
github.com/ericbutera/bike/strava-gateway/internal/worker/worker.go:479.3,480.1 1 0
github.com/ericbutera/bike/strava-gateway/internal/worker/worker.go:481.2,481.58 1 0
github.com/ericbutera/bike/strava-gateway/internal/worker/worker.go:482.3,483.1 1 0
github.com/ericbutera/bike/strava-gateway/internal/worker/worker.go:483.9,483.30 1 0
github.com/ericbutera/bike/strava-gateway/internal/worker/worker.go:484.3,485.1 1 0
github.com/ericbutera/bike/strava-gateway/internal/worker/worker.go:486.2,487.87 2 0
github.com/ericbutera/bike/strava-gateway/internal/worker/worker.go:488.3,489.1 1 0
github.com/ericbutera/bike/strava-gateway/internal/worker/worker.go:490.2,490.67 1 0
github.com/ericbutera/bike/strava-gateway/internal/worker/worker.go:491.3,492.17 2 0
github.com/ericbutera/bike/strava-gateway/internal/worker/worker.go:493.4,493.46 1 0
github.com/ericbutera/bike/strava-gateway/internal/worker/worker.go:494.5,495.1 1 0
github.com/ericbutera/bike/strava-gateway/internal/worker/worker.go:496.4,496.14 1 0
github.com/ericbutera/bike/strava-gateway/internal/worker/worker.go:498.3,498.69 1 0
github.com/ericbutera/bike/strava-gateway/internal/worker/worker.go:499.4,500.1 1 0
github.com/ericbutera/bike/strava-gateway/internal/worker/worker.go:500.10,500.31 1 0
github.com/ericbutera/bike/strava-gateway/internal/worker/worker.go:501.4,502.1 1 0
github.com/ericbutera/bike/strava-gateway/internal/worker/worker.go:503.3,504.88 2 0
github.com/ericbutera/bike/strava-gateway/internal/worker/worker.go:505.4,506.1 1 0
github.com/ericbutera/bike/strava-gateway/internal/worker/worker.go:508.2,509.16 2 0
github.com/ericbutera/bike/strava-gateway/internal/worker/worker.go:510.3,511.43 2 0
github.com/ericbutera/bike/strava-gateway/internal/worker/worker.go:512.4,513.1 1 0
github.com/ericbutera/bike/strava-gateway/internal/worker/worker.go:514.3,514.43 1 0
github.com/ericbutera/bike/strava-gateway/internal/worker/worker.go:515.4,516.1 1 0
github.com/ericbutera/bike/strava-gateway/internal/worker/worker.go:517.3,517.13 1 0
github.com/ericbutera/bike/strava-gateway/internal/worker/worker.go:519.2,519.31 1 0
github.com/ericbutera/bike/strava-gateway/internal/worker/worker.go:520.3,521.1 1 0
github.com/ericbutera/bike/strava-gateway/internal/worker/worker.go:522.2,526.16 2 0
github.com/ericbutera/bike/strava-gateway/internal/worker/worker.go:527.3,528.1 1 0
github.com/ericbutera/bike/strava-gateway/internal/worker/worker.go:529.2,530.16 2 0
github.com/ericbutera/bike/strava-gateway/internal/worker/worker.go:531.3,531.28 1 0
github.com/ericbutera/bike/strava-gateway/internal/worker/worker.go:532.4,533.1 1 0
github.com/ericbutera/bike/strava-gateway/internal/worker/worker.go:534.3,534.13 1 0
github.com/ericbutera/bike/strava-gateway/internal/worker/worker.go:536.2,536.38 1 0
github.com/ericbutera/bike/strava-gateway/internal/worker/worker.go:537.3,538.1 1 0
github.com/ericbutera/bike/strava-gateway/internal/worker/worker.go:539.2,539.65 1 0
github.com/ericbutera/bike/strava-gateway/internal/worker/worker.go:543.2,544.61 2 0
github.com/ericbutera/bike/strava-gateway/internal/worker/worker.go:545.3,546.1 1 0
github.com/ericbutera/bike/strava-gateway/internal/worker/worker.go:547.2,548.43 2 0
github.com/ericbutera/bike/strava-gateway/internal/worker/worker.go:549.3,551.1 2 0
github.com/ericbutera/bike/strava-gateway/internal/worker/worker.go:552.2,552.33 1 0
github.com/ericbutera/bike/strava-gateway/internal/worker/worker.go:553.3,554.1 1 0
github.com/ericbutera/bike/strava-gateway/internal/worker/worker.go:555.2,555.21 1 0
github.com/ericbutera/bike/strava-gateway/internal/worker/worker.go:559.2,559.73 1 0
github.com/ericbutera/bike/strava-gateway/internal/worker/worker.go:560.3,561.1 1 0
github.com/ericbutera/bike/strava-gateway/internal/worker/worker.go:562.2,562.59 1 0
github.com/ericbutera/bike/strava-gateway/internal/worker/worker.go:563.3,564.1 1 0
github.com/ericbutera/bike/strava-gateway/internal/worker/worker.go:564.9,564.30 1 0
github.com/ericbutera/bike/strava-gateway/internal/worker/worker.go:565.3,566.1 1 0
github.com/ericbutera/bike/strava-gateway/internal/worker/worker.go:567.2,568.88 2 0
github.com/ericbutera/bike/strava-gateway/internal/worker/worker.go:569.3,570.1 1 0
github.com/ericbutera/bike/strava-gateway/internal/worker/worker.go:571.2,571.16 1 0
github.com/ericbutera/bike/strava-gateway/internal/worker/worker.go:572.3,573.1 1 0
github.com/ericbutera/bike/strava-gateway/internal/worker/worker.go:574.2,576.23 3 0
github.com/ericbutera/bike/strava-gateway/internal/worker/worker.go:577.3,578.1 1 0
github.com/ericbutera/bike/strava-gateway/internal/worker/worker.go:579.2,579.67 1 0
github.com/ericbutera/bike/strava-gateway/internal/worker/worker.go:580.3,581.1 1 0
github.com/ericbutera/bike/strava-gateway/internal/worker/worker.go:582.2,582.24 1 0
github.com/ericbutera/bike/strava-gateway/internal/worker/worker.go:586.2,587.45 2 0
github.com/ericbutera/bike/strava-gateway/internal/worker/worker.go:588.3,589.1 1 0
github.com/ericbutera/bike/strava-gateway/internal/worker/worker.go:590.2,590.16 1 0
github.com/ericbutera/bike/strava-gateway/internal/worker/worker.go:591.3,592.1 1 0
github.com/ericbutera/bike/strava-gateway/internal/worker/worker.go:593.2,593.77 1 0
github.com/ericbutera/bike/strava-gateway/internal/worker/worker.go:594.3,595.1 1 0
github.com/ericbutera/bike/strava-gateway/internal/worker/worker.go:596.2,596.47 1 0
github.com/ericbutera/bike/strava-gateway/internal/worker/worker.go:600.2,600.66 1 0
github.com/ericbutera/bike/strava-gateway/internal/worker/worker.go:601.3,602.1 1 0
github.com/ericbutera/bike/strava-gateway/internal/worker/worker.go:603.2,603.64 1 0
github.com/ericbutera/bike/strava-gateway/internal/worker/worker.go:607.2,607.26 1 0
github.com/ericbutera/bike/strava-gateway/internal/worker/worker.go:608.3,609.1 1 0
github.com/ericbutera/bike/strava-gateway/internal/worker/worker.go:610.2,610.23 1 0
github.com/ericbutera/bike/strava-gateway/internal/worker/worker.go:614.2,616.1 2 0
github.com/ericbutera/bike/strava-gateway/internal/worker/worker.go:619.2,620.65 2 0
github.com/ericbutera/bike/strava-gateway/internal/worker/worker.go:621.3,622.1 1 0
github.com/ericbutera/bike/strava-gateway/internal/worker/worker.go:623.2,623.19 1 0
github.com/ericbutera/bike/strava-gateway/internal/worker/worker.go:624.3,625.1 1 0
github.com/ericbutera/bike/strava-gateway/internal/worker/worker.go:626.2,627.25 2 0
github.com/ericbutera/bike/strava-gateway/internal/worker/worker.go:628.3,629.1 1 0
github.com/ericbutera/bike/strava-gateway/internal/worker/worker.go:630.2,630.80 1 0
github.com/ericbutera/bike/strava-gateway/cmd/admin/main.go:19.2,21.46 3 0
github.com/ericbutera/bike/strava-gateway/cmd/admin/main.go:22.3,23.1 1 0
github.com/ericbutera/bike/strava-gateway/cmd/admin/main.go:27.2,27.20 1 0
github.com/ericbutera/bike/strava-gateway/cmd/admin/main.go:28.3,29.1 1 0
github.com/ericbutera/bike/strava-gateway/cmd/admin/main.go:30.2,30.27 1 0
github.com/ericbutera/bike/strava-gateway/cmd/admin/main.go:31.3,31.21 1 0
github.com/ericbutera/bike/strava-gateway/cmd/admin/main.go:32.4,33.1 1 0
github.com/ericbutera/bike/strava-gateway/cmd/admin/main.go:34.3,35.17 2 0
github.com/ericbutera/bike/strava-gateway/cmd/admin/main.go:36.4,37.1 1 0
github.com/ericbutera/bike/strava-gateway/cmd/admin/main.go:38.3,39.17 2 0
github.com/ericbutera/bike/strava-gateway/cmd/admin/main.go:40.4,41.1 1 0
github.com/ericbutera/bike/strava-gateway/cmd/admin/main.go:42.3,43.13 2 0
github.com/ericbutera/bike/strava-gateway/cmd/admin/main.go:45.2,46.23 2 0
github.com/ericbutera/bike/strava-gateway/cmd/admin/main.go:47.3,48.1 1 0
github.com/ericbutera/bike/strava-gateway/cmd/admin/main.go:49.2,50.16 2 0
github.com/ericbutera/bike/strava-gateway/cmd/admin/main.go:51.3,52.1 1 0
github.com/ericbutera/bike/strava-gateway/cmd/admin/main.go:53.2,55.17 3 0
github.com/ericbutera/bike/strava-gateway/cmd/admin/main.go:57.3,57.21 1 0
github.com/ericbutera/bike/strava-gateway/cmd/admin/main.go:58.4,59.1 1 0
github.com/ericbutera/bike/strava-gateway/cmd/admin/main.go:60.3,61.17 2 0
github.com/ericbutera/bike/strava-gateway/cmd/admin/main.go:62.4,63.1 1 0
github.com/ericbutera/bike/strava-gateway/cmd/admin/main.go:64.3,64.31 1 0
github.com/ericbutera/bike/strava-gateway/cmd/admin/main.go:65.4,66.1 1 0
github.com/ericbutera/bike/strava-gateway/cmd/admin/main.go:67.3,67.13 1 0
github.com/ericbutera/bike/strava-gateway/cmd/admin/main.go:69.3,69.21 1 0
github.com/ericbutera/bike/strava-gateway/cmd/admin/main.go:70.4,71.1 1 0
github.com/ericbutera/bike/strava-gateway/cmd/admin/main.go:72.3,73.17 2 0
github.com/ericbutera/bike/strava-gateway/cmd/admin/main.go:74.4,75.1 1 0
github.com/ericbutera/bike/strava-gateway/cmd/admin/main.go:76.3,76.65 1 0
github.com/ericbutera/bike/strava-gateway/cmd/admin/main.go:77.4,78.1 1 0
github.com/ericbutera/bike/strava-gateway/cmd/admin/main.go:79.3,80.13 2 0
github.com/ericbutera/bike/strava-gateway/cmd/admin/main.go:82.3,82.21 1 0
github.com/ericbutera/bike/strava-gateway/cmd/admin/main.go:83.4,84.1 1 0
github.com/ericbutera/bike/strava-gateway/cmd/admin/main.go:85.3,86.17 2 0
github.com/ericbutera/bike/strava-gateway/cmd/admin/main.go:87.4,88.1 1 0
github.com/ericbutera/bike/strava-gateway/cmd/admin/main.go:89.3,89.49 1 0
github.com/ericbutera/bike/strava-gateway/cmd/admin/main.go:91.3,91.128 1 0
github.com/ericbutera/bike/strava-gateway/cmd/export_rust/main.go:18.2,20.46 3 0
github.com/ericbutera/bike/strava-gateway/cmd/export_rust/main.go:21.3,22.1 1 0
github.com/ericbutera/bike/strava-gateway/cmd/export_rust/main.go:26.2,27.44 2 0
github.com/ericbutera/bike/strava-gateway/cmd/export_rust/main.go:28.3,29.1 1 0
github.com/ericbutera/bike/strava-gateway/cmd/export_rust/main.go:29.9,29.27 1 0
github.com/ericbutera/bike/strava-gateway/cmd/export_rust/main.go:30.3,31.1 1 0
github.com/ericbutera/bike/strava-gateway/cmd/export_rust/main.go:32.2,32.77 1 0
github.com/ericbutera/bike/strava-gateway/cmd/export_rust/main.go:33.3,34.1 1 0
github.com/ericbutera/bike/strava-gateway/cmd/export_rust/main.go:35.2,36.16 2 0
github.com/ericbutera/bike/strava-gateway/cmd/export_rust/main.go:37.3,38.1 1 0
github.com/ericbutera/bike/strava-gateway/cmd/export_rust/main.go:39.2,40.16 2 0
github.com/ericbutera/bike/strava-gateway/cmd/export_rust/main.go:41.3,42.1 1 0
github.com/ericbutera/bike/strava-gateway/cmd/export_rust/main.go:43.2,45.16 3 0
github.com/ericbutera/bike/strava-gateway/cmd/export_rust/main.go:46.3,47.1 1 0
github.com/ericbutera/bike/strava-gateway/cmd/export_rust/main.go:48.2,51.16 4 0
github.com/ericbutera/bike/strava-gateway/cmd/export_rust/main.go:52.3,53.1 1 0
github.com/ericbutera/bike/strava-gateway/cmd/export_rust/main.go:54.2,56.18 3 0
github.com/ericbutera/bike/strava-gateway/cmd/export_rust/main.go:57.3,58.66 2 0
github.com/ericbutera/bike/strava-gateway/cmd/export_rust/main.go:59.4,61.1 2 0
github.com/ericbutera/bike/strava-gateway/cmd/export_rust/main.go:62.3,62.32 1 0
github.com/ericbutera/bike/strava-gateway/cmd/export_rust/main.go:64.2,66.16 3 0
github.com/ericbutera/bike/strava-gateway/cmd/export_rust/main.go:67.3,68.1 1 0
github.com/ericbutera/bike/strava-gateway/cmd/export_rust/main.go:69.2,69.22 1 0
github.com/ericbutera/bike/strava-gateway/cmd/export_rust/main.go:70.3,71.1 1 0
github.com/ericbutera/bike/strava-gateway/cmd/export_rust/main.go:72.2,75.1 3 0
github.com/ericbutera/bike/strava-gateway/cmd/export_rust/main.go:76.2,77.30 3 0
github.com/ericbutera/bike/strava-gateway/cmd/export_rust/main.go:78.3,79.17 2 0
github.com/ericbutera/bike/strava-gateway/cmd/export_rust/main.go:80.4,81.1 1 0
github.com/ericbutera/bike/strava-gateway/cmd/export_rust/main.go:82.3,82.33 1 0
github.com/ericbutera/bike/strava-gateway/cmd/export_rust/main.go:83.4,84.1 1 0
github.com/ericbutera/bike/strava-gateway/cmd/export_rust/main.go:85.3,86.17 2 0
github.com/ericbutera/bike/strava-gateway/cmd/export_rust/main.go:87.4,88.1 1 0
github.com/ericbutera/bike/strava-gateway/cmd/export_rust/main.go:89.3,89.62 1 0
github.com/ericbutera/bike/strava-gateway/cmd/export_rust/main.go:90.4,91.1 1 0
github.com/ericbutera/bike/strava-gateway/cmd/export_rust/main.go:92.3,92.71 1 0
github.com/ericbutera/bike/strava-gateway/cmd/export_rust/main.go:94.2,94.11 1 0
github.com/ericbutera/bike/strava-gateway/cmd/export_rust/main.go:95.3,97.17 3 0
github.com/ericbutera/bike/strava-gateway/cmd/export_rust/main.go:98.4,99.1 1 0
github.com/ericbutera/bike/strava-gateway/cmd/export_rust/main.go:100.3,100.16 1 0
github.com/ericbutera/bike/strava-gateway/cmd/export_rust/main.go:101.4,103.107 3 0
github.com/ericbutera/bike/strava-gateway/cmd/export_rust/main.go:104.5,105.1 1 0
github.com/ericbutera/bike/strava-gateway/cmd/export_rust/main.go:107.3,107.30 1 0
github.com/ericbutera/bike/strava-gateway/cmd/export_rust/main.go:108.4,113.18 2 0
github.com/ericbutera/bike/strava-gateway/cmd/export_rust/main.go:114.5,115.1 1 0
github.com/ericbutera/bike/strava-gateway/cmd/export_rust/main.go:116.4,116.34 1 0
github.com/ericbutera/bike/strava-gateway/cmd/export_rust/main.go:117.5,118.1 1 0
github.com/ericbutera/bike/strava-gateway/cmd/export_rust/main.go:120.3,120.40 1 0
github.com/ericbutera/bike/strava-gateway/cmd/export_rust/main.go:121.4,122.1 1 0
github.com/ericbutera/bike/strava-gateway/cmd/export_rust/main.go:124.2,124.11 1 0
github.com/ericbutera/bike/strava-gateway/cmd/export_rust/main.go:125.3,126.1 1 0
github.com/ericbutera/bike/strava-gateway/cmd/export_rust/main.go:127.3,128.1 1 0
github.com/ericbutera/bike/strava-gateway/cmd/export_rust/main.go:129.2,129.12 1 0
github.com/ericbutera/bike/strava-gateway/cmd/gateway/main.go:32.2,33.16 2 0
github.com/ericbutera/bike/strava-gateway/cmd/gateway/main.go:34.3,35.1 1 0
github.com/ericbutera/bike/strava-gateway/cmd/gateway/main.go:37.2,39.16 3 0
github.com/ericbutera/bike/strava-gateway/cmd/gateway/main.go:40.3,41.1 1 0
github.com/ericbutera/bike/strava-gateway/cmd/gateway/main.go:42.2,43.39 2 0
github.com/ericbutera/bike/strava-gateway/cmd/gateway/main.go:44.3,45.1 1 0
github.com/ericbutera/bike/strava-gateway/cmd/gateway/main.go:46.2,50.16 5 0
github.com/ericbutera/bike/strava-gateway/cmd/gateway/main.go:51.3,52.1 1 0
github.com/ericbutera/bike/strava-gateway/cmd/gateway/main.go:53.2,53.15 1 0
github.com/ericbutera/bike/strava-gateway/cmd/gateway/main.go:54.3,56.58 3 0
github.com/ericbutera/bike/strava-gateway/cmd/gateway/main.go:57.4,58.1 1 0
github.com/ericbutera/bike/strava-gateway/cmd/gateway/main.go:60.2,65.16 6 0
github.com/ericbutera/bike/strava-gateway/cmd/gateway/main.go:66.3,67.1 1 0
github.com/ericbutera/bike/strava-gateway/cmd/gateway/main.go:68.2,70.16 3 0
github.com/ericbutera/bike/strava-gateway/cmd/gateway/main.go:71.3,72.1 1 0
github.com/ericbutera/bike/strava-gateway/cmd/gateway/main.go:73.2,74.50 2 0
github.com/ericbutera/bike/strava-gateway/cmd/gateway/main.go:75.3,76.1 1 0
github.com/ericbutera/bike/strava-gateway/cmd/gateway/main.go:77.2,84.1 2 0
github.com/ericbutera/bike/strava-gateway/cmd/gateway/main.go:85.2,85.43 2 0
github.com/ericbutera/bike/strava-gateway/cmd/gateway/main.go:86.3,87.1 1 0
github.com/ericbutera/bike/strava-gateway/cmd/gateway/main.go:88.2,101.1 9 0
github.com/ericbutera/bike/strava-gateway/cmd/gateway/main.go:102.2,106.16 9 0
github.com/ericbutera/bike/strava-gateway/cmd/gateway/main.go:107.3,108.1 1 0
github.com/ericbutera/bike/strava-gateway/cmd/gateway/main.go:109.2,114.12 3 0
github.com/ericbutera/bike/strava-gateway/cmd/gateway/main.go:115.3,115.56 1 0
github.com/ericbutera/bike/strava-gateway/cmd/gateway/main.go:116.4,117.1 1 0
github.com/ericbutera/bike/strava-gateway/cmd/gateway/main.go:119.2,120.74 2 0
github.com/ericbutera/bike/strava-gateway/cmd/gateway/main.go:120.76,120.106 1 0
github.com/ericbutera/bike/strava-gateway/cmd/gateway/main.go:121.2,121.73 1 0
github.com/ericbutera/bike/strava-gateway/cmd/gateway/main.go:122.3,124.40 3 0
github.com/ericbutera/bike/strava-gateway/cmd/gateway/main.go:125.4,127.1 2 0
github.com/ericbutera/bike/strava-gateway/cmd/gateway/main.go:128.3,128.31 1 0
github.com/ericbutera/bike/strava-gateway/cmd/gateway/main.go:130.2,131.16 2 0
github.com/ericbutera/bike/strava-gateway/cmd/gateway/main.go:132.3,133.1 1 0
github.com/ericbutera/bike/strava-gateway/cmd/gateway/main.go:134.2,136.57 1 0
github.com/ericbutera/bike/strava-gateway/cmd/gateway/main.go:137.5,138.1 1 0
github.com/ericbutera/bike/strava-gateway/cmd/gateway/main.go:141.2,142.23 2 0
github.com/ericbutera/bike/strava-gateway/cmd/gateway/main.go:143.3,144.1 1 0
github.com/ericbutera/bike/strava-gateway/cmd/gateway/main.go:145.2,147.12 3 0
github.com/ericbutera/bike/strava-gateway/cmd/gateway/main.go:147.14,147.69 1 0
github.com/ericbutera/bike/strava-gateway/cmd/gateway/main.go:148.2,148.15 1 0
github.com/ericbutera/bike/strava-gateway/cmd/gateway/main.go:149.3,151.65 3 0
github.com/ericbutera/bike/strava-gateway/cmd/gateway/main.go:152.4,153.1 1 0
github.com/ericbutera/bike/strava-gateway/cmd/gateway/main.go:155.2,157.12 3 0
github.com/ericbutera/bike/strava-gateway/cmd/gateway/main.go:157.14,157.55 1 0
github.com/ericbutera/bike/strava-gateway/cmd/gateway/main.go:158.2,158.9 1 0
github.com/ericbutera/bike/strava-gateway/cmd/gateway/main.go:160.3,160.58 1 0
github.com/ericbutera/bike/strava-gateway/cmd/gateway/main.go:161.4,162.1 1 0
github.com/ericbutera/bike/strava-gateway/cmd/gateway/main.go:164.3,164.58 1 0
github.com/ericbutera/bike/strava-gateway/cmd/gateway/main.go:165.4,166.1 1 0
github.com/ericbutera/bike/strava-gateway/cmd/gateway/main.go:168.3,170.58 3 0
github.com/ericbutera/bike/strava-gateway/cmd/gateway/main.go:171.4,172.1 1 0
github.com/ericbutera/bike/strava-gateway/cmd/gateway/main.go:177.2,178.17 2 0
github.com/ericbutera/bike/strava-gateway/cmd/gateway/main.go:179.3,180.1 1 0
github.com/ericbutera/bike/strava-gateway/cmd/gateway/main.go:181.2,181.14 1 0
github.com/ericbutera/bike/strava-gateway/cmd/import_rust/main.go:24.2,26.46 3 0
github.com/ericbutera/bike/strava-gateway/cmd/import_rust/main.go:27.3,28.1 1 0
github.com/ericbutera/bike/strava-gateway/cmd/import_rust/main.go:32.2,34.44 3 0
github.com/ericbutera/bike/strava-gateway/cmd/import_rust/main.go:35.3,36.1 1 0
github.com/ericbutera/bike/strava-gateway/cmd/import_rust/main.go:36.9,36.84 1 0
github.com/ericbutera/bike/strava-gateway/cmd/import_rust/main.go:37.3,39.1 2 0
github.com/ericbutera/bike/strava-gateway/cmd/import_rust/main.go:39.9,39.27 1 0
github.com/ericbutera/bike/strava-gateway/cmd/import_rust/main.go:40.3,41.1 1 0
github.com/ericbutera/bike/strava-gateway/cmd/import_rust/main.go:42.2,43.19 2 0
github.com/ericbutera/bike/strava-gateway/cmd/import_rust/main.go:44.3,45.1 1 0
github.com/ericbutera/bike/strava-gateway/cmd/import_rust/main.go:46.2,47.16 2 0
github.com/ericbutera/bike/strava-gateway/cmd/import_rust/main.go:48.3,49.1 1 0
github.com/ericbutera/bike/strava-gateway/cmd/import_rust/main.go:50.2,52.16 3 0
github.com/ericbutera/bike/strava-gateway/cmd/import_rust/main.go:53.3,54.1 1 0
github.com/ericbutera/bike/strava-gateway/cmd/import_rust/main.go:55.2,55.12 1 0
github.com/ericbutera/bike/strava-gateway/cmd/import_rust/main.go:56.3,58.1 2 0
github.com/ericbutera/bike/strava-gateway/cmd/import_rust/main.go:59.2,59.27 1 0
github.com/ericbutera/bike/strava-gateway/cmd/import_rust/main.go:60.3,61.1 1 0
github.com/ericbutera/bike/strava-gateway/cmd/import_rust/main.go:62.2,63.22 2 0
github.com/ericbutera/bike/strava-gateway/cmd/import_rust/main.go:64.3,65.1 1 0
github.com/ericbutera/bike/strava-gateway/cmd/import_rust/main.go:66.2,67.16 2 0
github.com/ericbutera/bike/strava-gateway/cmd/import_rust/main.go:68.3,69.1 1 0
github.com/ericbutera/bike/strava-gateway/cmd/import_rust/main.go:70.2,71.16 2 0
github.com/ericbutera/bike/strava-gateway/cmd/import_rust/main.go:72.3,73.1 1 0
github.com/ericbutera/bike/strava-gateway/cmd/import_rust/main.go:74.2,77.35 4 0
github.com/ericbutera/bike/strava-gateway/cmd/import_rust/main.go:78.3,79.17 2 0
github.com/ericbutera/bike/strava-gateway/cmd/import_rust/main.go:80.4,81.1 1 0
github.com/ericbutera/bike/strava-gateway/cmd/import_rust/main.go:82.3,82.14 1 0
github.com/ericbutera/bike/strava-gateway/cmd/import_rust/main.go:83.4,84.1 1 0
github.com/ericbutera/bike/strava-gateway/cmd/import_rust/main.go:86.2,88.12 2 0
github.com/ericbutera/bike/strava-gateway/cmd/import_rust/main.go:92.2,95.16 2 0
github.com/ericbutera/bike/strava-gateway/cmd/import_rust/main.go:96.3,97.1 1 0
github.com/ericbutera/bike/strava-gateway/cmd/import_rust/main.go:98.2,100.18 3 0
github.com/ericbutera/bike/strava-gateway/cmd/import_rust/main.go:101.3,105.44 3 0
github.com/ericbutera/bike/strava-gateway/cmd/import_rust/main.go:106.4,107.1 1 0
github.com/ericbutera/bike/strava-gateway/cmd/import_rust/main.go:108.3,108.81 1 0
github.com/ericbutera/bike/strava-gateway/cmd/import_rust/main.go:109.4,110.1 1 0
github.com/ericbutera/bike/strava-gateway/cmd/import_rust/main.go:111.3,111.68 1 0
github.com/ericbutera/bike/strava-gateway/cmd/import_rust/main.go:112.4,113.1 1 0
github.com/ericbutera/bike/strava-gateway/cmd/import_rust/main.go:114.3,114.32 1 0
github.com/ericbutera/bike/strava-gateway/cmd/import_rust/main.go:116.2,116.27 1 0
github.com/ericbutera/bike/strava-gateway/cmd/migrate/main.go:13.2,14.23 2 0
github.com/ericbutera/bike/strava-gateway/cmd/migrate/main.go:15.3,16.1 1 0
github.com/ericbutera/bike/strava-gateway/cmd/migrate/main.go:17.2,19.58 3 0
github.com/ericbutera/bike/strava-gateway/cmd/migrate/main.go:20.3,21.1 1 0
github.com/ericbutera/bike/strava-gateway/cmd/worker/main.go:25.2,26.16 2 0
github.com/ericbutera/bike/strava-gateway/cmd/worker/main.go:27.3,28.1 1 0
github.com/ericbutera/bike/strava-gateway/cmd/worker/main.go:30.2,31.16 2 0
github.com/ericbutera/bike/strava-gateway/cmd/worker/main.go:32.3,33.1 1 0
github.com/ericbutera/bike/strava-gateway/cmd/worker/main.go:34.2,38.16 5 0
github.com/ericbutera/bike/strava-gateway/cmd/worker/main.go:39.3,40.1 1 0
github.com/ericbutera/bike/strava-gateway/cmd/worker/main.go:41.2,41.15 1 0
github.com/ericbutera/bike/strava-gateway/cmd/worker/main.go:42.3,44.58 3 0
github.com/ericbutera/bike/strava-gateway/cmd/worker/main.go:45.4,46.1 1 0
github.com/ericbutera/bike/strava-gateway/cmd/worker/main.go:48.2,51.16 4 0
github.com/ericbutera/bike/strava-gateway/cmd/worker/main.go:52.3,53.1 1 0
github.com/ericbutera/bike/strava-gateway/cmd/worker/main.go:54.2,56.16 3 0
github.com/ericbutera/bike/strava-gateway/cmd/worker/main.go:57.3,58.1 1 0
github.com/ericbutera/bike/strava-gateway/cmd/worker/main.go:59.2,60.39 2 0
github.com/ericbutera/bike/strava-gateway/cmd/worker/main.go:61.3,62.1 1 0
github.com/ericbutera/bike/strava-gateway/cmd/worker/main.go:63.2,77.1 3 0
github.com/ericbutera/bike/strava-gateway/cmd/worker/main.go:78.2,79.23 3 0
github.com/ericbutera/bike/strava-gateway/cmd/worker/main.go:80.3,81.1 1 0
github.com/ericbutera/bike/strava-gateway/cmd/worker/main.go:82.2,84.12 3 0
github.com/ericbutera/bike/strava-gateway/cmd/worker/main.go:84.14,84.69 1 0
github.com/ericbutera/bike/strava-gateway/cmd/worker/main.go:85.2,85.15 1 0
github.com/ericbutera/bike/strava-gateway/cmd/worker/main.go:86.3,88.65 3 0
github.com/ericbutera/bike/strava-gateway/cmd/worker/main.go:89.4,90.1 1 0
github.com/ericbutera/bike/strava-gateway/cmd/worker/main.go:92.2,92.23 1 0
github.com/ericbutera/bike/strava-gateway/cmd/worker/main.go:93.3,93.10 1 0
github.com/ericbutera/bike/strava-gateway/cmd/worker/main.go:95.4,95.45 1 0
github.com/ericbutera/bike/strava-gateway/cmd/worker/main.go:96.5,98.1 2 0
github.com/ericbutera/bike/strava-gateway/cmd/worker/main.go:99.11,99.11 0 0
github.com/ericbutera/bike/strava-gateway/cmd/worker/main.go:101.3,101.42 1 0
github.com/ericbutera/bike/strava-gateway/cmd/worker/main.go:102.4,103.11 2 0
github.com/ericbutera/bike/strava-gateway/cmd/worker/main.go:104.22,104.22 0 0
github.com/ericbutera/bike/strava-gateway/cmd/worker/main.go:105.39,105.39 0 0
github.com/ericbutera/bike/strava-gateway/cmd/worker/main.go:112.2,113.17 2 0
github.com/ericbutera/bike/strava-gateway/cmd/worker/main.go:114.3,115.1 1 0
github.com/ericbutera/bike/strava-gateway/cmd/worker/main.go:116.2,116.14 1 0
github.com/ericbutera/bike/strava-gateway/internal/oauth/grpc.go:29.2,30.45 2 0
github.com/ericbutera/bike/strava-gateway/internal/oauth/grpc.go:31.3,32.1 1 0
github.com/ericbutera/bike/strava-gateway/internal/oauth/grpc.go:33.2,34.97 2 0
github.com/ericbutera/bike/strava-gateway/internal/oauth/grpc.go:35.3,36.1 1 0
github.com/ericbutera/bike/strava-gateway/internal/oauth/grpc.go:37.2,39.16 3 0
github.com/ericbutera/bike/strava-gateway/internal/oauth/grpc.go:40.3,41.1 1 0
github.com/ericbutera/bike/strava-gateway/internal/oauth/grpc.go:42.2,43.31 2 0
github.com/ericbutera/bike/strava-gateway/internal/oauth/grpc.go:44.3,45.1 1 0
github.com/ericbutera/bike/strava-gateway/internal/oauth/grpc.go:46.2,46.64 1 0
github.com/ericbutera/bike/strava-gateway/internal/oauth/grpc.go:47.3,48.1 1 0
github.com/ericbutera/bike/strava-gateway/internal/oauth/grpc.go:49.2,50.48 2 0
github.com/ericbutera/bike/strava-gateway/internal/oauth/grpc.go:51.3,52.1 1 0
github.com/ericbutera/bike/strava-gateway/internal/oauth/grpc.go:53.2,55.41 3 0
github.com/ericbutera/bike/strava-gateway/internal/oauth/grpc.go:56.3,57.1 1 0
github.com/ericbutera/bike/strava-gateway/internal/oauth/grpc.go:58.2,58.12 1 0
github.com/ericbutera/bike/strava-gateway/internal/oauth/grpc.go:62.2,63.65 1 0
github.com/ericbutera/bike/strava-gateway/internal/oauth/grpc.go:64.3,65.1 1 0
github.com/ericbutera/bike/strava-gateway/internal/oauth/grpc.go:66.2,67.49 2 0
github.com/ericbutera/bike/strava-gateway/internal/oauth/grpc.go:68.3,69.1 1 0
github.com/ericbutera/bike/strava-gateway/internal/oauth/grpc.go:70.2,75.17 4 0
github.com/ericbutera/bike/strava-gateway/internal/oauth/grpc.go:76.3,77.1 1 0
github.com/ericbutera/bike/strava-gateway/internal/oauth/grpc.go:78.2,80.8 1 0
github.com/ericbutera/bike/strava-gateway/internal/oauth/grpc.go:84.2,85.65 1 0
github.com/ericbutera/bike/strava-gateway/internal/oauth/grpc.go:86.3,87.1 1 0
github.com/ericbutera/bike/strava-gateway/internal/oauth/grpc.go:88.2,91.45 4 0
github.com/ericbutera/bike/strava-gateway/internal/oauth/grpc.go:92.3,93.1 1 0
github.com/ericbutera/bike/strava-gateway/internal/oauth/grpc.go:94.2,94.16 1 0
github.com/ericbutera/bike/strava-gateway/internal/oauth/grpc.go:95.3,96.1 1 0
github.com/ericbutera/bike/strava-gateway/internal/oauth/grpc.go:97.2,98.16 2 0
github.com/ericbutera/bike/strava-gateway/internal/oauth/grpc.go:99.3,100.1 1 0
github.com/ericbutera/bike/strava-gateway/internal/oauth/grpc.go:101.2,102.16 2 0
github.com/ericbutera/bike/strava-gateway/internal/oauth/grpc.go:103.3,104.1 1 0
github.com/ericbutera/bike/strava-gateway/internal/oauth/grpc.go:105.2,109.1 2 0
github.com/ericbutera/bike/strava-gateway/internal/oauth/grpc.go:110.2,110.37 2 0
github.com/ericbutera/bike/strava-gateway/internal/oauth/grpc.go:111.3,113.1 2 0
github.com/ericbutera/bike/strava-gateway/internal/oauth/grpc.go:114.2,114.22 1 0
github.com/ericbutera/bike/strava-gateway/internal/oauth/grpc.go:118.2,119.80 1 0
github.com/ericbutera/bike/strava-gateway/internal/oauth/grpc.go:120.3,121.1 1 0
github.com/ericbutera/bike/strava-gateway/internal/oauth/grpc.go:122.2,122.105 1 0
github.com/ericbutera/bike/strava-gateway/internal/oauth/grpc.go:123.3,124.1 1 0
github.com/ericbutera/bike/strava-gateway/internal/oauth/grpc.go:125.2,128.45 4 0
github.com/ericbutera/bike/strava-gateway/internal/oauth/grpc.go:129.3,130.1 1 0
github.com/ericbutera/bike/strava-gateway/internal/oauth/grpc.go:131.2,131.83 1 0
github.com/ericbutera/bike/strava-gateway/internal/oauth/grpc.go:132.3,133.1 1 0
github.com/ericbutera/bike/strava-gateway/internal/oauth/grpc.go:134.2,134.57 1 0
github.com/ericbutera/bike/strava-gateway/internal/oauth/grpc.go:138.2,139.65 1 0
github.com/ericbutera/bike/strava-gateway/internal/oauth/grpc.go:140.3,141.1 1 0
github.com/ericbutera/bike/strava-gateway/internal/oauth/grpc.go:142.2,145.45 4 0
github.com/ericbutera/bike/strava-gateway/internal/oauth/grpc.go:146.3,147.1 1 0
github.com/ericbutera/bike/strava-gateway/internal/oauth/grpc.go:148.2,148.76 1 0
github.com/ericbutera/bike/strava-gateway/internal/oauth/grpc.go:149.3,150.1 1 0
github.com/ericbutera/bike/strava-gateway/internal/oauth/grpc.go:151.2,151.63 1 0
github.com/ericbutera/bike/strava-gateway/internal/oauth/handler.go:45.2,50.1 5 0
github.com/ericbutera/bike/strava-gateway/internal/oauth/handler.go:53.2,54.9 2 0
github.com/ericbutera/bike/strava-gateway/internal/oauth/handler.go:55.3,56.1 1 0
github.com/ericbutera/bike/strava-gateway/internal/oauth/handler.go:57.2,60.45 4 0
github.com/ericbutera/bike/strava-gateway/internal/oauth/handler.go:61.3,68.1 2 0
github.com/ericbutera/bike/strava-gateway/internal/oauth/handler.go:69.2,69.16 1 0
github.com/ericbutera/bike/strava-gateway/internal/oauth/handler.go:70.3,72.1 2 0
github.com/ericbutera/bike/strava-gateway/internal/oauth/handler.go:73.2,74.16 2 0
github.com/ericbutera/bike/strava-gateway/internal/oauth/handler.go:75.3,77.1 2 0
github.com/ericbutera/bike/strava-gateway/internal/oauth/handler.go:78.2,79.16 2 0
github.com/ericbutera/bike/strava-gateway/internal/oauth/handler.go:80.3,82.1 2 0
github.com/ericbutera/bike/strava-gateway/internal/oauth/handler.go:83.2,90.4 1 0
github.com/ericbutera/bike/strava-gateway/internal/oauth/handler.go:94.2,95.9 2 0
github.com/ericbutera/bike/strava-gateway/internal/oauth/handler.go:96.3,97.1 1 0
github.com/ericbutera/bike/strava-gateway/internal/oauth/handler.go:98.2,98.84 1 0
github.com/ericbutera/bike/strava-gateway/internal/oauth/handler.go:99.3,101.1 2 0
github.com/ericbutera/bike/strava-gateway/internal/oauth/handler.go:102.2,105.45 4 0
github.com/ericbutera/bike/strava-gateway/internal/oauth/handler.go:106.3,108.1 2 0
github.com/ericbutera/bike/strava-gateway/internal/oauth/handler.go:109.2,109.69 1 0
github.com/ericbutera/bike/strava-gateway/internal/oauth/handler.go:110.3,112.1 2 0
github.com/ericbutera/bike/strava-gateway/internal/oauth/handler.go:113.2,113.53 1 0
github.com/ericbutera/bike/strava-gateway/internal/oauth/handler.go:117.2,118.9 2 0
github.com/ericbutera/bike/strava-gateway/internal/oauth/handler.go:119.3,120.1 1 0
github.com/ericbutera/bike/strava-gateway/internal/oauth/handler.go:121.2,124.45 4 0
github.com/ericbutera/bike/strava-gateway/internal/oauth/handler.go:125.3,127.1 2 0
github.com/ericbutera/bike/strava-gateway/internal/oauth/handler.go:128.2,128.69 1 0
github.com/ericbutera/bike/strava-gateway/internal/oauth/handler.go:129.3,131.1 2 0
github.com/ericbutera/bike/strava-gateway/internal/oauth/handler.go:132.2,132.59 1 0
github.com/ericbutera/bike/strava-gateway/internal/oauth/handler.go:136.2,137.16 2 0
github.com/ericbutera/bike/strava-gateway/internal/oauth/handler.go:138.3,140.1 2 0
github.com/ericbutera/bike/strava-gateway/internal/oauth/handler.go:141.2,142.78 2 0
github.com/ericbutera/bike/strava-gateway/internal/oauth/handler.go:143.3,145.1 2 0
github.com/ericbutera/bike/strava-gateway/internal/oauth/handler.go:146.2,147.87 2 0
github.com/ericbutera/bike/strava-gateway/internal/oauth/handler.go:148.3,150.1 2 0
github.com/ericbutera/bike/strava-gateway/internal/oauth/handler.go:151.2,151.20 1 0
github.com/ericbutera/bike/strava-gateway/internal/oauth/handler.go:155.2,157.1 2 0
github.com/ericbutera/bike/strava-gateway/internal/oauth/handler.go:160.2,161.16 2 0
github.com/ericbutera/bike/strava-gateway/internal/oauth/handler.go:162.3,164.1 2 0
github.com/ericbutera/bike/strava-gateway/internal/oauth/handler.go:165.2,166.78 2 0
github.com/ericbutera/bike/strava-gateway/internal/oauth/handler.go:167.3,169.1 2 0
github.com/ericbutera/bike/strava-gateway/internal/oauth/handler.go:170.2,172.53 2 0
github.com/ericbutera/bike/strava-gateway/internal/oauth/handler.go:173.3,175.1 2 0
github.com/ericbutera/bike/strava-gateway/internal/oauth/handler.go:176.2,177.49 2 0
github.com/ericbutera/bike/strava-gateway/internal/oauth/handler.go:178.3,180.1 2 0
github.com/ericbutera/bike/strava-gateway/internal/oauth/handler.go:181.2,186.17 4 0
github.com/ericbutera/bike/strava-gateway/internal/oauth/handler.go:187.3,189.1 2 0
github.com/ericbutera/bike/strava-gateway/internal/oauth/handler.go:190.2,193.4 2 0
github.com/ericbutera/bike/strava-gateway/internal/oauth/handler.go:197.2,199.17 3 0
github.com/ericbutera/bike/strava-gateway/internal/oauth/handler.go:200.3,202.1 2 0
github.com/ericbutera/bike/strava-gateway/internal/oauth/handler.go:203.2,206.16 4 0
github.com/ericbutera/bike/strava-gateway/internal/oauth/handler.go:207.3,209.1 2 0
github.com/ericbutera/bike/strava-gateway/internal/oauth/handler.go:210.2,211.13 2 0
github.com/ericbutera/bike/strava-gateway/internal/oauth/handler.go:212.3,214.1 2 0
github.com/ericbutera/bike/strava-gateway/internal/oauth/handler.go:215.2,216.52 2 0
github.com/ericbutera/bike/strava-gateway/internal/oauth/handler.go:217.3,217.59 1 0
github.com/ericbutera/bike/strava-gateway/internal/oauth/handler.go:218.4,219.1 1 0
github.com/ericbutera/bike/strava-gateway/internal/oauth/handler.go:221.2,222.49 2 0
github.com/ericbutera/bike/strava-gateway/internal/oauth/handler.go:223.3,225.1 2 0
github.com/ericbutera/bike/strava-gateway/internal/oauth/handler.go:226.2,229.64 4 0
github.com/ericbutera/bike/strava-gateway/internal/oauth/handler.go:233.2,233.60 1 0
github.com/ericbutera/bike/strava-gateway/internal/oauth/handler.go:234.3,235.1 1 0
github.com/ericbutera/bike/strava-gateway/internal/oauth/handler.go:235.9,235.30 1 0
github.com/ericbutera/bike/strava-gateway/internal/oauth/handler.go:236.3,237.1 1 0
github.com/ericbutera/bike/strava-gateway/internal/oauth/handler.go:238.2,239.89 2 0
github.com/ericbutera/bike/strava-gateway/internal/oauth/handler.go:240.3,241.1 1 0
github.com/ericbutera/bike/strava-gateway/internal/oauth/handler.go:242.2,242.16 1 0
github.com/ericbutera/bike/strava-gateway/internal/oauth/handler.go:243.3,244.1 1 0
github.com/ericbutera/bike/strava-gateway/internal/oauth/handler.go:245.2,245.80 1 0
github.com/ericbutera/bike/strava-gateway/internal/oauth/handler.go:246.3,247.1 1 0
github.com/ericbutera/bike/strava-gateway/internal/oauth/handler.go:248.2,249.20 2 0
github.com/ericbutera/bike/strava-gateway/internal/oauth/handler.go:250.3,250.61 1 0
github.com/ericbutera/bike/strava-gateway/internal/oauth/handler.go:251.4,252.1 1 0
github.com/ericbutera/bike/strava-gateway/internal/oauth/handler.go:252.10,252.31 1 0
github.com/ericbutera/bike/strava-gateway/internal/oauth/handler.go:253.4,254.1 1 0
github.com/ericbutera/bike/strava-gateway/internal/oauth/handler.go:255.3,257.97 3 0
github.com/ericbutera/bike/strava-gateway/internal/oauth/handler.go:258.4,259.1 1 0
github.com/ericbutera/bike/strava-gateway/internal/oauth/handler.go:260.3,260.17 1 0
github.com/ericbutera/bike/strava-gateway/internal/oauth/handler.go:261.4,262.1 1 0
github.com/ericbutera/bike/strava-gateway/internal/oauth/handler.go:264.2,268.17 1 0
github.com/ericbutera/bike/strava-gateway/internal/oauth/handler.go:269.3,270.1 1 0
github.com/ericbutera/bike/strava-gateway/internal/oauth/handler.go:271.2,273.1 2 0
github.com/ericbutera/bike/strava-gateway/internal/oauth/handler.go:274.2,274.60 2 0
github.com/ericbutera/bike/strava-gateway/internal/oauth/handler.go:275.3,276.1 1 0
github.com/ericbutera/bike/strava-gateway/internal/oauth/handler.go:277.2,277.50 1 0
github.com/ericbutera/bike/strava-gateway/internal/oauth/handler.go:281.2,283.48 3 0
github.com/ericbutera/bike/strava-gateway/internal/oauth/handler.go:284.3,285.1 1 0
github.com/ericbutera/bike/strava-gateway/internal/oauth/handler.go:286.2,287.16 2 0
github.com/ericbutera/bike/strava-gateway/internal/oauth/handler.go:288.3,289.1 1 0
github.com/ericbutera/bike/strava-gateway/internal/oauth/handler.go:290.2,291.24 2 0
github.com/ericbutera/bike/strava-gateway/internal/oauth/handler.go:292.3,293.1 1 0
github.com/ericbutera/bike/strava-gateway/internal/oauth/handler.go:294.2,294.64 1 0
github.com/ericbutera/bike/strava-gateway/internal/oauth/handler.go:295.3,296.1 1 0
github.com/ericbutera/bike/strava-gateway/internal/oauth/handler.go:297.2,300.43 4 0
github.com/ericbutera/bike/strava-gateway/internal/observability/logger.go:11.2,11.19 1 0
github.com/ericbutera/bike/strava-gateway/internal/observability/logger.go:12.3,13.1 1 0
github.com/ericbutera/bike/strava-gateway/internal/observability/logger.go:15.2,15.76 1 0
github.com/ericbutera/bike/strava-gateway/internal/observability/logger.go:19.2,20.28 2 0
github.com/ericbutera/bike/strava-gateway/internal/observability/logger.go:21.3,22.1 1 0
github.com/ericbutera/bike/strava-gateway/internal/observability/logger.go:24.2,27.3 1 0
github.com/ericbutera/bike/strava-gateway/internal/observability/metrics.go:54.2,90.1 6 0
github.com/ericbutera/bike/strava-gateway/internal/observability/metrics.go:91.2,103.1 6 0
github.com/ericbutera/bike/strava-gateway/internal/observability/metrics.go:106.2,107.1 1 0
github.com/ericbutera/bike/strava-gateway/internal/observability/metrics.go:110.2,110.82 1 0
github.com/ericbutera/bike/strava-gateway/internal/observability/metrics.go:111.3,111.104 1 0
github.com/ericbutera/bike/strava-gateway/internal/observability/metrics.go:112.4,114.1 2 0
github.com/ericbutera/bike/strava-gateway/internal/observability/metrics.go:115.3,118.27 4 0
github.com/ericbutera/bike/strava-gateway/internal/observability/metrics.go:119.4,120.1 1 0
github.com/ericbutera/bike/strava-gateway/internal/observability/metrics.go:121.3,122.18 2 0
github.com/ericbutera/bike/strava-gateway/internal/observability/metrics.go:123.4,124.1 1 0
github.com/ericbutera/bike/strava-gateway/internal/observability/metrics.go:125.3,127.74 3 0
github.com/ericbutera/bike/strava-gateway/internal/observability/metrics.go:128.4,130.29 3 0
github.com/ericbutera/bike/strava-gateway/internal/observability/metrics.go:131.5,132.1 1 0
github.com/ericbutera/bike/strava-gateway/internal/observability/metrics.go:133.4,138.1 2 0
github.com/ericbutera/bike/strava-gateway/internal/observability/metrics.go:139.4,139.57 2 0
github.com/ericbutera/bike/strava-gateway/internal/observability/metrics.go:140.5,141.1 1 0
github.com/ericbutera/bike/strava-gateway/internal/observability/metrics.go:141.11,141.55 1 0
github.com/ericbutera/bike/strava-gateway/internal/observability/metrics.go:142.5,143.1 1 0
github.com/ericbutera/bike/strava-gateway/internal/observability/metrics.go:144.5,145.1 1 0
github.com/ericbutera/bike/strava-gateway/internal/observability/metrics.go:151.2,157.1 6 0
github.com/ericbutera/bike/strava-gateway/internal/observability/metrics.go:160.2,161.17 2 0
github.com/ericbutera/bike/strava-gateway/internal/observability/metrics.go:162.3,163.1 1 0
github.com/ericbutera/bike/strava-gateway/internal/observability/metrics.go:164.2,166.77 3 0
github.com/ericbutera/bike/strava-gateway/internal/observability/metrics.go:170.2,174.1 4 0
github.com/ericbutera/bike/strava-gateway/internal/observability/metrics.go:177.2,181.1 4 0
github.com/ericbutera/bike/strava-gateway/internal/observability/metrics.go:184.2,186.60 3 0
github.com/ericbutera/bike/strava-gateway/internal/observability/metrics.go:187.3,188.1 1 0
github.com/ericbutera/bike/strava-gateway/internal/observability/metrics.go:189.2,191.64 3 0
github.com/ericbutera/bike/strava-gateway/internal/observability/metrics.go:192.3,193.1 1 0
github.com/ericbutera/bike/strava-gateway/internal/observability/metrics.go:194.2,196.72 3 0
github.com/ericbutera/bike/strava-gateway/internal/observability/metrics.go:200.2,201.1 1 0
github.com/ericbutera/bike/strava-gateway/internal/observability/metrics.go:204.2,208.1 4 0
github.com/ericbutera/bike/strava-gateway/internal/observability/metrics.go:211.2,215.1 4 0
github.com/ericbutera/bike/strava-gateway/internal/observability/metrics.go:218.2,218.16 1 0
github.com/ericbutera/bike/strava-gateway/internal/observability/metrics.go:219.3,220.1 1 0
github.com/ericbutera/bike/strava-gateway/internal/observability/metrics.go:221.2,222.70 2 0
github.com/ericbutera/bike/strava-gateway/internal/observability/metrics.go:226.2,228.1 2 0
github.com/ericbutera/bike/strava-gateway/internal/observability/metrics.go:231.2,232.1 1 0
github.com/ericbutera/bike/strava-gateway/internal/observability/metrics.go:235.2,240.1 5 0
github.com/ericbutera/bike/strava-gateway/internal/observability/metrics.go:243.2,243.16 1 0
github.com/ericbutera/bike/strava-gateway/internal/observability/metrics.go:245.3,245.26 1 0
github.com/ericbutera/bike/strava-gateway/internal/observability/metrics.go:247.3,247.22 1 0
github.com/ericbutera/bike/strava-gateway/internal/observability/metrics.go:249.3,249.29 1 0
github.com/ericbutera/bike/strava-gateway/internal/observability/metrics.go:251.3,251.25 1 0
github.com/ericbutera/bike/strava-gateway/internal/observability/metrics.go:253.3,253.17 1 0
github.com/ericbutera/bike/strava-gateway/internal/observability/metrics.go:258.2,260.1 2 0
github.com/ericbutera/bike/strava-gateway/internal/observability/metrics.go:263.2,264.1 1 0
github.com/ericbutera/bike/strava-gateway/internal/observability/metrics.go:267.2,268.1 1 0
github.com/ericbutera/bike/strava-gateway/internal/observability/metrics.go:271.2,277.68 7 0
github.com/ericbutera/bike/strava-gateway/internal/observability/metrics.go:278.3,279.1 1 0
github.com/ericbutera/bike/strava-gateway/internal/observability/metrics.go:283.2,283.68 1 0
github.com/ericbutera/bike/strava-gateway/internal/observability/metrics.go:284.3,285.1 1 0
github.com/ericbutera/bike/strava-gateway/internal/observability/metrics.go:294.2,294.26 1 0
github.com/ericbutera/bike/strava-gateway/internal/observability/metrics.go:295.3,296.1 1 0
github.com/ericbutera/bike/strava-gateway/internal/observability/metrics.go:297.2,298.49 2 0
github.com/ericbutera/bike/strava-gateway/internal/observability/metrics.go:302.2,302.26 1 0
github.com/ericbutera/bike/strava-gateway/internal/observability/metrics.go:303.3,304.1 1 0
github.com/ericbutera/bike/strava-gateway/internal/observability/metrics.go:305.2,305.44 1 0
github.com/ericbutera/bike/strava-gateway/internal/observability/metrics.go:308.64,308.96 1 0
github.com/ericbutera/bike/strava-gateway/internal/observability/metrics.go:311.2,311.9 1 0
github.com/ericbutera/bike/strava-gateway/internal/observability/metrics.go:313.3,313.23 1 0
github.com/ericbutera/bike/strava-gateway/internal/observability/metrics.go:315.3,315.27 1 0
github.com/ericbutera/bike/strava-gateway/internal/observability/metrics.go:317.3,317.27 1 0
github.com/ericbutera/bike/strava-gateway/internal/observability/metrics.go:319.3,319.28 1 0
github.com/ericbutera/bike/strava-gateway/internal/observability/metrics.go:321.3,321.27 1 0
github.com/ericbutera/bike/strava-gateway/internal/observability/metrics.go:323.3,323.17 1 0
github.com/ericbutera/bike/strava-gateway/internal/observability/metrics.go:328.2,328.16 1 0
github.com/ericbutera/bike/strava-gateway/internal/observability/metrics.go:330.3,330.16 1 0
github.com/ericbutera/bike/strava-gateway/internal/observability/metrics.go:332.3,332.17 1 0
github.com/ericbutera/bike/strava-gateway/internal/observability/metrics.go:337.2,337.36 1 0
github.com/ericbutera/bike/strava-gateway/internal/observability/metrics.go:338.3,338.25 1 0
github.com/ericbutera/bike/strava-gateway/internal/observability/metrics.go:339.4,340.1 1 0
github.com/ericbutera/bike/strava-gateway/internal/observability/metrics.go:342.2,342.16 1 0
github.com/ericbutera/bike/strava-gateway/internal/observability/metrics.go:346.2,347.1 1 0
github.com/ericbutera/bike/strava-gateway/internal/observability/tracing.go:19.2,26.1 5 0
github.com/ericbutera/bike/strava-gateway/internal/observability/tracing.go:27.2,32.1 5 0
github.com/ericbutera/bike/strava-gateway/internal/observability/tracing.go:33.2,33.23 5 0
github.com/ericbutera/bike/strava-gateway/internal/observability/tracing.go:34.3,35.17 2 0
github.com/ericbutera/bike/strava-gateway/internal/observability/tracing.go:36.4,37.1 1 0
github.com/ericbutera/bike/strava-gateway/internal/observability/tracing.go:38.3,41.5 1 0
github.com/ericbutera/bike/strava-gateway/internal/observability/tracing.go:43.2,45.31 3 0
github.com/ericbutera/bike/strava-gateway/internal/observability/tracing.go:49.2,49.127 1 0
github.com/ericbutera/bike/strava-gateway/internal/observability/tracing.go:50.3,51.1 1 0
github.com/ericbutera/bike/strava-gateway/internal/observability/tracing.go:52.2,52.90 1 0
github.com/ericbutera/bike/strava-gateway/internal/observability/tracing.go:53.3,53.59 1 0
github.com/ericbutera/bike/strava-gateway/internal/observability/tracing.go:54.4,54.62 1 0
github.com/ericbutera/bike/strava-gateway/internal/observability/tracing.go:55.5,56.1 1 0
github.com/ericbutera/bike/strava-gateway/internal/observability/tracing.go:58.3,58.15 1 0
github.com/ericbutera/bike/strava-gateway/internal/observability/tracing.go:60.2,60.112 1 0
github.com/ericbutera/bike/strava-gateway/internal/observability/tracing.go:64.2,64.62 1 0
github.com/ericbutera/bike/strava-gateway/internal/observability/tracing.go:65.3,66.1 1 0
github.com/ericbutera/bike/strava-gateway/internal/observability/tracing.go:67.2,67.17 1 0
github.com/ericbutera/bike/strava-gateway/internal/observability/tracing.go:71.2,72.24 2 0
github.com/ericbutera/bike/strava-gateway/internal/observability/tracing.go:73.3,74.1 1 0
github.com/ericbutera/bike/strava-gateway/internal/observability/tracing.go:75.2,75.23 1 0
github.com/ericbutera/bike/strava-gateway/internal/observability/tracing.go:76.3,77.1 1 0
github.com/ericbutera/bike/strava-gateway/internal/observability/tracing.go:78.2,82.29 5 0
github.com/ericbutera/bike/strava-gateway/internal/observability/tracing.go:83.3,84.1 1 0
github.com/ericbutera/bike/strava-gateway/internal/observability/tracing.go:85.2,85.72 1 0
github.com/ericbutera/bike/strava-gateway/internal/provider/client.go:30.2,31.16 2 0
github.com/ericbutera/bike/strava-gateway/internal/provider/client.go:32.3,33.1 1 0
github.com/ericbutera/bike/strava-gateway/internal/provider/client.go:34.2,38.1 2 0
github.com/ericbutera/bike/strava-gateway/internal/provider/client.go:39.2,39.52 2 0
github.com/ericbutera/bike/strava-gateway/internal/provider/client.go:43.2,44.16 2 0
github.com/ericbutera/bike/strava-gateway/internal/provider/client.go:45.3,46.1 1 0
github.com/ericbutera/bike/strava-gateway/internal/provider/client.go:47.2,49.1 2 0
github.com/ericbutera/bike/strava-gateway/internal/provider/client.go:50.2,50.64 2 0
github.com/ericbutera/bike/strava-gateway/internal/provider/client.go:51.3,52.1 1 0
github.com/ericbutera/bike/strava-gateway/internal/provider/client.go:53.2,53.21 1 0
github.com/ericbutera/bike/strava-gateway/internal/provider/client.go:54.3,55.1 1 0
github.com/ericbutera/bike/strava-gateway/internal/provider/client.go:56.2,56.34 1 0
github.com/ericbutera/bike/strava-gateway/internal/provider/client.go:80.39,80.102 1 0
github.com/ericbutera/bike/strava-gateway/internal/provider/client.go:93.2,93.24 1 0
github.com/ericbutera/bike/strava-gateway/internal/provider/client.go:95.3,95.29 1 0
github.com/ericbutera/bike/strava-gateway/internal/provider/client.go:97.3,97.28 1 0
github.com/ericbutera/bike/strava-gateway/internal/provider/client.go:99.3,99.26 1 0
github.com/ericbutera/bike/strava-gateway/internal/provider/client.go:101.3,101.25 1 0
github.com/ericbutera/bike/strava-gateway/internal/provider/client.go:103.3,103.22 1 0
github.com/ericbutera/bike/strava-gateway/internal/provider/client.go:108.2,109.1 1 0
github.com/ericbutera/bike/strava-gateway/internal/provider/client.go:112.2,116.1 3 0
github.com/ericbutera/bike/strava-gateway/internal/provider/client.go:117.2,118.1 3 0
github.com/ericbutera/bike/strava-gateway/internal/provider/client.go:121.2,122.20 2 0
github.com/ericbutera/bike/strava-gateway/internal/provider/client.go:123.3,124.1 1 0
github.com/ericbutera/bike/strava-gateway/internal/provider/client.go:125.2,126.16 2 0
github.com/ericbutera/bike/strava-gateway/internal/provider/client.go:127.3,128.1 1 0
github.com/ericbutera/bike/strava-gateway/internal/provider/client.go:129.2,131.1 2 0
github.com/ericbutera/bike/strava-gateway/internal/provider/client.go:132.2,132.63 2 0
github.com/ericbutera/bike/strava-gateway/internal/provider/client.go:133.3,134.1 1 0
github.com/ericbutera/bike/strava-gateway/internal/provider/client.go:135.2,136.31 2 0
github.com/ericbutera/bike/strava-gateway/internal/provider/client.go:137.3,137.19 1 0
github.com/ericbutera/bike/strava-gateway/internal/provider/client.go:138.4,139.1 1 0
github.com/ericbutera/bike/strava-gateway/internal/provider/client.go:141.2,141.27 1 0
github.com/ericbutera/bike/strava-gateway/internal/provider/client.go:145.2,146.16 2 0
github.com/ericbutera/bike/strava-gateway/internal/provider/client.go:147.3,148.1 1 0
github.com/ericbutera/bike/strava-gateway/internal/provider/client.go:149.2,150.16 2 0
github.com/ericbutera/bike/strava-gateway/internal/provider/client.go:151.3,152.1 1 0
github.com/ericbutera/bike/strava-gateway/internal/provider/client.go:153.2,154.29 2 0
github.com/ericbutera/bike/strava-gateway/internal/provider/client.go:158.2,159.1 1 0
github.com/ericbutera/bike/strava-gateway/internal/provider/client.go:162.2,163.1 1 0
github.com/ericbutera/bike/strava-gateway/internal/provider/client.go:166.2,166.56 1 0
github.com/ericbutera/bike/strava-gateway/internal/provider/client.go:167.3,168.1 1 0
github.com/ericbutera/bike/strava-gateway/internal/provider/client.go:169.2,172.16 4 0
github.com/ericbutera/bike/strava-gateway/internal/provider/client.go:173.3,174.1 1 0
github.com/ericbutera/bike/strava-gateway/internal/provider/client.go:175.2,177.16 2 0
github.com/ericbutera/bike/strava-gateway/internal/provider/client.go:178.3,179.1 1 0
github.com/ericbutera/bike/strava-gateway/internal/provider/client.go:180.2,182.16 3 0
github.com/ericbutera/bike/strava-gateway/internal/provider/client.go:183.3,184.1 1 0
github.com/ericbutera/bike/strava-gateway/internal/provider/client.go:185.2,186.62 2 0
github.com/ericbutera/bike/strava-gateway/internal/provider/client.go:187.3,188.1 1 0
github.com/ericbutera/bike/strava-gateway/internal/provider/client.go:189.2,189.81 1 0
github.com/ericbutera/bike/strava-gateway/internal/provider/client.go:190.3,191.1 1 0
github.com/ericbutera/bike/strava-gateway/internal/provider/client.go:192.2,192.29 1 0
github.com/ericbutera/bike/strava-gateway/internal/provider/client.go:196.2,198.23 3 0
github.com/ericbutera/bike/strava-gateway/internal/provider/client.go:199.3,200.1 1 0
github.com/ericbutera/bike/strava-gateway/internal/provider/client.go:201.2,202.16 2 0
github.com/ericbutera/bike/strava-gateway/internal/provider/client.go:203.3,205.1 2 0
github.com/ericbutera/bike/strava-gateway/internal/provider/client.go:206.2,206.15 1 0
github.com/ericbutera/bike/strava-gateway/internal/provider/client.go:206.17,206.62 1 0
github.com/ericbutera/bike/strava-gateway/internal/provider/client.go:207.2,207.27 1 0
github.com/ericbutera/bike/strava-gateway/internal/provider/client.go:208.3,209.1 1 0
github.com/ericbutera/bike/strava-gateway/internal/provider/client.go:210.2,211.16 2 0
github.com/ericbutera/bike/strava-gateway/internal/provider/client.go:212.3,214.1 2 0
github.com/ericbutera/bike/strava-gateway/internal/provider/client.go:215.2,215.33 1 0
github.com/ericbutera/bike/strava-gateway/internal/provider/client.go:216.3,218.1 2 0
github.com/ericbutera/bike/strava-gateway/internal/provider/client.go:219.2,221.57 3 0
github.com/ericbutera/bike/strava-gateway/internal/provider/client.go:222.3,223.1 1 0
github.com/ericbutera/bike/strava-gateway/internal/provider/client.go:224.2,224.22 1 0
github.com/ericbutera/bike/strava-gateway/internal/provider/client.go:228.2,228.27 1 0
github.com/ericbutera/bike/strava-gateway/internal/provider/client.go:229.3,230.1 1 0
github.com/ericbutera/bike/strava-gateway/internal/provider/client.go:234.2,234.85 1 0
github.com/ericbutera/bike/strava-gateway/internal/provider/client.go:235.3,236.1 1 0
github.com/ericbutera/bike/strava-gateway/internal/provider/client.go:237.2,237.74 1 0
github.com/ericbutera/bike/strava-gateway/internal/provider/client.go:238.3,239.1 1 0
github.com/ericbutera/bike/strava-gateway/internal/provider/client.go:240.2,240.20 1 0
github.com/ericbutera/bike/strava-gateway/internal/provider/client.go:250.2,251.56 2 0
github.com/ericbutera/bike/strava-gateway/internal/provider/client.go:252.3,253.1 1 0
github.com/ericbutera/bike/strava-gateway/internal/provider/client.go:254.2,254.22 1 0
github.com/ericbutera/bike/strava-gateway/internal/provider/client.go:255.3,256.1 1 0
github.com/ericbutera/bike/strava-gateway/internal/provider/client.go:257.2,257.22 1 0
github.com/ericbutera/bike/strava-gateway/internal/provider/client.go:261.2,262.16 2 0
github.com/ericbutera/bike/strava-gateway/internal/provider/client.go:263.3,264.1 1 0
github.com/ericbutera/bike/strava-gateway/internal/provider/client.go:265.2,265.50 1 0
github.com/ericbutera/bike/strava-gateway/internal/provider/client.go:267.3,267.14 1 0
github.com/ericbutera/bike/strava-gateway/internal/provider/client.go:269.3,269.15 1 0
github.com/ericbutera/bike/strava-gateway/internal/provider/scopes.go:9.2,9.53 1 0
github.com/ericbutera/bike/strava-gateway/internal/provider/scopes.go:10.3,11.1 1 0
github.com/ericbutera/bike/strava-gateway/internal/provider/scopes.go:15.2,15.32 1 0
github.com/ericbutera/bike/strava-gateway/internal/provider/scopes.go:16.3,16.45 1 0
github.com/ericbutera/bike/strava-gateway/internal/provider/scopes.go:17.4,17.23 1 0
github.com/ericbutera/bike/strava-gateway/internal/provider/scopes.go:18.5,19.1 1 0
github.com/ericbutera/bike/strava-gateway/internal/provider/scopes.go:22.2,22.14 1 0
github.com/ericbutera/bike/strava-gateway/internal/secret/token.go:18.2,19.34 2 0
github.com/ericbutera/bike/strava-gateway/internal/secret/token.go:20.3,21.1 1 0
github.com/ericbutera/bike/strava-gateway/internal/secret/token.go:22.2,23.16 2 0
github.com/ericbutera/bike/strava-gateway/internal/secret/token.go:24.3,25.1 1 0
github.com/ericbutera/bike/strava-gateway/internal/secret/token.go:26.2,27.16 2 0
github.com/ericbutera/bike/strava-gateway/internal/secret/token.go:28.3,29.1 1 0
github.com/ericbutera/bike/strava-gateway/internal/secret/token.go:30.2,30.37 1 0
github.com/ericbutera/bike/strava-gateway/internal/secret/token.go:36.2,37.44 2 0
github.com/ericbutera/bike/strava-gateway/internal/secret/token.go:38.3,39.1 1 0
github.com/ericbutera/bike/strava-gateway/internal/secret/token.go:40.2,40.71 1 0
github.com/ericbutera/bike/strava-gateway/internal/secret/token.go:44.2,45.29 2 0
github.com/ericbutera/bike/strava-gateway/internal/secret/token.go:46.3,47.1 1 0
github.com/ericbutera/bike/strava-gateway/internal/secret/token.go:48.2,48.86 1 0
github.com/ericbutera/bike/strava-gateway/internal/storage/connections.go:29.2,30.16 2 0
github.com/ericbutera/bike/strava-gateway/internal/storage/connections.go:31.3,32.1 1 0
github.com/ericbutera/bike/strava-gateway/internal/storage/connections.go:33.2,40.12 2 0
github.com/ericbutera/bike/strava-gateway/internal/storage/connections.go:46.2,46.17 1 0
github.com/ericbutera/bike/strava-gateway/internal/storage/connections.go:47.3,48.1 1 0
github.com/ericbutera/bike/strava-gateway/internal/storage/connections.go:49.2,50.16 2 0
github.com/ericbutera/bike/strava-gateway/internal/storage/connections.go:51.3,52.1 1 0
github.com/ericbutera/bike/strava-gateway/internal/storage/connections.go:53.2,54.16 2 0
github.com/ericbutera/bike/strava-gateway/internal/storage/connections.go:55.3,56.1 1 0
github.com/ericbutera/bike/strava-gateway/internal/storage/connections.go:57.2,61.13 3 0
github.com/ericbutera/bike/strava-gateway/internal/storage/connections.go:62.3,66.1 1 0
github.com/ericbutera/bike/strava-gateway/internal/storage/connections.go:67.2,68.16 2 0
github.com/ericbutera/bike/strava-gateway/internal/storage/connections.go:69.3,70.1 1 0
github.com/ericbutera/bike/strava-gateway/internal/storage/connections.go:71.2,75.16 2 0
github.com/ericbutera/bike/strava-gateway/internal/storage/connections.go:76.3,77.1 1 0
github.com/ericbutera/bike/strava-gateway/internal/storage/connections.go:78.2,78.32 1 0
github.com/ericbutera/bike/strava-gateway/internal/storage/connections.go:79.3,80.1 1 0
github.com/ericbutera/bike/strava-gateway/internal/storage/connections.go:81.2,81.39 1 0
github.com/ericbutera/bike/strava-gateway/internal/storage/connections.go:82.3,83.1 1 0
github.com/ericbutera/bike/strava-gateway/internal/storage/connections.go:84.2,84.42 1 0
github.com/ericbutera/bike/strava-gateway/internal/storage/connections.go:88.2,88.105 1 0
github.com/ericbutera/bike/strava-gateway/internal/storage/connections.go:89.3,90.1 1 0
github.com/ericbutera/bike/strava-gateway/internal/storage/connections.go:91.2,95.16 2 0
github.com/ericbutera/bike/strava-gateway/internal/storage/connections.go:96.3,97.1 1 0
github.com/ericbutera/bike/strava-gateway/internal/storage/connections.go:98.2,99.20 2 0
github.com/ericbutera/bike/strava-gateway/internal/storage/connections.go:103.2,109.16 5 0
github.com/ericbutera/bike/strava-gateway/internal/storage/connections.go:110.3,111.1 1 0
github.com/ericbutera/bike/strava-gateway/internal/storage/connections.go:112.2,113.16 2 0
github.com/ericbutera/bike/strava-gateway/internal/storage/connections.go:114.3,115.1 1 0
github.com/ericbutera/bike/strava-gateway/internal/storage/connections.go:116.2,119.1 2 0
github.com/ericbutera/bike/strava-gateway/internal/storage/connections.go:120.2,120.55 2 0
github.com/ericbutera/bike/strava-gateway/internal/storage/connections.go:121.3,122.1 1 0
github.com/ericbutera/bike/strava-gateway/internal/storage/connections.go:123.2,124.18 2 0
github.com/ericbutera/bike/strava-gateway/internal/storage/connections.go:129.2,130.16 2 0
github.com/ericbutera/bike/strava-gateway/internal/storage/connections.go:131.3,132.1 1 0
github.com/ericbutera/bike/strava-gateway/internal/storage/connections.go:133.2,135.12 2 0
github.com/ericbutera/bike/strava-gateway/internal/storage/connections.go:145.2,145.70 1 0
github.com/ericbutera/bike/strava-gateway/internal/storage/connections.go:146.3,147.1 1 0
github.com/ericbutera/bike/strava-gateway/internal/storage/connections.go:148.2,153.16 2 0
github.com/ericbutera/bike/strava-gateway/internal/storage/connections.go:154.3,155.1 1 0
github.com/ericbutera/bike/strava-gateway/internal/storage/connections.go:156.2,156.33 1 0
github.com/ericbutera/bike/strava-gateway/internal/storage/connections.go:157.3,158.1 1 0
github.com/ericbutera/bike/strava-gateway/internal/storage/connections.go:159.2,159.12 1 0
github.com/ericbutera/bike/strava-gateway/internal/storage/connections.go:163.2,167.35 4 0
github.com/ericbutera/bike/strava-gateway/internal/storage/connections.go:168.3,169.1 1 0
github.com/ericbutera/bike/strava-gateway/internal/storage/connections.go:170.2,170.18 1 0
github.com/ericbutera/bike/strava-gateway/internal/storage/connections.go:174.2,178.35 4 0
github.com/ericbutera/bike/strava-gateway/internal/storage/connections.go:179.3,180.1 1 0
github.com/ericbutera/bike/strava-gateway/internal/storage/connections.go:181.2,181.18 1 0
github.com/ericbutera/bike/strava-gateway/internal/storage/connections.go:185.2,186.16 2 0
github.com/ericbutera/bike/strava-gateway/internal/storage/connections.go:187.3,188.1 1 0
github.com/ericbutera/bike/strava-gateway/internal/storage/connections.go:189.2,193.16 3 0
github.com/ericbutera/bike/strava-gateway/internal/storage/connections.go:194.3,195.1 1 0
github.com/ericbutera/bike/strava-gateway/internal/storage/connections.go:196.2,196.33 1 0
github.com/ericbutera/bike/strava-gateway/internal/storage/connections.go:197.3,198.1 1 0
github.com/ericbutera/bike/strava-gateway/internal/storage/connections.go:199.2,201.84 1 0
github.com/ericbutera/bike/strava-gateway/internal/storage/connections.go:202.3,203.1 1 0
github.com/ericbutera/bike/strava-gateway/internal/storage/connections.go:204.2,204.23 1 0
github.com/ericbutera/bike/strava-gateway/internal/storage/inbox.go:25.2,28.16 4 0
github.com/ericbutera/bike/strava-gateway/internal/storage/inbox.go:29.3,30.1 1 0
github.com/ericbutera/bike/strava-gateway/internal/storage/inbox.go:31.2,38.35 4 0
github.com/ericbutera/bike/strava-gateway/internal/storage/inbox.go:39.3,40.1 1 0
github.com/ericbutera/bike/strava-gateway/internal/storage/inbox.go:41.2,41.16 1 0
github.com/ericbutera/bike/strava-gateway/internal/storage/inbox.go:42.3,43.1 1 0
github.com/ericbutera/bike/strava-gateway/internal/storage/inbox.go:44.2,47.16 2 0
github.com/ericbutera/bike/strava-gateway/internal/storage/inbox.go:48.3,49.1 1 0
github.com/ericbutera/bike/strava-gateway/internal/storage/inbox.go:50.2,51.18 2 0
github.com/ericbutera/bike/strava-gateway/internal/storage/inbox.go:52.3,53.44 2 0
github.com/ericbutera/bike/strava-gateway/internal/storage/inbox.go:54.4,56.1 2 0
github.com/ericbutera/bike/strava-gateway/internal/storage/inbox.go:57.3,57.21 1 0
github.com/ericbutera/bike/strava-gateway/internal/storage/inbox.go:59.2,59.35 1 0
github.com/ericbutera/bike/strava-gateway/internal/storage/inbox.go:60.3,62.1 2 0
github.com/ericbutera/bike/strava-gateway/internal/storage/inbox.go:63.2,64.39 2 0
github.com/ericbutera/bike/strava-gateway/internal/storage/inbox.go:65.3,66.1 1 0
github.com/ericbutera/bike/strava-gateway/internal/storage/inbox.go:67.2,67.26 1 0
github.com/ericbutera/bike/strava-gateway/internal/storage/inbox.go:68.3,68.37 1 0
github.com/ericbutera/bike/strava-gateway/internal/storage/inbox.go:69.4,70.1 1 0
github.com/ericbutera/bike/strava-gateway/internal/storage/inbox.go:72.2,72.18 1 0
github.com/ericbutera/bike/strava-gateway/internal/storage/inbox.go:76.2,76.17 1 0
github.com/ericbutera/bike/strava-gateway/internal/storage/inbox.go:77.3,78.1 1 0
github.com/ericbutera/bike/strava-gateway/internal/storage/inbox.go:79.2,79.15 1 0
github.com/ericbutera/bike/strava-gateway/internal/storage/jobs.go:32.2,50.63 3 0
github.com/ericbutera/bike/strava-gateway/internal/storage/jobs.go:51.3,52.1 1 0
github.com/ericbutera/bike/strava-gateway/internal/storage/jobs.go:53.2,56.19 4 0
github.com/ericbutera/bike/strava-gateway/internal/storage/jobs.go:68.2,81.35 4 0
github.com/ericbutera/bike/strava-gateway/internal/storage/jobs.go:82.3,83.1 1 0
github.com/ericbutera/bike/strava-gateway/internal/storage/jobs.go:84.2,84.16 1 0
github.com/ericbutera/bike/strava-gateway/internal/storage/jobs.go:85.3,86.1 1 0
github.com/ericbutera/bike/strava-gateway/internal/storage/jobs.go:87.2,87.56 1 0
github.com/ericbutera/bike/strava-gateway/internal/storage/jobs.go:88.3,89.1 1 0
github.com/ericbutera/bike/strava-gateway/internal/storage/jobs.go:90.2,90.18 1 0
github.com/ericbutera/bike/strava-gateway/internal/storage/jobs.go:100.2,100.82 1 0
github.com/ericbutera/bike/strava-gateway/internal/storage/jobs.go:101.3,102.1 1 0
github.com/ericbutera/bike/strava-gateway/internal/storage/jobs.go:103.2,104.16 2 0
github.com/ericbutera/bike/strava-gateway/internal/storage/jobs.go:105.3,106.1 1 0
github.com/ericbutera/bike/strava-gateway/internal/storage/jobs.go:107.2,109.21 3 0
github.com/ericbutera/bike/strava-gateway/internal/storage/jobs.go:110.3,110.111 1 0
github.com/ericbutera/bike/strava-gateway/internal/storage/jobs.go:111.4,112.1 1 0
github.com/ericbutera/bike/strava-gateway/internal/storage/jobs.go:113.3,117.84 1 0
github.com/ericbutera/bike/strava-gateway/internal/storage/jobs.go:118.4,119.1 1 0
github.com/ericbutera/bike/strava-gateway/internal/storage/jobs.go:120.3,120.26 1 0
github.com/ericbutera/bike/strava-gateway/internal/storage/jobs.go:121.9,121.34 1 0
github.com/ericbutera/bike/strava-gateway/internal/storage/jobs.go:122.3,123.1 1 0
github.com/ericbutera/bike/strava-gateway/internal/storage/jobs.go:124.2,126.124 1 0
github.com/ericbutera/bike/strava-gateway/internal/storage/jobs.go:127.3,128.1 1 0
github.com/ericbutera/bike/strava-gateway/internal/storage/jobs.go:129.2,131.16 2 0
github.com/ericbutera/bike/strava-gateway/internal/storage/jobs.go:132.3,133.1 1 0
github.com/ericbutera/bike/strava-gateway/internal/storage/jobs.go:134.2,134.33 1 0
github.com/ericbutera/bike/strava-gateway/internal/storage/jobs.go:135.3,136.1 1 0
github.com/ericbutera/bike/strava-gateway/internal/storage/jobs.go:137.2,137.23 1 0
github.com/ericbutera/bike/strava-gateway/internal/storage/jobs.go:141.2,142.37 2 0
github.com/ericbutera/bike/strava-gateway/internal/storage/jobs.go:143.3,144.1 1 0
github.com/ericbutera/bike/strava-gateway/internal/storage/jobs.go:145.2,148.12 2 0
github.com/ericbutera/bike/strava-gateway/internal/storage/jobs.go:152.2,154.1 2 0
github.com/ericbutera/bike/strava-gateway/internal/storage/jobs.go:157.2,158.16 2 0
github.com/ericbutera/bike/strava-gateway/internal/storage/jobs.go:159.3,160.1 1 0
github.com/ericbutera/bike/strava-gateway/internal/storage/jobs.go:161.2,163.109 2 0
github.com/ericbutera/bike/strava-gateway/internal/storage/jobs.go:164.3,165.1 1 0
github.com/ericbutera/bike/strava-gateway/internal/storage/jobs.go:166.2,167.96 1 0
github.com/ericbutera/bike/strava-gateway/internal/storage/jobs.go:168.3,169.1 1 0
github.com/ericbutera/bike/strava-gateway/internal/storage/jobs.go:170.2,170.23 1 0
github.com/ericbutera/bike/strava-gateway/internal/storage/jobs.go:187.2,206.35 6 0
github.com/ericbutera/bike/strava-gateway/internal/storage/jobs.go:207.3,208.1 1 0
github.com/ericbutera/bike/strava-gateway/internal/storage/jobs.go:209.2,209.16 1 0
github.com/ericbutera/bike/strava-gateway/internal/storage/jobs.go:210.3,211.1 1 0
github.com/ericbutera/bike/strava-gateway/internal/storage/jobs.go:212.2,212.56 1 0
github.com/ericbutera/bike/strava-gateway/internal/storage/jobs.go:213.3,214.1 1 0
github.com/ericbutera/bike/strava-gateway/internal/storage/jobs.go:215.2,215.47 1 0
github.com/ericbutera/bike/strava-gateway/internal/storage/jobs.go:216.3,217.1 1 0
github.com/ericbutera/bike/strava-gateway/internal/storage/jobs.go:218.2,218.18 1 0
github.com/ericbutera/bike/strava-gateway/internal/storage/jobs.go:222.2,225.16 2 0
github.com/ericbutera/bike/strava-gateway/internal/storage/jobs.go:226.3,227.1 1 0
github.com/ericbutera/bike/strava-gateway/internal/storage/jobs.go:228.2,228.33 1 0
github.com/ericbutera/bike/strava-gateway/internal/storage/jobs.go:229.3,230.1 1 0
github.com/ericbutera/bike/strava-gateway/internal/storage/jobs.go:231.2,231.12 1 0
github.com/ericbutera/bike/strava-gateway/internal/storage/jobs.go:235.2,236.37 2 0
github.com/ericbutera/bike/strava-gateway/internal/storage/jobs.go:237.3,238.1 1 0
github.com/ericbutera/bike/strava-gateway/internal/storage/jobs.go:239.2,242.12 2 0
github.com/ericbutera/bike/strava-gateway/internal/storage/jobs.go:249.2,249.51 1 0
github.com/ericbutera/bike/strava-gateway/internal/storage/jobs.go:250.3,251.1 1 0
github.com/ericbutera/bike/strava-gateway/internal/storage/jobs.go:252.2,253.16 2 0
github.com/ericbutera/bike/strava-gateway/internal/storage/jobs.go:254.3,255.1 1 0
github.com/ericbutera/bike/strava-gateway/internal/storage/jobs.go:256.2,259.65 2 0
github.com/ericbutera/bike/strava-gateway/internal/storage/jobs.go:260.3,261.1 1 0
github.com/ericbutera/bike/strava-gateway/internal/storage/jobs.go:262.2,265.16 2 0
github.com/ericbutera/bike/strava-gateway/internal/storage/jobs.go:266.3,267.1 1 0
github.com/ericbutera/bike/strava-gateway/internal/storage/jobs.go:268.2,268.33 1 0
github.com/ericbutera/bike/strava-gateway/internal/storage/jobs.go:269.3,270.1 1 0
github.com/ericbutera/bike/strava-gateway/internal/storage/jobs.go:271.2,271.23 1 0
github.com/ericbutera/bike/strava-gateway/internal/storage/migrations.go:20.2,21.16 2 0
github.com/ericbutera/bike/strava-gateway/internal/storage/migrations.go:22.3,23.1 1 0
github.com/ericbutera/bike/strava-gateway/internal/storage/migrations.go:24.2,24.15 1 0
github.com/ericbutera/bike/strava-gateway/internal/storage/migrations.go:24.17,24.53 1 0
github.com/ericbutera/bike/strava-gateway/internal/storage/migrations.go:25.2,26.16 2 0
github.com/ericbutera/bike/strava-gateway/internal/storage/migrations.go:27.3,28.1 1 0
github.com/ericbutera/bike/strava-gateway/internal/storage/migrations.go:29.2,31.16 2 0
github.com/ericbutera/bike/strava-gateway/internal/storage/migrations.go:32.3,33.1 1 0
github.com/ericbutera/bike/strava-gateway/internal/storage/migrations.go:34.2,35.12 2 0
github.com/ericbutera/bike/strava-gateway/internal/storage/oauth.go:22.2,22.62 1 0
github.com/ericbutera/bike/strava-gateway/internal/storage/oauth.go:23.3,24.1 1 0
github.com/ericbutera/bike/strava-gateway/internal/storage/oauth.go:25.2,28.12 2 0
github.com/ericbutera/bike/strava-gateway/internal/storage/oauth.go:34.2,35.17 2 0
github.com/ericbutera/bike/strava-gateway/internal/storage/oauth.go:36.3,37.1 1 0
github.com/ericbutera/bike/strava-gateway/internal/storage/oauth.go:38.2,41.35 2 0
github.com/ericbutera/bike/strava-gateway/internal/storage/oauth.go:42.3,43.1 1 0
github.com/ericbutera/bike/strava-gateway/internal/storage/oauth.go:44.2,44.18 1 0
github.com/ericbutera/bike/strava-gateway/internal/storage/oauth.go:50.2,52.1 2 0
github.com/ericbutera/bike/strava-gateway/internal/storage/operations.go:37.2,50.16 2 0
github.com/ericbutera/bike/strava-gateway/internal/storage/operations.go:51.3,52.1 1 0
github.com/ericbutera/bike/strava-gateway/internal/storage/operations.go:53.2,55.18 3 0
github.com/ericbutera/bike/strava-gateway/internal/storage/operations.go:56.3,58.125 2 0
github.com/ericbutera/bike/strava-gateway/internal/storage/operations.go:59.4,60.1 1 0
github.com/ericbutera/bike/strava-gateway/internal/storage/operations.go:61.3,61.30 1 0
github.com/ericbutera/bike/strava-gateway/internal/storage/operations.go:63.2,63.26 1 0
github.com/ericbutera/bike/strava-gateway/internal/storage/operations.go:67.2,72.16 2 0
github.com/ericbutera/bike/strava-gateway/internal/storage/operations.go:73.3,74.1 1 0
github.com/ericbutera/bike/strava-gateway/internal/storage/operations.go:75.2,77.18 3 0
github.com/ericbutera/bike/strava-gateway/internal/storage/operations.go:78.3,79.74 2 0
github.com/ericbutera/bike/strava-gateway/internal/storage/operations.go:80.4,81.1 1 0
github.com/ericbutera/bike/strava-gateway/internal/storage/operations.go:82.3,82.32 1 0
github.com/ericbutera/bike/strava-gateway/internal/storage/operations.go:84.2,84.27 1 0
github.com/ericbutera/bike/strava-gateway/internal/storage/operations.go:88.2,88.13 1 0
github.com/ericbutera/bike/strava-gateway/internal/storage/operations.go:89.3,90.1 1 0
github.com/ericbutera/bike/strava-gateway/internal/storage/operations.go:91.2,92.14 2 0
github.com/ericbutera/bike/strava-gateway/internal/storage/operations.go:94.3,96.34 1 0
github.com/ericbutera/bike/strava-gateway/internal/storage/operations.go:98.3,100.52 1 0
github.com/ericbutera/bike/strava-gateway/internal/storage/operations.go:102.3,104.52 1 0
github.com/ericbutera/bike/strava-gateway/internal/storage/operations.go:106.3,106.49 1 0
github.com/ericbutera/bike/strava-gateway/internal/storage/operations.go:108.2,109.16 2 0
github.com/ericbutera/bike/strava-gateway/internal/storage/operations.go:110.3,111.1 1 0
github.com/ericbutera/bike/strava-gateway/internal/storage/operations.go:112.2,112.33 1 0
github.com/ericbutera/bike/strava-gateway/internal/storage/operations.go:113.3,114.1 1 0
github.com/ericbutera/bike/strava-gateway/internal/storage/operations.go:115.2,115.12 1 0
github.com/ericbutera/bike/strava-gateway/internal/storage/quota.go:45.2,48.1 3 6
github.com/ericbutera/bike/strava-gateway/internal/storage/quota.go:49.2,50.31 3 6
github.com/ericbutera/bike/strava-gateway/internal/storage/quota.go:51.3,52.46 2 21
github.com/ericbutera/bike/strava-gateway/internal/storage/quota.go:53.4,53.12 1 12
github.com/ericbutera/bike/strava-gateway/internal/storage/quota.go:56.3,57.31 2 9
github.com/ericbutera/bike/strava-gateway/internal/storage/quota.go:58.4,59.1 1 3
github.com/ericbutera/bike/strava-gateway/internal/storage/quota.go:60.3,60.24 1 6
github.com/ericbutera/bike/strava-gateway/internal/storage/quota.go:63.2,63.20 1 3
github.com/ericbutera/bike/strava-gateway/internal/storage/quota.go:67.2,68.16 2 0
github.com/ericbutera/bike/strava-gateway/internal/storage/quota.go:69.3,70.1 1 0
github.com/ericbutera/bike/strava-gateway/internal/storage/quota.go:71.2,73.18 3 0
github.com/ericbutera/bike/strava-gateway/internal/storage/quota.go:74.3,75.105 2 0
github.com/ericbutera/bike/strava-gateway/internal/storage/quota.go:76.4,77.1 1 0
github.com/ericbutera/bike/strava-gateway/internal/storage/quota.go:78.3,78.42 1 0
github.com/ericbutera/bike/strava-gateway/internal/storage/quota.go:80.2,80.30 1 0
github.com/ericbutera/bike/strava-gateway/internal/storage/quota.go:84.2,86.16 2 0
github.com/ericbutera/bike/strava-gateway/internal/storage/quota.go:87.3,88.1 1 0
github.com/ericbutera/bike/strava-gateway/internal/storage/quota.go:89.2,91.18 3 0
github.com/ericbutera/bike/strava-gateway/internal/storage/quota.go:92.3,93.44 2 0
github.com/ericbutera/bike/strava-gateway/internal/storage/quota.go:94.4,95.1 1 0
github.com/ericbutera/bike/strava-gateway/internal/storage/quota.go:96.3,96.36 1 0
github.com/ericbutera/bike/strava-gateway/internal/storage/quota.go:98.2,98.28 1 0
github.com/ericbutera/bike/strava-gateway/internal/storage/quota.go:102.2,103.22 2 3
github.com/ericbutera/bike/strava-gateway/internal/storage/quota.go:104.3,105.1 1 0
github.com/ericbutera/bike/strava-gateway/internal/storage/quota.go:106.2,108.28 3 3
github.com/ericbutera/bike/strava-gateway/internal/storage/quota.go:109.3,109.25 1 12
github.com/ericbutera/bike/strava-gateway/internal/storage/quota.go:110.4,111.1 1 6
github.com/ericbutera/bike/strava-gateway/internal/storage/quota.go:113.2,120.1 3 3
github.com/ericbutera/bike/strava-gateway/internal/storage/quota.go:126.2,127.16 2 0
github.com/ericbutera/bike/strava-gateway/internal/storage/quota.go:128.3,129.1 1 0
github.com/ericbutera/bike/strava-gateway/internal/storage/quota.go:130.2,133.22 4 0
github.com/ericbutera/bike/strava-gateway/internal/storage/quota.go:134.3,135.1 1 0
github.com/ericbutera/bike/strava-gateway/internal/storage/quota.go:136.2,137.31 2 0
github.com/ericbutera/bike/strava-gateway/internal/storage/quota.go:138.3,139.103 1 0
github.com/ericbutera/bike/strava-gateway/internal/storage/quota.go:140.4,141.1 1 0
github.com/ericbutera/bike/strava-gateway/internal/storage/quota.go:142.3,145.84 3 0
github.com/ericbutera/bike/strava-gateway/internal/storage/quota.go:146.4,147.1 1 0
github.com/ericbutera/bike/strava-gateway/internal/storage/quota.go:148.3,148.24 1 0
github.com/ericbutera/bike/strava-gateway/internal/storage/quota.go:149.4,150.1 1 0
github.com/ericbutera/bike/strava-gateway/internal/storage/quota.go:151.3,151.44 1 0
github.com/ericbutera/bike/strava-gateway/internal/storage/quota.go:152.4,153.1 1 0
github.com/ericbutera/bike/strava-gateway/internal/storage/quota.go:154.3,156.40 1 0
github.com/ericbutera/bike/strava-gateway/internal/storage/quota.go:157.4,158.1 1 0
github.com/ericbutera/bike/strava-gateway/internal/storage/quota.go:160.2,160.23 1 0
github.com/ericbutera/bike/strava-gateway/internal/storage/quota.go:161.3,161.40 1 0
github.com/ericbutera/bike/strava-gateway/internal/storage/quota.go:162.4,163.1 1 0
github.com/ericbutera/bike/strava-gateway/internal/storage/quota.go:164.3,164.22 1 0
github.com/ericbutera/bike/strava-gateway/internal/storage/quota.go:166.2,166.31 1 0
github.com/ericbutera/bike/strava-gateway/internal/storage/quota.go:167.3,168.62 1 0
github.com/ericbutera/bike/strava-gateway/internal/storage/quota.go:169.4,170.1 1 0
github.com/ericbutera/bike/strava-gateway/internal/storage/quota.go:172.2,172.36 1 0
github.com/ericbutera/bike/strava-gateway/internal/storage/quota.go:176.2,181.35 6 0
github.com/ericbutera/bike/strava-gateway/internal/storage/quota.go:182.3,183.43 2 0
github.com/ericbutera/bike/strava-gateway/internal/storage/quota.go:184.4,185.1 1 0
github.com/ericbutera/bike/strava-gateway/internal/storage/quota.go:186.3,187.29 2 0
github.com/ericbutera/bike/strava-gateway/internal/storage/quota.go:188.4,188.12 1 0
github.com/ericbutera/bike/strava-gateway/internal/storage/quota.go:190.3,192.58 1 0
github.com/ericbutera/bike/strava-gateway/internal/storage/quota.go:193.4,194.1 1 0
github.com/ericbutera/bike/strava-gateway/internal/storage/quota.go:196.2,196.12 1 0
github.com/ericbutera/bike/strava-gateway/internal/storage/quota.go:200.2,201.21 2 0
github.com/ericbutera/bike/strava-gateway/internal/storage/quota.go:202.3,203.1 1 0
github.com/ericbutera/bike/strava-gateway/internal/storage/quota.go:204.2,205.33 2 0
github.com/ericbutera/bike/strava-gateway/internal/storage/quota.go:206.3,207.17 2 0
github.com/ericbutera/bike/strava-gateway/internal/storage/quota.go:208.4,209.1 1 0
github.com/ericbutera/bike/strava-gateway/internal/storage/quota.go:210.3,210.25 1 0
github.com/ericbutera/bike/strava-gateway/internal/storage/quota.go:212.2,212.15 1 0
github.com/ericbutera/bike/strava-gateway/internal/storage/quota.go:216.2,217.16 2 0
github.com/ericbutera/bike/strava-gateway/internal/storage/quota.go:218.3,219.1 1 0
github.com/ericbutera/bike/strava-gateway/internal/storage/quota.go:220.2,222.18 3 0
github.com/ericbutera/bike/strava-gateway/internal/storage/quota.go:223.3,225.57 3 0
github.com/ericbutera/bike/strava-gateway/internal/storage/quota.go:226.4,227.1 1 0
github.com/ericbutera/bike/strava-gateway/internal/storage/quota.go:228.3,228.55 1 0
github.com/ericbutera/bike/strava-gateway/internal/storage/quota.go:230.2,230.55 1 0
github.com/ericbutera/bike/strava-gateway/internal/storage/sync.go:22.2,25.1 3 0
github.com/ericbutera/bike/strava-gateway/internal/storage/sync.go:44.2,57.16 2 0
github.com/ericbutera/bike/strava-gateway/internal/storage/sync.go:58.3,59.1 1 0
github.com/ericbutera/bike/strava-gateway/internal/storage/sync.go:60.2,60.36 1 0
github.com/ericbutera/bike/strava-gateway/internal/storage/sync.go:64.2,64.66 1 0
github.com/ericbutera/bike/strava-gateway/internal/storage/sync.go:65.3,66.1 1 0
github.com/ericbutera/bike/strava-gateway/internal/storage/sync.go:67.2,75.12 5 0
github.com/ericbutera/bike/strava-gateway/internal/storage/sync.go:79.2,79.48 1 2
github.com/ericbutera/bike/strava-gateway/internal/storage/sync.go:80.3,81.1 1 2
github.com/ericbutera/bike/strava-gateway/internal/storage/sync.go:82.2,82.10 1 0
github.com/ericbutera/bike/strava-gateway/internal/storage/sync.go:92.2,98.35 5 0
github.com/ericbutera/bike/strava-gateway/internal/storage/sync.go:99.3,100.1 1 0
github.com/ericbutera/bike/strava-gateway/internal/storage/sync.go:101.2,101.68 1 0
github.com/ericbutera/bike/strava-gateway/internal/storage/sync.go:102.3,103.1 1 0
github.com/ericbutera/bike/strava-gateway/internal/storage/sync.go:104.2,104.20 1 0
github.com/ericbutera/bike/strava-gateway/internal/storage/sync.go:108.2,109.16 2 0
github.com/ericbutera/bike/strava-gateway/internal/storage/sync.go:110.3,111.1 1 0
github.com/ericbutera/bike/strava-gateway/internal/storage/sync.go:112.2,127.35 4 0
github.com/ericbutera/bike/strava-gateway/internal/storage/sync.go:128.3,129.1 1 0
github.com/ericbutera/bike/strava-gateway/internal/storage/sync.go:130.2,130.16 1 0
github.com/ericbutera/bike/strava-gateway/internal/storage/sync.go:131.3,132.1 1 0
github.com/ericbutera/bike/strava-gateway/internal/storage/sync.go:133.2,133.29 1 0
github.com/ericbutera/bike/strava-gateway/internal/storage/sync.go:134.3,136.120 1 0
github.com/ericbutera/bike/strava-gateway/internal/storage/sync.go:137.4,138.1 1 0
github.com/ericbutera/bike/strava-gateway/internal/storage/sync.go:139.3,140.62 1 0
github.com/ericbutera/bike/strava-gateway/internal/storage/sync.go:141.4,142.1 1 0
github.com/ericbutera/bike/strava-gateway/internal/storage/sync.go:144.2,144.39 1 0
github.com/ericbutera/bike/strava-gateway/internal/storage/sync.go:145.3,146.1 1 0
github.com/ericbutera/bike/strava-gateway/internal/storage/sync.go:147.2,147.18 1 0
github.com/ericbutera/bike/strava-gateway/internal/storage/sync.go:151.2,154.16 4 0
github.com/ericbutera/bike/strava-gateway/internal/storage/sync.go:155.3,156.1 1 0
github.com/ericbutera/bike/strava-gateway/internal/storage/sync.go:157.2,158.25 2 0
github.com/ericbutera/bike/strava-gateway/internal/storage/sync.go:159.3,162.1 3 0
github.com/ericbutera/bike/strava-gateway/internal/storage/sync.go:163.3,164.17 3 0
github.com/ericbutera/bike/strava-gateway/internal/storage/sync.go:165.4,166.1 1 0
github.com/ericbutera/bike/strava-gateway/internal/storage/sync.go:167.3,174.142 3 0
github.com/ericbutera/bike/strava-gateway/internal/storage/sync.go:175.4,176.1 1 0
github.com/ericbutera/bike/strava-gateway/internal/storage/sync.go:177.3,179.80 1 0
github.com/ericbutera/bike/strava-gateway/internal/storage/sync.go:180.4,181.1 1 0
github.com/ericbutera/bike/strava-gateway/internal/storage/sync.go:183.2,184.20 2 0
github.com/ericbutera/bike/strava-gateway/internal/storage/sync.go:185.3,186.1 1 0
github.com/ericbutera/bike/strava-gateway/internal/storage/sync.go:187.2,190.16 2 0
github.com/ericbutera/bike/strava-gateway/internal/storage/sync.go:191.3,192.1 1 0
github.com/ericbutera/bike/strava-gateway/internal/storage/sync.go:193.2,193.33 1 0
github.com/ericbutera/bike/strava-gateway/internal/storage/sync.go:194.3,195.1 1 0
github.com/ericbutera/bike/strava-gateway/internal/storage/sync.go:196.2,196.23 1 0
github.com/ericbutera/bike/strava-gateway/internal/storage/sync.go:200.2,201.24 2 0
github.com/ericbutera/bike/strava-gateway/internal/storage/sync.go:202.3,203.1 1 0
github.com/ericbutera/bike/strava-gateway/internal/storage/sync.go:204.2,205.16 2 0
github.com/ericbutera/bike/strava-gateway/internal/storage/sync.go:206.3,207.1 1 0
github.com/ericbutera/bike/strava-gateway/internal/storage/sync.go:208.2,212.16 3 0
github.com/ericbutera/bike/strava-gateway/internal/storage/sync.go:213.3,214.1 1 0
github.com/ericbutera/bike/strava-gateway/internal/storage/sync.go:215.2,215.33 1 0
github.com/ericbutera/bike/strava-gateway/internal/storage/sync.go:216.3,217.1 1 0
github.com/ericbutera/bike/strava-gateway/internal/storage/sync.go:218.2,218.47 1 0
github.com/ericbutera/bike/strava-gateway/internal/storage/sync.go:219.3,221.115 1 0
github.com/ericbutera/bike/strava-gateway/internal/storage/sync.go:222.4,223.1 1 0
github.com/ericbutera/bike/strava-gateway/internal/storage/sync.go:225.2,225.23 1 0
github.com/ericbutera/bike/strava-gateway/internal/storage/sync.go:229.2,233.1 2 0
github.com/ericbutera/bike/strava-gateway/internal/storage/transaction.go:13.2,15.84 3 0
github.com/ericbutera/bike/strava-gateway/internal/storage/transaction.go:16.3,17.1 1 0
github.com/ericbutera/bike/strava-gateway/internal/webhook/webhook.go:34.2,34.113 1 0
github.com/ericbutera/bike/strava-gateway/internal/webhook/webhook.go:35.3,36.1 1 0
github.com/ericbutera/bike/strava-gateway/internal/webhook/webhook.go:37.2,37.69 1 0
github.com/ericbutera/bike/strava-gateway/internal/webhook/webhook.go:38.3,39.1 1 0
github.com/ericbutera/bike/strava-gateway/internal/webhook/webhook.go:40.2,40.101 1 0
github.com/ericbutera/bike/strava-gateway/internal/webhook/webhook.go:46.2,49.1 3 0
github.com/ericbutera/bike/strava-gateway/internal/webhook/webhook.go:66.2,69.1 3 0
github.com/ericbutera/bike/strava-gateway/internal/webhook/webhook.go:72.2,72.18 1 0
github.com/ericbutera/bike/strava-gateway/internal/webhook/webhook.go:74.3,74.23 1 0
github.com/ericbutera/bike/strava-gateway/internal/webhook/webhook.go:76.3,76.24 1 0
github.com/ericbutera/bike/strava-gateway/internal/webhook/webhook.go:78.3,79.96 2 0
github.com/ericbutera/bike/strava-gateway/internal/webhook/webhook.go:84.2,88.43 3 0
github.com/ericbutera/bike/strava-gateway/internal/webhook/webhook.go:89.3,91.1 2 0
github.com/ericbutera/bike/strava-gateway/internal/webhook/webhook.go:92.2,93.78 2 0
github.com/ericbutera/bike/strava-gateway/internal/webhook/webhook.go:97.2,98.15 2 0
github.com/ericbutera/bike/strava-gateway/internal/webhook/webhook.go:99.3,99.29 1 0
github.com/ericbutera/bike/strava-gateway/internal/webhook/webhook.go:100.4,101.1 1 0
github.com/ericbutera/bike/strava-gateway/internal/webhook/webhook.go:103.2,103.57 1 0
github.com/ericbutera/bike/strava-gateway/internal/webhook/webhook.go:104.3,107.1 3 0
github.com/ericbutera/bike/strava-gateway/internal/webhook/webhook.go:108.2,108.74 1 0
github.com/ericbutera/bike/strava-gateway/internal/webhook/webhook.go:109.3,111.1 2 0
github.com/ericbutera/bike/strava-gateway/internal/webhook/webhook.go:112.2,113.16 2 0
github.com/ericbutera/bike/strava-gateway/internal/webhook/webhook.go:114.3,117.1 3 0
github.com/ericbutera/bike/strava-gateway/internal/webhook/webhook.go:118.2,118.71 1 0
github.com/ericbutera/bike/strava-gateway/internal/webhook/webhook.go:119.3,122.1 3 0
github.com/ericbutera/bike/strava-gateway/internal/webhook/webhook.go:123.2,124.53 2 0
github.com/ericbutera/bike/strava-gateway/internal/webhook/webhook.go:125.3,128.1 3 0
github.com/ericbutera/bike/strava-gateway/internal/webhook/webhook.go:129.2,129.42 1 0
github.com/ericbutera/bike/strava-gateway/internal/webhook/webhook.go:130.3,132.53 3 0
github.com/ericbutera/bike/strava-gateway/internal/webhook/webhook.go:133.4,134.1 1 0
github.com/ericbutera/bike/strava-gateway/internal/webhook/webhook.go:135.3,136.9 2 0
github.com/ericbutera/bike/strava-gateway/internal/webhook/webhook.go:138.2,141.16 4 0
github.com/ericbutera/bike/strava-gateway/internal/webhook/webhook.go:142.3,145.1 3 0
github.com/ericbutera/bike/strava-gateway/internal/webhook/webhook.go:146.2,146.14 1 0
github.com/ericbutera/bike/strava-gateway/internal/webhook/webhook.go:147.3,148.1 1 0
github.com/ericbutera/bike/strava-gateway/internal/webhook/webhook.go:149.3,150.1 1 0
github.com/ericbutera/bike/strava-gateway/internal/webhook/webhook.go:151.2,156.46 3 0
github.com/ericbutera/bike/strava-gateway/internal/webhook/webhook.go:160.2,162.46 3 0
github.com/ericbutera/bike/strava-gateway/internal/webhook/webhook.go:163.3,164.1 1 0
github.com/ericbutera/bike/strava-gateway/internal/webhook/webhook.go:167.2,172.32 2 0
github.com/ericbutera/bike/strava-gateway/internal/webhook/webhook.go:178.2,178.49 1 0
github.com/ericbutera/bike/strava-gateway/internal/webhook/webhook.go:179.3,180.1 1 0
github.com/ericbutera/bike/strava-gateway/internal/webhook/webhook.go:181.2,182.50 2 0
github.com/ericbutera/bike/strava-gateway/internal/webhook/webhook.go:183.3,184.30 2 0
github.com/ericbutera/bike/strava-gateway/internal/webhook/webhook.go:185.4,186.1 1 0
github.com/ericbutera/bike/strava-gateway/internal/webhook/webhook.go:187.3,187.21 1 0
github.com/ericbutera/bike/strava-gateway/internal/webhook/webhook.go:189.2,190.42 2 0
github.com/ericbutera/bike/strava-gateway/internal/webhook/webhook.go:191.3,192.1 1 0
github.com/ericbutera/bike/strava-gateway/internal/webhook/webhook.go:193.2,194.24 2 0
github.com/ericbutera/bike/strava-gateway/internal/webhook/webhook.go:195.3,196.1 1 0
github.com/ericbutera/bike/strava-gateway/internal/webhook/webhook.go:197.2,197.66 1 0
github.com/ericbutera/bike/strava-gateway/internal/webhook/webhook.go:198.3,199.1 1 0
github.com/ericbutera/bike/strava-gateway/internal/webhook/webhook.go:200.2,201.16 2 0
github.com/ericbutera/bike/strava-gateway/internal/webhook/webhook.go:202.3,203.1 1 0
github.com/ericbutera/bike/strava-gateway/internal/webhook/webhook.go:204.2,207.43 4 0
github.com/ericbutera/bike/strava-gateway/internal/webhook/webhook.go:213.2,213.121 1 0
github.com/ericbutera/bike/strava-gateway/internal/webhook/webhook.go:214.3,215.1 1 0
github.com/ericbutera/bike/strava-gateway/internal/webhook/webhook.go:216.2,216.12 1 0
github.com/ericbutera/bike/strava-gateway/internal/worker/artifacts.go:18.2,19.100 2 0
github.com/ericbutera/bike/strava-gateway/internal/worker/artifacts.go:20.3,20.21 1 0
github.com/ericbutera/bike/strava-gateway/internal/worker/artifacts.go:21.4,22.1 1 0
github.com/ericbutera/bike/strava-gateway/internal/worker/artifacts.go:23.3,23.20 1 0
github.com/ericbutera/bike/strava-gateway/internal/worker/artifacts.go:24.4,25.1 1 0
github.com/ericbutera/bike/strava-gateway/internal/worker/artifacts.go:26.3,27.17 2 0
github.com/ericbutera/bike/strava-gateway/internal/worker/artifacts.go:28.4,29.1 1 0
github.com/ericbutera/bike/strava-gateway/internal/worker/artifacts.go:30.3,31.13 2 0
github.com/ericbutera/bike/strava-gateway/internal/worker/artifacts.go:33.2,33.24 1 0
github.com/ericbutera/bike/strava-gateway/internal/worker/artifacts.go:34.3,35.1 1 0
github.com/ericbutera/bike/strava-gateway/internal/worker/artifacts.go:36.2,36.19 1 0
github.com/ericbutera/bike/strava-gateway/internal/worker/artifacts.go:43.2,44.86 2 0
github.com/ericbutera/bike/strava-gateway/internal/worker/artifacts.go:45.3,46.1 1 0
github.com/ericbutera/bike/strava-gateway/internal/worker/artifacts.go:47.2,49.16 3 0
github.com/ericbutera/bike/strava-gateway/internal/worker/artifacts.go:50.3,51.1 1 0
github.com/ericbutera/bike/strava-gateway/internal/worker/artifacts.go:52.2,52.103 1 0
github.com/ericbutera/bike/strava-gateway/internal/worker/artifacts.go:56.2,58.1 2 0
github.com/ericbutera/bike/strava-gateway/internal/worker/artifacts.go:61.2,61.20 1 0
github.com/ericbutera/bike/strava-gateway/internal/worker/artifacts.go:62.3,63.1 1 0
github.com/ericbutera/bike/strava-gateway/internal/worker/artifacts.go:64.2,68.70 5 0
github.com/ericbutera/bike/strava-gateway/internal/worker/artifacts.go:69.3,70.1 1 0
github.com/ericbutera/bike/strava-gateway/internal/worker/artifacts.go:71.2,71.59 1 0
github.com/ericbutera/bike/strava-gateway/internal/worker/artifacts.go:72.3,72.33 1 0
github.com/ericbutera/bike/strava-gateway/internal/worker/artifacts.go:73.4,74.27 2 0
github.com/ericbutera/bike/strava-gateway/internal/worker/artifacts.go:75.5,76.1 1 0
github.com/ericbutera/bike/strava-gateway/internal/worker/artifacts.go:78.9,78.44 1 0
github.com/ericbutera/bike/strava-gateway/internal/worker/artifacts.go:79.3,80.1 1 0
github.com/ericbutera/bike/strava-gateway/internal/worker/artifacts.go:81.2,82.16 2 0
github.com/ericbutera/bike/strava-gateway/internal/worker/artifacts.go:83.3,84.1 1 0
github.com/ericbutera/bike/strava-gateway/internal/worker/artifacts.go:85.2,86.15 2 0
github.com/ericbutera/bike/strava-gateway/internal/worker/artifacts.go:87.3,87.97 1 0
github.com/ericbutera/bike/strava-gateway/internal/worker/artifacts.go:88.4,89.1 1 0
github.com/ericbutera/bike/strava-gateway/internal/worker/artifacts.go:91.2,91.42 1 0
github.com/ericbutera/bike/strava-gateway/internal/worker/artifacts.go:92.3,93.1 1 0
github.com/ericbutera/bike/strava-gateway/internal/worker/artifacts.go:94.2,94.44 1 0
github.com/ericbutera/bike/strava-gateway/internal/worker/artifacts.go:95.3,96.1 1 0
github.com/ericbutera/bike/strava-gateway/internal/worker/artifacts.go:97.2,97.36 1 0
github.com/ericbutera/bike/strava-gateway/internal/worker/artifacts.go:98.3,99.1 1 0
github.com/ericbutera/bike/strava-gateway/internal/worker/artifacts.go:100.2,100.37 1 0
github.com/ericbutera/bike/strava-gateway/internal/worker/artifacts.go:101.3,102.1 1 0
github.com/ericbutera/bike/strava-gateway/internal/worker/artifacts.go:103.2,103.53 1 0
github.com/ericbutera/bike/strava-gateway/internal/worker/artifacts.go:104.3,105.1 1 0
github.com/ericbutera/bike/strava-gateway/internal/worker/artifacts.go:106.2,106.103 1 0
github.com/ericbutera/bike/strava-gateway/internal/worker/artifacts.go:110.2,110.104 1 0
github.com/ericbutera/bike/strava-gateway/internal/worker/artifacts.go:111.3,112.1 1 0
github.com/ericbutera/bike/strava-gateway/internal/worker/artifacts.go:113.2,114.16 2 0
github.com/ericbutera/bike/strava-gateway/internal/worker/artifacts.go:115.3,116.1 1 0
github.com/ericbutera/bike/strava-gateway/internal/worker/artifacts.go:117.2,118.85 2 0
github.com/ericbutera/bike/strava-gateway/internal/worker/artifacts.go:119.3,120.1 1 0
github.com/ericbutera/bike/strava-gateway/internal/worker/artifacts.go:121.2,121.18 1 0
github.com/ericbutera/bike/strava-gateway/internal/worker/delivery.go:47.43,47.62 1 0
github.com/ericbutera/bike/strava-gateway/internal/worker/delivery.go:50.2,51.56 2 0
github.com/ericbutera/bike/strava-gateway/internal/worker/delivery.go:52.3,53.1 1 0
github.com/ericbutera/bike/strava-gateway/internal/worker/delivery.go:54.2,59.1 3 0
github.com/ericbutera/bike/strava-gateway/internal/worker/delivery.go:60.2,60.31 3 0
github.com/ericbutera/bike/strava-gateway/internal/worker/delivery.go:61.3,61.26 1 0
github.com/ericbutera/bike/strava-gateway/internal/worker/delivery.go:62.4,63.1 1 0
github.com/ericbutera/bike/strava-gateway/internal/worker/delivery.go:64.3,65.17 2 0
github.com/ericbutera/bike/strava-gateway/internal/worker/delivery.go:66.4,67.1 1 0
github.com/ericbutera/bike/strava-gateway/internal/worker/delivery.go:68.3,69.29 2 0
github.com/ericbutera/bike/strava-gateway/internal/worker/delivery.go:71.2,72.16 2 0
github.com/ericbutera/bike/strava-gateway/internal/worker/delivery.go:73.3,74.1 1 0
github.com/ericbutera/bike/strava-gateway/internal/worker/delivery.go:75.2,80.16 6 0
github.com/ericbutera/bike/strava-gateway/internal/worker/delivery.go:81.3,82.1 1 0
github.com/ericbutera/bike/strava-gateway/internal/worker/delivery.go:83.2,88.23 6 0
github.com/ericbutera/bike/strava-gateway/internal/worker/delivery.go:89.3,90.1 1 0
github.com/ericbutera/bike/strava-gateway/internal/worker/delivery.go:91.2,92.16 2 0
github.com/ericbutera/bike/strava-gateway/internal/worker/delivery.go:93.3,94.1 1 0
github.com/ericbutera/bike/strava-gateway/internal/worker/delivery.go:95.2,95.15 1 0
github.com/ericbutera/bike/strava-gateway/internal/worker/delivery.go:95.17,95.64 1 0
github.com/ericbutera/bike/strava-gateway/internal/worker/delivery.go:96.2,96.84 1 0
github.com/ericbutera/bike/strava-gateway/internal/worker/delivery.go:97.3,98.1 1 0
github.com/ericbutera/bike/strava-gateway/internal/worker/delivery.go:99.2,99.88 1 0
github.com/ericbutera/bike/strava-gateway/internal/worker/delivery.go:100.3,101.1 1 0
github.com/ericbutera/bike/strava-gateway/internal/worker/delivery.go:102.2,103.88 1 0
github.com/ericbutera/bike/strava-gateway/internal/worker/failures.go:19.49,19.73 1 0
github.com/ericbutera/bike/strava-gateway/internal/worker/failures.go:20.49,20.65 1 0
github.com/ericbutera/bike/strava-gateway/internal/worker/failures.go:23.2,27.16 2 0
github.com/ericbutera/bike/strava-gateway/internal/worker/failures.go:28.3,29.1 1 0
github.com/ericbutera/bike/strava-gateway/internal/worker/failures.go:30.2,31.16 2 0
github.com/ericbutera/bike/strava-gateway/internal/worker/failures.go:32.3,32.28 1 0
github.com/ericbutera/bike/strava-gateway/internal/worker/failures.go:33.4,34.1 1 0
github.com/ericbutera/bike/strava-gateway/internal/worker/failures.go:35.3,35.136 1 0
github.com/ericbutera/bike/strava-gateway/internal/worker/failures.go:37.2,37.38 1 0
github.com/ericbutera/bike/strava-gateway/internal/worker/failures.go:38.3,39.1 1 0
github.com/ericbutera/bike/strava-gateway/internal/worker/failures.go:40.2,41.57 1 0
github.com/ericbutera/bike/strava-gateway/internal/worker/worker.go:35.47,35.71 1 0
github.com/ericbutera/bike/strava-gateway/internal/worker/worker.go:37.47,37.63 1 0
github.com/ericbutera/bike/strava-gateway/internal/worker/worker.go:49.2,50.30 2 0
github.com/ericbutera/bike/strava-gateway/internal/worker/worker.go:51.3,52.1 1 0
github.com/ericbutera/bike/strava-gateway/internal/worker/worker.go:53.2,53.23 1 0
github.com/ericbutera/bike/strava-gateway/internal/worker/worker.go:55.3,55.16 1 0
github.com/ericbutera/bike/strava-gateway/internal/worker/worker.go:56.4,57.1 1 0
github.com/ericbutera/bike/strava-gateway/internal/worker/worker.go:58.3,58.32 1 0
github.com/ericbutera/bike/strava-gateway/internal/worker/worker.go:60.3,60.31 1 0
github.com/ericbutera/bike/strava-gateway/internal/worker/worker.go:62.3,62.30 1 0
github.com/ericbutera/bike/strava-gateway/internal/worker/worker.go:67.2,67.40 1 0
github.com/ericbutera/bike/strava-gateway/internal/worker/worker.go:68.3,70.1 2 0
github.com/ericbutera/bike/strava-gateway/internal/worker/worker.go:71.2,71.22 1 0
github.com/ericbutera/bike/strava-gateway/internal/worker/worker.go:75.2,77.23 3 0
github.com/ericbutera/bike/strava-gateway/internal/worker/worker.go:78.3,78.73 1 0
github.com/ericbutera/bike/strava-gateway/internal/worker/worker.go:79.4,81.1 2 0
github.com/ericbutera/bike/strava-gateway/internal/worker/worker.go:82.3,82.78 1 0
github.com/ericbutera/bike/strava-gateway/internal/worker/worker.go:83.4,84.18 2 0
github.com/ericbutera/bike/strava-gateway/internal/worker/worker.go:85.5,86.1 1 0
github.com/ericbutera/bike/strava-gateway/internal/worker/worker.go:87.4,87.17 1 0
github.com/ericbutera/bike/strava-gateway/internal/worker/worker.go:88.5,89.1 1 0
github.com/ericbutera/bike/strava-gateway/internal/worker/worker.go:90.4,90.35 1 0
github.com/ericbutera/bike/strava-gateway/internal/worker/worker.go:92.3,93.17 2 0
github.com/ericbutera/bike/strava-gateway/internal/worker/worker.go:94.4,95.1 1 0
github.com/ericbutera/bike/strava-gateway/internal/worker/worker.go:96.3,96.14 1 0
github.com/ericbutera/bike/strava-gateway/internal/worker/worker.go:97.4,97.12 1 0
github.com/ericbutera/bike/strava-gateway/internal/worker/worker.go:99.3,100.10 2 0
github.com/ericbutera/bike/strava-gateway/internal/worker/worker.go:102.4,103.14 2 0
github.com/ericbutera/bike/strava-gateway/internal/worker/worker.go:104.18,104.18 0 0
github.com/ericbutera/bike/strava-gateway/internal/worker/worker.go:107.2,107.12 1 0
github.com/ericbutera/bike/strava-gateway/internal/worker/worker.go:111.2,112.16 2 0
github.com/ericbutera/bike/strava-gateway/internal/worker/worker.go:113.3,114.1 1 0
github.com/ericbutera/bike/strava-gateway/internal/worker/worker.go:115.2,115.18 1 0
github.com/ericbutera/bike/strava-gateway/internal/worker/worker.go:116.3,122.65 4 0
github.com/ericbutera/bike/strava-gateway/internal/worker/worker.go:123.4,127.128 5 0
github.com/ericbutera/bike/strava-gateway/internal/worker/worker.go:128.5,131.1 3 0
github.com/ericbutera/bike/strava-gateway/internal/worker/worker.go:132.4,133.41 2 0
github.com/ericbutera/bike/strava-gateway/internal/worker/worker.go:134.5,135.1 1 0
github.com/ericbutera/bike/strava-gateway/internal/worker/worker.go:136.4,137.67 2 0
github.com/ericbutera/bike/strava-gateway/internal/worker/worker.go:139.4,140.1 1 0
github.com/ericbutera/bike/strava-gateway/internal/worker/worker.go:141.3,142.19 2 0
github.com/ericbutera/bike/strava-gateway/internal/worker/worker.go:144.2,145.16 2 0
github.com/ericbutera/bike/strava-gateway/internal/worker/worker.go:146.3,147.1 1 0
github.com/ericbutera/bike/strava-gateway/internal/worker/worker.go:148.2,148.21 1 0
github.com/ericbutera/bike/strava-gateway/internal/worker/worker.go:149.3,149.29 1 0
github.com/ericbutera/bike/strava-gateway/internal/worker/worker.go:150.4,151.1 1 0
github.com/ericbutera/bike/strava-gateway/internal/worker/worker.go:152.3,153.35 2 0
github.com/ericbutera/bike/strava-gateway/internal/worker/worker.go:154.4,155.1 1 0
github.com/ericbutera/bike/strava-gateway/internal/worker/worker.go:156.3,162.66 4 0
github.com/ericbutera/bike/strava-gateway/internal/worker/worker.go:163.4,167.32 5 0
github.com/ericbutera/bike/strava-gateway/internal/worker/worker.go:168.5,168.87 1 0
github.com/ericbutera/bike/strava-gateway/internal/worker/worker.go:169.6,171.1 2 0
github.com/ericbutera/bike/strava-gateway/internal/worker/worker.go:172.5,172.38 1 0
github.com/ericbutera/bike/strava-gateway/internal/worker/worker.go:174.4,174.33 1 0
github.com/ericbutera/bike/strava-gateway/internal/worker/worker.go:175.5,178.1 3 0
github.com/ericbutera/bike/strava-gateway/internal/worker/worker.go:179.5,179.154 1 0
github.com/ericbutera/bike/strava-gateway/internal/worker/worker.go:180.6,183.1 3 0
github.com/ericbutera/bike/strava-gateway/internal/worker/worker.go:184.5,185.31 2 0
github.com/ericbutera/bike/strava-gateway/internal/worker/worker.go:186.6,187.1 1 0
github.com/ericbutera/bike/strava-gateway/internal/worker/worker.go:188.5,189.66 2 0
github.com/ericbutera/bike/strava-gateway/internal/worker/worker.go:192.4,193.1 1 0
github.com/ericbutera/bike/strava-gateway/internal/worker/worker.go:194.3,195.19 2 0
github.com/ericbutera/bike/strava-gateway/internal/worker/worker.go:197.2,204.30 3 0
github.com/ericbutera/bike/strava-gateway/internal/worker/worker.go:205.3,206.1 1 0
github.com/ericbutera/bike/strava-gateway/internal/worker/worker.go:207.2,208.27 2 0
github.com/ericbutera/bike/strava-gateway/internal/worker/worker.go:209.3,210.1 1 0
github.com/ericbutera/bike/strava-gateway/internal/worker/worker.go:211.2,212.70 2 0
github.com/ericbutera/bike/strava-gateway/internal/worker/worker.go:213.3,215.45 3 0
github.com/ericbutera/bike/strava-gateway/internal/worker/worker.go:216.4,217.29 2 0
github.com/ericbutera/bike/strava-gateway/internal/worker/worker.go:218.5,219.1 1 0
github.com/ericbutera/bike/strava-gateway/internal/worker/worker.go:220.4,221.91 2 0
github.com/ericbutera/bike/strava-gateway/internal/worker/worker.go:222.5,226.1 4 0
github.com/ericbutera/bike/strava-gateway/internal/worker/worker.go:227.4,229.20 3 0
github.com/ericbutera/bike/strava-gateway/internal/worker/worker.go:231.3,236.80 4 0
github.com/ericbutera/bike/strava-gateway/internal/worker/worker.go:237.4,241.1 4 0
github.com/ericbutera/bike/strava-gateway/internal/worker/worker.go:242.3,242.15 1 0
github.com/ericbutera/bike/strava-gateway/internal/worker/worker.go:243.4,244.1 1 0
github.com/ericbutera/bike/strava-gateway/internal/worker/worker.go:245.4,246.1 1 0
github.com/ericbutera/bike/strava-gateway/internal/worker/worker.go:247.3,247.45 1 0
github.com/ericbutera/bike/strava-gateway/internal/worker/worker.go:249.2,251.18 3 0
github.com/ericbutera/bike/strava-gateway/internal/worker/worker.go:255.2,256.78 2 0
github.com/ericbutera/bike/strava-gateway/internal/worker/worker.go:257.3,258.1 1 0
github.com/ericbutera/bike/strava-gateway/internal/worker/worker.go:259.2,260.22 2 0
github.com/ericbutera/bike/strava-gateway/internal/worker/worker.go:261.3,262.1 1 0
github.com/ericbutera/bike/strava-gateway/internal/worker/worker.go:263.2,263.36 1 0
github.com/ericbutera/bike/strava-gateway/internal/worker/worker.go:267.2,268.33 2 0
github.com/ericbutera/bike/strava-gateway/internal/worker/worker.go:269.3,269.10 1 0
github.com/ericbutera/bike/strava-gateway/internal/worker/worker.go:271.4,271.16 1 0
github.com/ericbutera/bike/strava-gateway/internal/worker/worker.go:273.4,273.22 1 0
github.com/ericbutera/bike/strava-gateway/internal/worker/worker.go:276.2,276.9 1 0
github.com/ericbutera/bike/strava-gateway/internal/worker/worker.go:278.3,278.40 1 0
github.com/ericbutera/bike/strava-gateway/internal/worker/worker.go:280.3,280.23 1 0
github.com/ericbutera/bike/strava-gateway/internal/worker/worker.go:282.3,282.30 1 0
github.com/ericbutera/bike/strava-gateway/internal/worker/worker.go:284.3,284.22 1 0
github.com/ericbutera/bike/strava-gateway/internal/worker/worker.go:289.2,289.27 1 0
github.com/ericbutera/bike/strava-gateway/internal/worker/worker.go:290.3,291.1 1 0
github.com/ericbutera/bike/strava-gateway/internal/worker/worker.go:295.2,295.27 1 0
github.com/ericbutera/bike/strava-gateway/internal/worker/worker.go:296.3,298.1 2 0
github.com/ericbutera/bike/strava-gateway/internal/worker/worker.go:302.2,303.16 2 0
github.com/ericbutera/bike/strava-gateway/internal/worker/worker.go:304.3,305.1 1 0
github.com/ericbutera/bike/strava-gateway/internal/worker/worker.go:306.3,309.1 2 0
github.com/ericbutera/bike/strava-gateway/internal/worker/worker.go:310.2,311.16 2 0
github.com/ericbutera/bike/strava-gateway/internal/worker/worker.go:312.3,313.1 1 0
github.com/ericbutera/bike/strava-gateway/internal/worker/worker.go:314.3,315.1 1 0
github.com/ericbutera/bike/strava-gateway/internal/worker/worker.go:316.2,317.16 2 0
github.com/ericbutera/bike/strava-gateway/internal/worker/worker.go:318.3,319.1 1 0
github.com/ericbutera/bike/strava-gateway/internal/worker/worker.go:320.3,320.43 1 0
github.com/ericbutera/bike/strava-gateway/internal/worker/worker.go:321.4,322.1 1 0
github.com/ericbutera/bike/strava-gateway/internal/worker/worker.go:327.2,328.30 2 0
github.com/ericbutera/bike/strava-gateway/internal/worker/worker.go:329.3,330.30 2 0
github.com/ericbutera/bike/strava-gateway/internal/worker/worker.go:331.4,332.1 1 0
github.com/ericbutera/bike/strava-gateway/internal/worker/worker.go:334.2,334.26 1 0
github.com/ericbutera/bike/strava-gateway/internal/worker/worker.go:335.3,337.1 2 0
github.com/ericbutera/bike/strava-gateway/internal/worker/worker.go:338.2,338.47 1 0
github.com/ericbutera/bike/strava-gateway/internal/worker/worker.go:339.3,341.1 2 0
github.com/ericbutera/bike/strava-gateway/internal/worker/worker.go:342.2,342.76 1 0
github.com/ericbutera/bike/strava-gateway/internal/worker/worker.go:346.2,347.16 2 0
github.com/ericbutera/bike/strava-gateway/internal/worker/worker.go:348.3,349.1 1 0
github.com/ericbutera/bike/strava-gateway/internal/worker/worker.go:350.2,350.64 1 0
github.com/ericbutera/bike/strava-gateway/internal/worker/worker.go:351.3,352.1 1 0
github.com/ericbutera/bike/strava-gateway/internal/worker/worker.go:353.2,354.16 2 0
github.com/ericbutera/bike/strava-gateway/internal/worker/worker.go:355.3,355.45 1 0
github.com/ericbutera/bike/strava-gateway/internal/worker/worker.go:356.4,357.1 1 0
github.com/ericbutera/bike/strava-gateway/internal/worker/worker.go:358.3,358.13 1 0
github.com/ericbutera/bike/strava-gateway/internal/worker/worker.go:360.2,361.67 2 0
github.com/ericbutera/bike/strava-gateway/internal/worker/worker.go:362.3,363.45 2 0
github.com/ericbutera/bike/strava-gateway/internal/worker/worker.go:364.4,365.1 1 0
github.com/ericbutera/bike/strava-gateway/internal/worker/worker.go:366.3,366.17 1 0
github.com/ericbutera/bike/strava-gateway/internal/worker/worker.go:367.4,368.1 1 0
github.com/ericbutera/bike/strava-gateway/internal/worker/worker.go:370.2,370.44 1 0
github.com/ericbutera/bike/strava-gateway/internal/worker/worker.go:371.3,372.1 1 0
github.com/ericbutera/bike/strava-gateway/internal/worker/worker.go:373.2,373.16 1 0
github.com/ericbutera/bike/strava-gateway/internal/worker/worker.go:374.3,375.1 1 0
github.com/ericbutera/bike/strava-gateway/internal/worker/worker.go:376.2,376.49 1 0
github.com/ericbutera/bike/strava-gateway/internal/worker/worker.go:380.2,380.58 1 0
github.com/ericbutera/bike/strava-gateway/internal/worker/worker.go:381.3,382.1 1 0
github.com/ericbutera/bike/strava-gateway/internal/worker/worker.go:382.9,382.30 1 0
github.com/ericbutera/bike/strava-gateway/internal/worker/worker.go:383.3,384.1 1 0
github.com/ericbutera/bike/strava-gateway/internal/worker/worker.go:385.2,386.88 2 0
github.com/ericbutera/bike/strava-gateway/internal/worker/worker.go:387.3,388.1 1 0
github.com/ericbutera/bike/strava-gateway/internal/worker/worker.go:389.2,389.56 1 0
github.com/ericbutera/bike/strava-gateway/internal/worker/worker.go:390.3,391.1 1 0
github.com/ericbutera/bike/strava-gateway/internal/worker/worker.go:392.2,392.17 1 0
github.com/ericbutera/bike/strava-gateway/internal/worker/worker.go:396.2,396.66 1 0
github.com/ericbutera/bike/strava-gateway/internal/worker/worker.go:397.3,398.1 1 0
github.com/ericbutera/bike/strava-gateway/internal/worker/worker.go:399.2,399.67 1 0
github.com/ericbutera/bike/strava-gateway/internal/worker/worker.go:400.3,401.1 1 0
github.com/ericbutera/bike/strava-gateway/internal/worker/worker.go:402.2,402.38 1 0
github.com/ericbutera/bike/strava-gateway/internal/worker/worker.go:406.2,407.35 2 0
github.com/ericbutera/bike/strava-gateway/internal/worker/worker.go:408.3,408.45 1 0
github.com/ericbutera/bike/strava-gateway/internal/worker/worker.go:409.4,410.1 1 0
github.com/ericbutera/bike/strava-gateway/internal/worker/worker.go:411.3,411.71 1 0
github.com/ericbutera/bike/strava-gateway/internal/worker/worker.go:412.4,413.1 1 0
github.com/ericbutera/bike/strava-gateway/internal/worker/worker.go:414.3,414.65 1 0
github.com/ericbutera/bike/strava-gateway/internal/worker/worker.go:416.2,416.34 1 0
github.com/ericbutera/bike/strava-gateway/internal/worker/worker.go:417.3,418.1 1 0
github.com/ericbutera/bike/strava-gateway/internal/worker/worker.go:419.2,420.16 2 0
github.com/ericbutera/bike/strava-gateway/internal/worker/worker.go:421.3,422.1 1 0
github.com/ericbutera/bike/strava-gateway/internal/worker/worker.go:423.2,423.64 1 0
github.com/ericbutera/bike/strava-gateway/internal/worker/worker.go:424.3,425.1 1 0
github.com/ericbutera/bike/strava-gateway/internal/worker/worker.go:426.2,427.16 2 0
github.com/ericbutera/bike/strava-gateway/internal/worker/worker.go:428.3,428.45 1 0
github.com/ericbutera/bike/strava-gateway/internal/worker/worker.go:429.4,430.1 1 0
github.com/ericbutera/bike/strava-gateway/internal/worker/worker.go:431.3,431.13 1 0
github.com/ericbutera/bike/strava-gateway/internal/worker/worker.go:433.2,433.58 1 0
github.com/ericbutera/bike/strava-gateway/internal/worker/worker.go:434.3,435.1 1 0
github.com/ericbutera/bike/strava-gateway/internal/worker/worker.go:435.9,435.30 1 0
github.com/ericbutera/bike/strava-gateway/internal/worker/worker.go:436.3,437.1 1 0
github.com/ericbutera/bike/strava-gateway/internal/worker/worker.go:438.2,439.86 2 0
github.com/ericbutera/bike/strava-gateway/internal/worker/worker.go:440.3,441.1 1 0
github.com/ericbutera/bike/strava-gateway/internal/worker/worker.go:442.2,442.67 1 0
github.com/ericbutera/bike/strava-gateway/internal/worker/worker.go:443.3,444.17 2 0
github.com/ericbutera/bike/strava-gateway/internal/worker/worker.go:445.4,445.46 1 0
github.com/ericbutera/bike/strava-gateway/internal/worker/worker.go:446.5,447.1 1 0
github.com/ericbutera/bike/strava-gateway/internal/worker/worker.go:448.4,448.14 1 0
github.com/ericbutera/bike/strava-gateway/internal/worker/worker.go:450.3,450.69 1 0
github.com/ericbutera/bike/strava-gateway/internal/worker/worker.go:451.4,452.1 1 0
github.com/ericbutera/bike/strava-gateway/internal/worker/worker.go:452.10,452.31 1 0
github.com/ericbutera/bike/strava-gateway/internal/worker/worker.go:453.4,454.1 1 0
github.com/ericbutera/bike/strava-gateway/internal/worker/worker.go:455.3,456.87 2 0
github.com/ericbutera/bike/strava-gateway/internal/worker/worker.go:457.4,458.1 1 0
github.com/ericbutera/bike/strava-gateway/internal/worker/worker.go:460.2,460.16 1 0
github.com/ericbutera/bike/strava-gateway/internal/worker/worker.go:461.3,462.43 2 0
github.com/ericbutera/bike/strava-gateway/internal/worker/worker.go:463.4,464.1 1 0
github.com/ericbutera/bike/strava-gateway/internal/worker/worker.go:465.3,465.43 1 0
github.com/ericbutera/bike/strava-gateway/internal/worker/worker.go:466.4,467.1 1 0
github.com/ericbutera/bike/strava-gateway/internal/worker/worker.go:468.3,468.13 1 0
github.com/ericbutera/bike/strava-gateway/internal/worker/worker.go:470.2,471.16 2 0
github.com/ericbutera/bike/strava-gateway/internal/worker/worker.go:472.3,473.1 1 0
github.com/ericbutera/bike/strava-gateway/internal/worker/worker.go:474.2,474.35 1 0
github.com/ericbutera/bike/strava-gateway/internal/worker/worker.go:475.3,477.1 1 0
github.com/ericbutera/bike/strava-gateway/internal/worker/worker.go:478.2,478.25 1 0
github.com/ericbutera/bike/strava-gateway/internal/worker/worker.go:479.3,480.1 1 0
github.com/ericbutera/bike/strava-gateway/internal/worker/worker.go:481.2,481.58 1 0
github.com/ericbutera/bike/strava-gateway/internal/worker/worker.go:482.3,483.1 1 0
github.com/ericbutera/bike/strava-gateway/internal/worker/worker.go:483.9,483.30 1 0
github.com/ericbutera/bike/strava-gateway/internal/worker/worker.go:484.3,485.1 1 0
github.com/ericbutera/bike/strava-gateway/internal/worker/worker.go:486.2,487.87 2 0
github.com/ericbutera/bike/strava-gateway/internal/worker/worker.go:488.3,489.1 1 0
github.com/ericbutera/bike/strava-gateway/internal/worker/worker.go:490.2,490.67 1 0
github.com/ericbutera/bike/strava-gateway/internal/worker/worker.go:491.3,492.17 2 0
github.com/ericbutera/bike/strava-gateway/internal/worker/worker.go:493.4,493.46 1 0
github.com/ericbutera/bike/strava-gateway/internal/worker/worker.go:494.5,495.1 1 0
github.com/ericbutera/bike/strava-gateway/internal/worker/worker.go:496.4,496.14 1 0
github.com/ericbutera/bike/strava-gateway/internal/worker/worker.go:498.3,498.69 1 0
github.com/ericbutera/bike/strava-gateway/internal/worker/worker.go:499.4,500.1 1 0
github.com/ericbutera/bike/strava-gateway/internal/worker/worker.go:500.10,500.31 1 0
github.com/ericbutera/bike/strava-gateway/internal/worker/worker.go:501.4,502.1 1 0
github.com/ericbutera/bike/strava-gateway/internal/worker/worker.go:503.3,504.88 2 0
github.com/ericbutera/bike/strava-gateway/internal/worker/worker.go:505.4,506.1 1 0
github.com/ericbutera/bike/strava-gateway/internal/worker/worker.go:508.2,509.16 2 0
github.com/ericbutera/bike/strava-gateway/internal/worker/worker.go:510.3,511.43 2 0
github.com/ericbutera/bike/strava-gateway/internal/worker/worker.go:512.4,513.1 1 0
github.com/ericbutera/bike/strava-gateway/internal/worker/worker.go:514.3,514.43 1 0
github.com/ericbutera/bike/strava-gateway/internal/worker/worker.go:515.4,516.1 1 0
github.com/ericbutera/bike/strava-gateway/internal/worker/worker.go:517.3,517.13 1 0
github.com/ericbutera/bike/strava-gateway/internal/worker/worker.go:519.2,519.31 1 0
github.com/ericbutera/bike/strava-gateway/internal/worker/worker.go:520.3,521.1 1 0
github.com/ericbutera/bike/strava-gateway/internal/worker/worker.go:522.2,526.16 2 0
github.com/ericbutera/bike/strava-gateway/internal/worker/worker.go:527.3,528.1 1 0
github.com/ericbutera/bike/strava-gateway/internal/worker/worker.go:529.2,530.16 2 0
github.com/ericbutera/bike/strava-gateway/internal/worker/worker.go:531.3,531.28 1 0
github.com/ericbutera/bike/strava-gateway/internal/worker/worker.go:532.4,533.1 1 0
github.com/ericbutera/bike/strava-gateway/internal/worker/worker.go:534.3,534.13 1 0
github.com/ericbutera/bike/strava-gateway/internal/worker/worker.go:536.2,536.38 1 0
github.com/ericbutera/bike/strava-gateway/internal/worker/worker.go:537.3,538.1 1 0
github.com/ericbutera/bike/strava-gateway/internal/worker/worker.go:539.2,539.65 1 0
github.com/ericbutera/bike/strava-gateway/internal/worker/worker.go:543.2,544.61 2 0
github.com/ericbutera/bike/strava-gateway/internal/worker/worker.go:545.3,546.1 1 0
github.com/ericbutera/bike/strava-gateway/internal/worker/worker.go:547.2,548.43 2 0
github.com/ericbutera/bike/strava-gateway/internal/worker/worker.go:549.3,551.1 2 0
github.com/ericbutera/bike/strava-gateway/internal/worker/worker.go:552.2,552.33 1 0
github.com/ericbutera/bike/strava-gateway/internal/worker/worker.go:553.3,554.1 1 0
github.com/ericbutera/bike/strava-gateway/internal/worker/worker.go:555.2,555.21 1 0
github.com/ericbutera/bike/strava-gateway/internal/worker/worker.go:559.2,559.73 1 0
github.com/ericbutera/bike/strava-gateway/internal/worker/worker.go:560.3,561.1 1 0
github.com/ericbutera/bike/strava-gateway/internal/worker/worker.go:562.2,562.59 1 0
github.com/ericbutera/bike/strava-gateway/internal/worker/worker.go:563.3,564.1 1 0
github.com/ericbutera/bike/strava-gateway/internal/worker/worker.go:564.9,564.30 1 0
github.com/ericbutera/bike/strava-gateway/internal/worker/worker.go:565.3,566.1 1 0
github.com/ericbutera/bike/strava-gateway/internal/worker/worker.go:567.2,568.88 2 0
github.com/ericbutera/bike/strava-gateway/internal/worker/worker.go:569.3,570.1 1 0
github.com/ericbutera/bike/strava-gateway/internal/worker/worker.go:571.2,571.16 1 0
github.com/ericbutera/bike/strava-gateway/internal/worker/worker.go:572.3,573.1 1 0
github.com/ericbutera/bike/strava-gateway/internal/worker/worker.go:574.2,576.23 3 0
github.com/ericbutera/bike/strava-gateway/internal/worker/worker.go:577.3,578.1 1 0
github.com/ericbutera/bike/strava-gateway/internal/worker/worker.go:579.2,579.67 1 0
github.com/ericbutera/bike/strava-gateway/internal/worker/worker.go:580.3,581.1 1 0
github.com/ericbutera/bike/strava-gateway/internal/worker/worker.go:582.2,582.24 1 0
github.com/ericbutera/bike/strava-gateway/internal/worker/worker.go:586.2,587.45 2 0
github.com/ericbutera/bike/strava-gateway/internal/worker/worker.go:588.3,589.1 1 0
github.com/ericbutera/bike/strava-gateway/internal/worker/worker.go:590.2,590.16 1 0
github.com/ericbutera/bike/strava-gateway/internal/worker/worker.go:591.3,592.1 1 0
github.com/ericbutera/bike/strava-gateway/internal/worker/worker.go:593.2,593.77 1 0
github.com/ericbutera/bike/strava-gateway/internal/worker/worker.go:594.3,595.1 1 0
github.com/ericbutera/bike/strava-gateway/internal/worker/worker.go:596.2,596.47 1 0
github.com/ericbutera/bike/strava-gateway/internal/worker/worker.go:600.2,600.66 1 0
github.com/ericbutera/bike/strava-gateway/internal/worker/worker.go:601.3,602.1 1 0
github.com/ericbutera/bike/strava-gateway/internal/worker/worker.go:603.2,603.64 1 0
github.com/ericbutera/bike/strava-gateway/internal/worker/worker.go:607.2,607.26 1 0
github.com/ericbutera/bike/strava-gateway/internal/worker/worker.go:608.3,609.1 1 0
github.com/ericbutera/bike/strava-gateway/internal/worker/worker.go:610.2,610.23 1 0
github.com/ericbutera/bike/strava-gateway/internal/worker/worker.go:614.2,616.1 2 0
github.com/ericbutera/bike/strava-gateway/internal/worker/worker.go:619.2,620.65 2 0
github.com/ericbutera/bike/strava-gateway/internal/worker/worker.go:621.3,622.1 1 0
github.com/ericbutera/bike/strava-gateway/internal/worker/worker.go:623.2,623.19 1 0
github.com/ericbutera/bike/strava-gateway/internal/worker/worker.go:624.3,625.1 1 0
github.com/ericbutera/bike/strava-gateway/internal/worker/worker.go:626.2,627.25 2 0
github.com/ericbutera/bike/strava-gateway/internal/worker/worker.go:628.3,629.1 1 0
github.com/ericbutera/bike/strava-gateway/internal/worker/worker.go:630.2,630.80 1 0
github.com/ericbutera/bike/strava-gateway/cmd/admin/main.go:19.2,21.46 3 0
github.com/ericbutera/bike/strava-gateway/cmd/admin/main.go:22.3,23.1 1 0
github.com/ericbutera/bike/strava-gateway/cmd/admin/main.go:27.2,27.20 1 0
github.com/ericbutera/bike/strava-gateway/cmd/admin/main.go:28.3,29.1 1 0
github.com/ericbutera/bike/strava-gateway/cmd/admin/main.go:30.2,30.27 1 0
github.com/ericbutera/bike/strava-gateway/cmd/admin/main.go:31.3,31.21 1 0
github.com/ericbutera/bike/strava-gateway/cmd/admin/main.go:32.4,33.1 1 0
github.com/ericbutera/bike/strava-gateway/cmd/admin/main.go:34.3,35.17 2 0
github.com/ericbutera/bike/strava-gateway/cmd/admin/main.go:36.4,37.1 1 0
github.com/ericbutera/bike/strava-gateway/cmd/admin/main.go:38.3,39.17 2 0
github.com/ericbutera/bike/strava-gateway/cmd/admin/main.go:40.4,41.1 1 0
github.com/ericbutera/bike/strava-gateway/cmd/admin/main.go:42.3,43.13 2 0
github.com/ericbutera/bike/strava-gateway/cmd/admin/main.go:45.2,46.23 2 0
github.com/ericbutera/bike/strava-gateway/cmd/admin/main.go:47.3,48.1 1 0
github.com/ericbutera/bike/strava-gateway/cmd/admin/main.go:49.2,50.16 2 0
github.com/ericbutera/bike/strava-gateway/cmd/admin/main.go:51.3,52.1 1 0
github.com/ericbutera/bike/strava-gateway/cmd/admin/main.go:53.2,55.17 3 0
github.com/ericbutera/bike/strava-gateway/cmd/admin/main.go:57.3,57.21 1 0
github.com/ericbutera/bike/strava-gateway/cmd/admin/main.go:58.4,59.1 1 0
github.com/ericbutera/bike/strava-gateway/cmd/admin/main.go:60.3,61.17 2 0
github.com/ericbutera/bike/strava-gateway/cmd/admin/main.go:62.4,63.1 1 0
github.com/ericbutera/bike/strava-gateway/cmd/admin/main.go:64.3,64.31 1 0
github.com/ericbutera/bike/strava-gateway/cmd/admin/main.go:65.4,66.1 1 0
github.com/ericbutera/bike/strava-gateway/cmd/admin/main.go:67.3,67.13 1 0
github.com/ericbutera/bike/strava-gateway/cmd/admin/main.go:69.3,69.21 1 0
github.com/ericbutera/bike/strava-gateway/cmd/admin/main.go:70.4,71.1 1 0
github.com/ericbutera/bike/strava-gateway/cmd/admin/main.go:72.3,73.17 2 0
github.com/ericbutera/bike/strava-gateway/cmd/admin/main.go:74.4,75.1 1 0
github.com/ericbutera/bike/strava-gateway/cmd/admin/main.go:76.3,76.65 1 0
github.com/ericbutera/bike/strava-gateway/cmd/admin/main.go:77.4,78.1 1 0
github.com/ericbutera/bike/strava-gateway/cmd/admin/main.go:79.3,80.13 2 0
github.com/ericbutera/bike/strava-gateway/cmd/admin/main.go:82.3,82.21 1 0
github.com/ericbutera/bike/strava-gateway/cmd/admin/main.go:83.4,84.1 1 0
github.com/ericbutera/bike/strava-gateway/cmd/admin/main.go:85.3,86.17 2 0
github.com/ericbutera/bike/strava-gateway/cmd/admin/main.go:87.4,88.1 1 0
github.com/ericbutera/bike/strava-gateway/cmd/admin/main.go:89.3,89.49 1 0
github.com/ericbutera/bike/strava-gateway/cmd/admin/main.go:91.3,91.128 1 0
github.com/ericbutera/bike/strava-gateway/cmd/export_rust/main.go:18.2,20.46 3 0
github.com/ericbutera/bike/strava-gateway/cmd/export_rust/main.go:21.3,22.1 1 0
github.com/ericbutera/bike/strava-gateway/cmd/export_rust/main.go:26.2,27.44 2 0
github.com/ericbutera/bike/strava-gateway/cmd/export_rust/main.go:28.3,29.1 1 0
github.com/ericbutera/bike/strava-gateway/cmd/export_rust/main.go:29.9,29.27 1 0
github.com/ericbutera/bike/strava-gateway/cmd/export_rust/main.go:30.3,31.1 1 0
github.com/ericbutera/bike/strava-gateway/cmd/export_rust/main.go:32.2,32.77 1 0
github.com/ericbutera/bike/strava-gateway/cmd/export_rust/main.go:33.3,34.1 1 0
github.com/ericbutera/bike/strava-gateway/cmd/export_rust/main.go:35.2,36.16 2 0
github.com/ericbutera/bike/strava-gateway/cmd/export_rust/main.go:37.3,38.1 1 0
github.com/ericbutera/bike/strava-gateway/cmd/export_rust/main.go:39.2,40.16 2 0
github.com/ericbutera/bike/strava-gateway/cmd/export_rust/main.go:41.3,42.1 1 0
github.com/ericbutera/bike/strava-gateway/cmd/export_rust/main.go:43.2,45.16 3 0
github.com/ericbutera/bike/strava-gateway/cmd/export_rust/main.go:46.3,47.1 1 0
github.com/ericbutera/bike/strava-gateway/cmd/export_rust/main.go:48.2,51.16 4 0
github.com/ericbutera/bike/strava-gateway/cmd/export_rust/main.go:52.3,53.1 1 0
github.com/ericbutera/bike/strava-gateway/cmd/export_rust/main.go:54.2,56.18 3 0
github.com/ericbutera/bike/strava-gateway/cmd/export_rust/main.go:57.3,58.66 2 0
github.com/ericbutera/bike/strava-gateway/cmd/export_rust/main.go:59.4,61.1 2 0
github.com/ericbutera/bike/strava-gateway/cmd/export_rust/main.go:62.3,62.32 1 0
github.com/ericbutera/bike/strava-gateway/cmd/export_rust/main.go:64.2,66.16 3 0
github.com/ericbutera/bike/strava-gateway/cmd/export_rust/main.go:67.3,68.1 1 0
github.com/ericbutera/bike/strava-gateway/cmd/export_rust/main.go:69.2,69.22 1 0
github.com/ericbutera/bike/strava-gateway/cmd/export_rust/main.go:70.3,71.1 1 0
github.com/ericbutera/bike/strava-gateway/cmd/export_rust/main.go:72.2,75.1 3 0
github.com/ericbutera/bike/strava-gateway/cmd/export_rust/main.go:76.2,77.30 3 0
github.com/ericbutera/bike/strava-gateway/cmd/export_rust/main.go:78.3,79.17 2 0
github.com/ericbutera/bike/strava-gateway/cmd/export_rust/main.go:80.4,81.1 1 0
github.com/ericbutera/bike/strava-gateway/cmd/export_rust/main.go:82.3,82.33 1 0
github.com/ericbutera/bike/strava-gateway/cmd/export_rust/main.go:83.4,84.1 1 0
github.com/ericbutera/bike/strava-gateway/cmd/export_rust/main.go:85.3,86.17 2 0
github.com/ericbutera/bike/strava-gateway/cmd/export_rust/main.go:87.4,88.1 1 0
github.com/ericbutera/bike/strava-gateway/cmd/export_rust/main.go:89.3,89.62 1 0
github.com/ericbutera/bike/strava-gateway/cmd/export_rust/main.go:90.4,91.1 1 0
github.com/ericbutera/bike/strava-gateway/cmd/export_rust/main.go:92.3,92.71 1 0
github.com/ericbutera/bike/strava-gateway/cmd/export_rust/main.go:94.2,94.11 1 0
github.com/ericbutera/bike/strava-gateway/cmd/export_rust/main.go:95.3,97.17 3 0
github.com/ericbutera/bike/strava-gateway/cmd/export_rust/main.go:98.4,99.1 1 0
github.com/ericbutera/bike/strava-gateway/cmd/export_rust/main.go:100.3,100.16 1 0
github.com/ericbutera/bike/strava-gateway/cmd/export_rust/main.go:101.4,103.107 3 0
github.com/ericbutera/bike/strava-gateway/cmd/export_rust/main.go:104.5,105.1 1 0
github.com/ericbutera/bike/strava-gateway/cmd/export_rust/main.go:107.3,107.30 1 0
github.com/ericbutera/bike/strava-gateway/cmd/export_rust/main.go:108.4,113.18 2 0
github.com/ericbutera/bike/strava-gateway/cmd/export_rust/main.go:114.5,115.1 1 0
github.com/ericbutera/bike/strava-gateway/cmd/export_rust/main.go:116.4,116.34 1 0
github.com/ericbutera/bike/strava-gateway/cmd/export_rust/main.go:117.5,118.1 1 0
github.com/ericbutera/bike/strava-gateway/cmd/export_rust/main.go:120.3,120.40 1 0
github.com/ericbutera/bike/strava-gateway/cmd/export_rust/main.go:121.4,122.1 1 0
github.com/ericbutera/bike/strava-gateway/cmd/export_rust/main.go:124.2,124.11 1 0
github.com/ericbutera/bike/strava-gateway/cmd/export_rust/main.go:125.3,126.1 1 0
github.com/ericbutera/bike/strava-gateway/cmd/export_rust/main.go:127.3,128.1 1 0
github.com/ericbutera/bike/strava-gateway/cmd/export_rust/main.go:129.2,129.12 1 0
github.com/ericbutera/bike/strava-gateway/cmd/gateway/main.go:32.2,33.16 2 0
github.com/ericbutera/bike/strava-gateway/cmd/gateway/main.go:34.3,35.1 1 0
github.com/ericbutera/bike/strava-gateway/cmd/gateway/main.go:37.2,39.16 3 0
github.com/ericbutera/bike/strava-gateway/cmd/gateway/main.go:40.3,41.1 1 0
github.com/ericbutera/bike/strava-gateway/cmd/gateway/main.go:42.2,43.39 2 0
github.com/ericbutera/bike/strava-gateway/cmd/gateway/main.go:44.3,45.1 1 0
github.com/ericbutera/bike/strava-gateway/cmd/gateway/main.go:46.2,50.16 5 0
github.com/ericbutera/bike/strava-gateway/cmd/gateway/main.go:51.3,52.1 1 0
github.com/ericbutera/bike/strava-gateway/cmd/gateway/main.go:53.2,53.15 1 0
github.com/ericbutera/bike/strava-gateway/cmd/gateway/main.go:54.3,56.58 3 0
github.com/ericbutera/bike/strava-gateway/cmd/gateway/main.go:57.4,58.1 1 0
github.com/ericbutera/bike/strava-gateway/cmd/gateway/main.go:60.2,65.16 6 0
github.com/ericbutera/bike/strava-gateway/cmd/gateway/main.go:66.3,67.1 1 0
github.com/ericbutera/bike/strava-gateway/cmd/gateway/main.go:68.2,70.16 3 0
github.com/ericbutera/bike/strava-gateway/cmd/gateway/main.go:71.3,72.1 1 0
github.com/ericbutera/bike/strava-gateway/cmd/gateway/main.go:73.2,74.50 2 0
github.com/ericbutera/bike/strava-gateway/cmd/gateway/main.go:75.3,76.1 1 0
github.com/ericbutera/bike/strava-gateway/cmd/gateway/main.go:77.2,84.1 2 0
github.com/ericbutera/bike/strava-gateway/cmd/gateway/main.go:85.2,85.43 2 0
github.com/ericbutera/bike/strava-gateway/cmd/gateway/main.go:86.3,87.1 1 0
github.com/ericbutera/bike/strava-gateway/cmd/gateway/main.go:88.2,101.1 9 0
github.com/ericbutera/bike/strava-gateway/cmd/gateway/main.go:102.2,106.16 9 0
github.com/ericbutera/bike/strava-gateway/cmd/gateway/main.go:107.3,108.1 1 0
github.com/ericbutera/bike/strava-gateway/cmd/gateway/main.go:109.2,114.12 3 0
github.com/ericbutera/bike/strava-gateway/cmd/gateway/main.go:115.3,115.56 1 0
github.com/ericbutera/bike/strava-gateway/cmd/gateway/main.go:116.4,117.1 1 0
github.com/ericbutera/bike/strava-gateway/cmd/gateway/main.go:119.2,120.74 2 0
github.com/ericbutera/bike/strava-gateway/cmd/gateway/main.go:120.76,120.106 1 0
github.com/ericbutera/bike/strava-gateway/cmd/gateway/main.go:121.2,121.73 1 0
github.com/ericbutera/bike/strava-gateway/cmd/gateway/main.go:122.3,124.40 3 0
github.com/ericbutera/bike/strava-gateway/cmd/gateway/main.go:125.4,127.1 2 0
github.com/ericbutera/bike/strava-gateway/cmd/gateway/main.go:128.3,128.31 1 0
github.com/ericbutera/bike/strava-gateway/cmd/gateway/main.go:130.2,131.16 2 0
github.com/ericbutera/bike/strava-gateway/cmd/gateway/main.go:132.3,133.1 1 0
github.com/ericbutera/bike/strava-gateway/cmd/gateway/main.go:134.2,136.57 1 0
github.com/ericbutera/bike/strava-gateway/cmd/gateway/main.go:137.5,138.1 1 0
github.com/ericbutera/bike/strava-gateway/cmd/gateway/main.go:141.2,142.23 2 0
github.com/ericbutera/bike/strava-gateway/cmd/gateway/main.go:143.3,144.1 1 0
github.com/ericbutera/bike/strava-gateway/cmd/gateway/main.go:145.2,147.12 3 0
github.com/ericbutera/bike/strava-gateway/cmd/gateway/main.go:147.14,147.69 1 0
github.com/ericbutera/bike/strava-gateway/cmd/gateway/main.go:148.2,148.15 1 0
github.com/ericbutera/bike/strava-gateway/cmd/gateway/main.go:149.3,151.65 3 0
github.com/ericbutera/bike/strava-gateway/cmd/gateway/main.go:152.4,153.1 1 0
github.com/ericbutera/bike/strava-gateway/cmd/gateway/main.go:155.2,157.12 3 0
github.com/ericbutera/bike/strava-gateway/cmd/gateway/main.go:157.14,157.55 1 0
github.com/ericbutera/bike/strava-gateway/cmd/gateway/main.go:158.2,158.9 1 0
github.com/ericbutera/bike/strava-gateway/cmd/gateway/main.go:160.3,160.58 1 0
github.com/ericbutera/bike/strava-gateway/cmd/gateway/main.go:161.4,162.1 1 0
github.com/ericbutera/bike/strava-gateway/cmd/gateway/main.go:164.3,164.58 1 0
github.com/ericbutera/bike/strava-gateway/cmd/gateway/main.go:165.4,166.1 1 0
github.com/ericbutera/bike/strava-gateway/cmd/gateway/main.go:168.3,170.58 3 0
github.com/ericbutera/bike/strava-gateway/cmd/gateway/main.go:171.4,172.1 1 0
github.com/ericbutera/bike/strava-gateway/cmd/gateway/main.go:177.2,178.17 2 0
github.com/ericbutera/bike/strava-gateway/cmd/gateway/main.go:179.3,180.1 1 0
github.com/ericbutera/bike/strava-gateway/cmd/gateway/main.go:181.2,181.14 1 0
github.com/ericbutera/bike/strava-gateway/cmd/import_rust/main.go:24.2,26.46 3 0
github.com/ericbutera/bike/strava-gateway/cmd/import_rust/main.go:27.3,28.1 1 0
github.com/ericbutera/bike/strava-gateway/cmd/import_rust/main.go:32.2,34.44 3 0
github.com/ericbutera/bike/strava-gateway/cmd/import_rust/main.go:35.3,36.1 1 0
github.com/ericbutera/bike/strava-gateway/cmd/import_rust/main.go:36.9,36.84 1 0
github.com/ericbutera/bike/strava-gateway/cmd/import_rust/main.go:37.3,39.1 2 0
github.com/ericbutera/bike/strava-gateway/cmd/import_rust/main.go:39.9,39.27 1 0
github.com/ericbutera/bike/strava-gateway/cmd/import_rust/main.go:40.3,41.1 1 0
github.com/ericbutera/bike/strava-gateway/cmd/import_rust/main.go:42.2,43.19 2 0
github.com/ericbutera/bike/strava-gateway/cmd/import_rust/main.go:44.3,45.1 1 0
github.com/ericbutera/bike/strava-gateway/cmd/import_rust/main.go:46.2,47.16 2 0
github.com/ericbutera/bike/strava-gateway/cmd/import_rust/main.go:48.3,49.1 1 0
github.com/ericbutera/bike/strava-gateway/cmd/import_rust/main.go:50.2,52.16 3 0
github.com/ericbutera/bike/strava-gateway/cmd/import_rust/main.go:53.3,54.1 1 0
github.com/ericbutera/bike/strava-gateway/cmd/import_rust/main.go:55.2,55.12 1 0
github.com/ericbutera/bike/strava-gateway/cmd/import_rust/main.go:56.3,58.1 2 0
github.com/ericbutera/bike/strava-gateway/cmd/import_rust/main.go:59.2,59.27 1 0
github.com/ericbutera/bike/strava-gateway/cmd/import_rust/main.go:60.3,61.1 1 0
github.com/ericbutera/bike/strava-gateway/cmd/import_rust/main.go:62.2,63.22 2 0
github.com/ericbutera/bike/strava-gateway/cmd/import_rust/main.go:64.3,65.1 1 0
github.com/ericbutera/bike/strava-gateway/cmd/import_rust/main.go:66.2,67.16 2 0
github.com/ericbutera/bike/strava-gateway/cmd/import_rust/main.go:68.3,69.1 1 0
github.com/ericbutera/bike/strava-gateway/cmd/import_rust/main.go:70.2,71.16 2 0
github.com/ericbutera/bike/strava-gateway/cmd/import_rust/main.go:72.3,73.1 1 0
github.com/ericbutera/bike/strava-gateway/cmd/import_rust/main.go:74.2,77.35 4 0
github.com/ericbutera/bike/strava-gateway/cmd/import_rust/main.go:78.3,79.17 2 0
github.com/ericbutera/bike/strava-gateway/cmd/import_rust/main.go:80.4,81.1 1 0
github.com/ericbutera/bike/strava-gateway/cmd/import_rust/main.go:82.3,82.14 1 0
github.com/ericbutera/bike/strava-gateway/cmd/import_rust/main.go:83.4,84.1 1 0
github.com/ericbutera/bike/strava-gateway/cmd/import_rust/main.go:86.2,88.12 2 0
github.com/ericbutera/bike/strava-gateway/cmd/import_rust/main.go:92.2,95.16 2 0
github.com/ericbutera/bike/strava-gateway/cmd/import_rust/main.go:96.3,97.1 1 0
github.com/ericbutera/bike/strava-gateway/cmd/import_rust/main.go:98.2,100.18 3 0
github.com/ericbutera/bike/strava-gateway/cmd/import_rust/main.go:101.3,105.44 3 0
github.com/ericbutera/bike/strava-gateway/cmd/import_rust/main.go:106.4,107.1 1 0
github.com/ericbutera/bike/strava-gateway/cmd/import_rust/main.go:108.3,108.81 1 0
github.com/ericbutera/bike/strava-gateway/cmd/import_rust/main.go:109.4,110.1 1 0
github.com/ericbutera/bike/strava-gateway/cmd/import_rust/main.go:111.3,111.68 1 0
github.com/ericbutera/bike/strava-gateway/cmd/import_rust/main.go:112.4,113.1 1 0
github.com/ericbutera/bike/strava-gateway/cmd/import_rust/main.go:114.3,114.32 1 0
github.com/ericbutera/bike/strava-gateway/cmd/import_rust/main.go:116.2,116.27 1 0
github.com/ericbutera/bike/strava-gateway/cmd/migrate/main.go:13.2,14.23 2 0
github.com/ericbutera/bike/strava-gateway/cmd/migrate/main.go:15.3,16.1 1 0
github.com/ericbutera/bike/strava-gateway/cmd/migrate/main.go:17.2,19.58 3 0
github.com/ericbutera/bike/strava-gateway/cmd/migrate/main.go:20.3,21.1 1 0
github.com/ericbutera/bike/strava-gateway/cmd/worker/main.go:25.2,26.16 2 0
github.com/ericbutera/bike/strava-gateway/cmd/worker/main.go:27.3,28.1 1 0
github.com/ericbutera/bike/strava-gateway/cmd/worker/main.go:30.2,31.16 2 0
github.com/ericbutera/bike/strava-gateway/cmd/worker/main.go:32.3,33.1 1 0
github.com/ericbutera/bike/strava-gateway/cmd/worker/main.go:34.2,38.16 5 0
github.com/ericbutera/bike/strava-gateway/cmd/worker/main.go:39.3,40.1 1 0
github.com/ericbutera/bike/strava-gateway/cmd/worker/main.go:41.2,41.15 1 0
github.com/ericbutera/bike/strava-gateway/cmd/worker/main.go:42.3,44.58 3 0
github.com/ericbutera/bike/strava-gateway/cmd/worker/main.go:45.4,46.1 1 0
github.com/ericbutera/bike/strava-gateway/cmd/worker/main.go:48.2,51.16 4 0
github.com/ericbutera/bike/strava-gateway/cmd/worker/main.go:52.3,53.1 1 0
github.com/ericbutera/bike/strava-gateway/cmd/worker/main.go:54.2,56.16 3 0
github.com/ericbutera/bike/strava-gateway/cmd/worker/main.go:57.3,58.1 1 0
github.com/ericbutera/bike/strava-gateway/cmd/worker/main.go:59.2,60.39 2 0
github.com/ericbutera/bike/strava-gateway/cmd/worker/main.go:61.3,62.1 1 0
github.com/ericbutera/bike/strava-gateway/cmd/worker/main.go:63.2,77.1 3 0
github.com/ericbutera/bike/strava-gateway/cmd/worker/main.go:78.2,79.23 3 0
github.com/ericbutera/bike/strava-gateway/cmd/worker/main.go:80.3,81.1 1 0
github.com/ericbutera/bike/strava-gateway/cmd/worker/main.go:82.2,84.12 3 0
github.com/ericbutera/bike/strava-gateway/cmd/worker/main.go:84.14,84.69 1 0
github.com/ericbutera/bike/strava-gateway/cmd/worker/main.go:85.2,85.15 1 0
github.com/ericbutera/bike/strava-gateway/cmd/worker/main.go:86.3,88.65 3 0
github.com/ericbutera/bike/strava-gateway/cmd/worker/main.go:89.4,90.1 1 0
github.com/ericbutera/bike/strava-gateway/cmd/worker/main.go:92.2,92.23 1 0
github.com/ericbutera/bike/strava-gateway/cmd/worker/main.go:93.3,93.10 1 0
github.com/ericbutera/bike/strava-gateway/cmd/worker/main.go:95.4,95.45 1 0
github.com/ericbutera/bike/strava-gateway/cmd/worker/main.go:96.5,98.1 2 0
github.com/ericbutera/bike/strava-gateway/cmd/worker/main.go:99.11,99.11 0 0
github.com/ericbutera/bike/strava-gateway/cmd/worker/main.go:101.3,101.42 1 0
github.com/ericbutera/bike/strava-gateway/cmd/worker/main.go:102.4,103.11 2 0
github.com/ericbutera/bike/strava-gateway/cmd/worker/main.go:104.22,104.22 0 0
github.com/ericbutera/bike/strava-gateway/cmd/worker/main.go:105.39,105.39 0 0
github.com/ericbutera/bike/strava-gateway/cmd/worker/main.go:112.2,113.17 2 0
github.com/ericbutera/bike/strava-gateway/cmd/worker/main.go:114.3,115.1 1 0
github.com/ericbutera/bike/strava-gateway/cmd/worker/main.go:116.2,116.14 1 0
github.com/ericbutera/bike/strava-gateway/internal/oauth/grpc.go:29.2,30.45 2 0
github.com/ericbutera/bike/strava-gateway/internal/oauth/grpc.go:31.3,32.1 1 0
github.com/ericbutera/bike/strava-gateway/internal/oauth/grpc.go:33.2,34.97 2 0
github.com/ericbutera/bike/strava-gateway/internal/oauth/grpc.go:35.3,36.1 1 0
github.com/ericbutera/bike/strava-gateway/internal/oauth/grpc.go:37.2,39.16 3 0
github.com/ericbutera/bike/strava-gateway/internal/oauth/grpc.go:40.3,41.1 1 0
github.com/ericbutera/bike/strava-gateway/internal/oauth/grpc.go:42.2,43.31 2 0
github.com/ericbutera/bike/strava-gateway/internal/oauth/grpc.go:44.3,45.1 1 0
github.com/ericbutera/bike/strava-gateway/internal/oauth/grpc.go:46.2,46.64 1 0
github.com/ericbutera/bike/strava-gateway/internal/oauth/grpc.go:47.3,48.1 1 0
github.com/ericbutera/bike/strava-gateway/internal/oauth/grpc.go:49.2,50.48 2 0
github.com/ericbutera/bike/strava-gateway/internal/oauth/grpc.go:51.3,52.1 1 0
github.com/ericbutera/bike/strava-gateway/internal/oauth/grpc.go:53.2,55.41 3 0
github.com/ericbutera/bike/strava-gateway/internal/oauth/grpc.go:56.3,57.1 1 0
github.com/ericbutera/bike/strava-gateway/internal/oauth/grpc.go:58.2,58.12 1 0
github.com/ericbutera/bike/strava-gateway/internal/oauth/grpc.go:62.2,63.65 1 0
github.com/ericbutera/bike/strava-gateway/internal/oauth/grpc.go:64.3,65.1 1 0
github.com/ericbutera/bike/strava-gateway/internal/oauth/grpc.go:66.2,67.49 2 0
github.com/ericbutera/bike/strava-gateway/internal/oauth/grpc.go:68.3,69.1 1 0
github.com/ericbutera/bike/strava-gateway/internal/oauth/grpc.go:70.2,75.17 4 0
github.com/ericbutera/bike/strava-gateway/internal/oauth/grpc.go:76.3,77.1 1 0
github.com/ericbutera/bike/strava-gateway/internal/oauth/grpc.go:78.2,80.8 1 0
github.com/ericbutera/bike/strava-gateway/internal/oauth/grpc.go:84.2,85.65 1 0
github.com/ericbutera/bike/strava-gateway/internal/oauth/grpc.go:86.3,87.1 1 0
github.com/ericbutera/bike/strava-gateway/internal/oauth/grpc.go:88.2,91.45 4 0
github.com/ericbutera/bike/strava-gateway/internal/oauth/grpc.go:92.3,93.1 1 0
github.com/ericbutera/bike/strava-gateway/internal/oauth/grpc.go:94.2,94.16 1 0
github.com/ericbutera/bike/strava-gateway/internal/oauth/grpc.go:95.3,96.1 1 0
github.com/ericbutera/bike/strava-gateway/internal/oauth/grpc.go:97.2,98.16 2 0
github.com/ericbutera/bike/strava-gateway/internal/oauth/grpc.go:99.3,100.1 1 0
github.com/ericbutera/bike/strava-gateway/internal/oauth/grpc.go:101.2,102.16 2 0
github.com/ericbutera/bike/strava-gateway/internal/oauth/grpc.go:103.3,104.1 1 0
github.com/ericbutera/bike/strava-gateway/internal/oauth/grpc.go:105.2,109.1 2 0
github.com/ericbutera/bike/strava-gateway/internal/oauth/grpc.go:110.2,110.37 2 0
github.com/ericbutera/bike/strava-gateway/internal/oauth/grpc.go:111.3,113.1 2 0
github.com/ericbutera/bike/strava-gateway/internal/oauth/grpc.go:114.2,114.22 1 0
github.com/ericbutera/bike/strava-gateway/internal/oauth/grpc.go:118.2,119.80 1 0
github.com/ericbutera/bike/strava-gateway/internal/oauth/grpc.go:120.3,121.1 1 0
github.com/ericbutera/bike/strava-gateway/internal/oauth/grpc.go:122.2,122.105 1 0
github.com/ericbutera/bike/strava-gateway/internal/oauth/grpc.go:123.3,124.1 1 0
github.com/ericbutera/bike/strava-gateway/internal/oauth/grpc.go:125.2,128.45 4 0
github.com/ericbutera/bike/strava-gateway/internal/oauth/grpc.go:129.3,130.1 1 0
github.com/ericbutera/bike/strava-gateway/internal/oauth/grpc.go:131.2,131.83 1 0
github.com/ericbutera/bike/strava-gateway/internal/oauth/grpc.go:132.3,133.1 1 0
github.com/ericbutera/bike/strava-gateway/internal/oauth/grpc.go:134.2,134.57 1 0
github.com/ericbutera/bike/strava-gateway/internal/oauth/grpc.go:138.2,139.65 1 0
github.com/ericbutera/bike/strava-gateway/internal/oauth/grpc.go:140.3,141.1 1 0
github.com/ericbutera/bike/strava-gateway/internal/oauth/grpc.go:142.2,145.45 4 0
github.com/ericbutera/bike/strava-gateway/internal/oauth/grpc.go:146.3,147.1 1 0
github.com/ericbutera/bike/strava-gateway/internal/oauth/grpc.go:148.2,148.76 1 0
github.com/ericbutera/bike/strava-gateway/internal/oauth/grpc.go:149.3,150.1 1 0
github.com/ericbutera/bike/strava-gateway/internal/oauth/grpc.go:151.2,151.63 1 0
github.com/ericbutera/bike/strava-gateway/internal/oauth/handler.go:45.2,50.1 5 0
github.com/ericbutera/bike/strava-gateway/internal/oauth/handler.go:53.2,54.9 2 0
github.com/ericbutera/bike/strava-gateway/internal/oauth/handler.go:55.3,56.1 1 0
github.com/ericbutera/bike/strava-gateway/internal/oauth/handler.go:57.2,60.45 4 0
github.com/ericbutera/bike/strava-gateway/internal/oauth/handler.go:61.3,68.1 2 0
github.com/ericbutera/bike/strava-gateway/internal/oauth/handler.go:69.2,69.16 1 0
github.com/ericbutera/bike/strava-gateway/internal/oauth/handler.go:70.3,72.1 2 0
github.com/ericbutera/bike/strava-gateway/internal/oauth/handler.go:73.2,74.16 2 0
github.com/ericbutera/bike/strava-gateway/internal/oauth/handler.go:75.3,77.1 2 0
github.com/ericbutera/bike/strava-gateway/internal/oauth/handler.go:78.2,79.16 2 0
github.com/ericbutera/bike/strava-gateway/internal/oauth/handler.go:80.3,82.1 2 0
github.com/ericbutera/bike/strava-gateway/internal/oauth/handler.go:83.2,90.4 1 0
github.com/ericbutera/bike/strava-gateway/internal/oauth/handler.go:94.2,95.9 2 0
github.com/ericbutera/bike/strava-gateway/internal/oauth/handler.go:96.3,97.1 1 0
github.com/ericbutera/bike/strava-gateway/internal/oauth/handler.go:98.2,98.84 1 0
github.com/ericbutera/bike/strava-gateway/internal/oauth/handler.go:99.3,101.1 2 0
github.com/ericbutera/bike/strava-gateway/internal/oauth/handler.go:102.2,105.45 4 0
github.com/ericbutera/bike/strava-gateway/internal/oauth/handler.go:106.3,108.1 2 0
github.com/ericbutera/bike/strava-gateway/internal/oauth/handler.go:109.2,109.69 1 0
github.com/ericbutera/bike/strava-gateway/internal/oauth/handler.go:110.3,112.1 2 0
github.com/ericbutera/bike/strava-gateway/internal/oauth/handler.go:113.2,113.53 1 0
github.com/ericbutera/bike/strava-gateway/internal/oauth/handler.go:117.2,118.9 2 0
github.com/ericbutera/bike/strava-gateway/internal/oauth/handler.go:119.3,120.1 1 0
github.com/ericbutera/bike/strava-gateway/internal/oauth/handler.go:121.2,124.45 4 0
github.com/ericbutera/bike/strava-gateway/internal/oauth/handler.go:125.3,127.1 2 0
github.com/ericbutera/bike/strava-gateway/internal/oauth/handler.go:128.2,128.69 1 0
github.com/ericbutera/bike/strava-gateway/internal/oauth/handler.go:129.3,131.1 2 0
github.com/ericbutera/bike/strava-gateway/internal/oauth/handler.go:132.2,132.59 1 0
github.com/ericbutera/bike/strava-gateway/internal/oauth/handler.go:136.2,137.16 2 0
github.com/ericbutera/bike/strava-gateway/internal/oauth/handler.go:138.3,140.1 2 0
github.com/ericbutera/bike/strava-gateway/internal/oauth/handler.go:141.2,142.78 2 0
github.com/ericbutera/bike/strava-gateway/internal/oauth/handler.go:143.3,145.1 2 0
github.com/ericbutera/bike/strava-gateway/internal/oauth/handler.go:146.2,147.87 2 0
github.com/ericbutera/bike/strava-gateway/internal/oauth/handler.go:148.3,150.1 2 0
github.com/ericbutera/bike/strava-gateway/internal/oauth/handler.go:151.2,151.20 1 0
github.com/ericbutera/bike/strava-gateway/internal/oauth/handler.go:155.2,157.1 2 0
github.com/ericbutera/bike/strava-gateway/internal/oauth/handler.go:160.2,161.16 2 0
github.com/ericbutera/bike/strava-gateway/internal/oauth/handler.go:162.3,164.1 2 0
github.com/ericbutera/bike/strava-gateway/internal/oauth/handler.go:165.2,166.78 2 0
github.com/ericbutera/bike/strava-gateway/internal/oauth/handler.go:167.3,169.1 2 0
github.com/ericbutera/bike/strava-gateway/internal/oauth/handler.go:170.2,172.53 2 0
github.com/ericbutera/bike/strava-gateway/internal/oauth/handler.go:173.3,175.1 2 0
github.com/ericbutera/bike/strava-gateway/internal/oauth/handler.go:176.2,177.49 2 0
github.com/ericbutera/bike/strava-gateway/internal/oauth/handler.go:178.3,180.1 2 0
github.com/ericbutera/bike/strava-gateway/internal/oauth/handler.go:181.2,186.17 4 0
github.com/ericbutera/bike/strava-gateway/internal/oauth/handler.go:187.3,189.1 2 0
github.com/ericbutera/bike/strava-gateway/internal/oauth/handler.go:190.2,193.4 2 0
github.com/ericbutera/bike/strava-gateway/internal/oauth/handler.go:197.2,199.17 3 0
github.com/ericbutera/bike/strava-gateway/internal/oauth/handler.go:200.3,202.1 2 0
github.com/ericbutera/bike/strava-gateway/internal/oauth/handler.go:203.2,206.16 4 0
github.com/ericbutera/bike/strava-gateway/internal/oauth/handler.go:207.3,209.1 2 0
github.com/ericbutera/bike/strava-gateway/internal/oauth/handler.go:210.2,211.13 2 0
github.com/ericbutera/bike/strava-gateway/internal/oauth/handler.go:212.3,214.1 2 0
github.com/ericbutera/bike/strava-gateway/internal/oauth/handler.go:215.2,216.52 2 0
github.com/ericbutera/bike/strava-gateway/internal/oauth/handler.go:217.3,217.59 1 0
github.com/ericbutera/bike/strava-gateway/internal/oauth/handler.go:218.4,219.1 1 0
github.com/ericbutera/bike/strava-gateway/internal/oauth/handler.go:221.2,222.49 2 0
github.com/ericbutera/bike/strava-gateway/internal/oauth/handler.go:223.3,225.1 2 0
github.com/ericbutera/bike/strava-gateway/internal/oauth/handler.go:226.2,229.64 4 0
github.com/ericbutera/bike/strava-gateway/internal/oauth/handler.go:233.2,233.60 1 0
github.com/ericbutera/bike/strava-gateway/internal/oauth/handler.go:234.3,235.1 1 0
github.com/ericbutera/bike/strava-gateway/internal/oauth/handler.go:235.9,235.30 1 0
github.com/ericbutera/bike/strava-gateway/internal/oauth/handler.go:236.3,237.1 1 0
github.com/ericbutera/bike/strava-gateway/internal/oauth/handler.go:238.2,239.89 2 0
github.com/ericbutera/bike/strava-gateway/internal/oauth/handler.go:240.3,241.1 1 0
github.com/ericbutera/bike/strava-gateway/internal/oauth/handler.go:242.2,242.16 1 0
github.com/ericbutera/bike/strava-gateway/internal/oauth/handler.go:243.3,244.1 1 0
github.com/ericbutera/bike/strava-gateway/internal/oauth/handler.go:245.2,245.80 1 0
github.com/ericbutera/bike/strava-gateway/internal/oauth/handler.go:246.3,247.1 1 0
github.com/ericbutera/bike/strava-gateway/internal/oauth/handler.go:248.2,249.20 2 0
github.com/ericbutera/bike/strava-gateway/internal/oauth/handler.go:250.3,250.61 1 0
github.com/ericbutera/bike/strava-gateway/internal/oauth/handler.go:251.4,252.1 1 0
github.com/ericbutera/bike/strava-gateway/internal/oauth/handler.go:252.10,252.31 1 0
github.com/ericbutera/bike/strava-gateway/internal/oauth/handler.go:253.4,254.1 1 0
github.com/ericbutera/bike/strava-gateway/internal/oauth/handler.go:255.3,257.97 3 0
github.com/ericbutera/bike/strava-gateway/internal/oauth/handler.go:258.4,259.1 1 0
github.com/ericbutera/bike/strava-gateway/internal/oauth/handler.go:260.3,260.17 1 0
github.com/ericbutera/bike/strava-gateway/internal/oauth/handler.go:261.4,262.1 1 0
github.com/ericbutera/bike/strava-gateway/internal/oauth/handler.go:264.2,268.17 1 0
github.com/ericbutera/bike/strava-gateway/internal/oauth/handler.go:269.3,270.1 1 0
github.com/ericbutera/bike/strava-gateway/internal/oauth/handler.go:271.2,273.1 2 0
github.com/ericbutera/bike/strava-gateway/internal/oauth/handler.go:274.2,274.60 2 0
github.com/ericbutera/bike/strava-gateway/internal/oauth/handler.go:275.3,276.1 1 0
github.com/ericbutera/bike/strava-gateway/internal/oauth/handler.go:277.2,277.50 1 0
github.com/ericbutera/bike/strava-gateway/internal/oauth/handler.go:281.2,283.48 3 0
github.com/ericbutera/bike/strava-gateway/internal/oauth/handler.go:284.3,285.1 1 0
github.com/ericbutera/bike/strava-gateway/internal/oauth/handler.go:286.2,287.16 2 0
github.com/ericbutera/bike/strava-gateway/internal/oauth/handler.go:288.3,289.1 1 0
github.com/ericbutera/bike/strava-gateway/internal/oauth/handler.go:290.2,291.24 2 0
github.com/ericbutera/bike/strava-gateway/internal/oauth/handler.go:292.3,293.1 1 0
github.com/ericbutera/bike/strava-gateway/internal/oauth/handler.go:294.2,294.64 1 0
github.com/ericbutera/bike/strava-gateway/internal/oauth/handler.go:295.3,296.1 1 0
github.com/ericbutera/bike/strava-gateway/internal/oauth/handler.go:297.2,300.43 4 0
github.com/ericbutera/bike/strava-gateway/internal/observability/logger.go:11.2,11.19 1 1
github.com/ericbutera/bike/strava-gateway/internal/observability/logger.go:12.3,13.1 1 0
github.com/ericbutera/bike/strava-gateway/internal/observability/logger.go:15.2,15.76 1 1
github.com/ericbutera/bike/strava-gateway/internal/observability/logger.go:19.2,20.28 2 25
github.com/ericbutera/bike/strava-gateway/internal/observability/logger.go:21.3,22.1 1 25
github.com/ericbutera/bike/strava-gateway/internal/observability/logger.go:24.2,27.3 1 0
github.com/ericbutera/bike/strava-gateway/internal/observability/metrics.go:54.2,90.1 6 0
github.com/ericbutera/bike/strava-gateway/internal/observability/metrics.go:91.2,103.1 6 0
github.com/ericbutera/bike/strava-gateway/internal/observability/metrics.go:106.2,107.1 1 0
github.com/ericbutera/bike/strava-gateway/internal/observability/metrics.go:110.2,110.82 1 0
github.com/ericbutera/bike/strava-gateway/internal/observability/metrics.go:111.3,111.104 1 0
github.com/ericbutera/bike/strava-gateway/internal/observability/metrics.go:112.4,114.1 2 0
github.com/ericbutera/bike/strava-gateway/internal/observability/metrics.go:115.3,118.27 4 0
github.com/ericbutera/bike/strava-gateway/internal/observability/metrics.go:119.4,120.1 1 0
github.com/ericbutera/bike/strava-gateway/internal/observability/metrics.go:121.3,122.18 2 0
github.com/ericbutera/bike/strava-gateway/internal/observability/metrics.go:123.4,124.1 1 0
github.com/ericbutera/bike/strava-gateway/internal/observability/metrics.go:125.3,127.74 3 0
github.com/ericbutera/bike/strava-gateway/internal/observability/metrics.go:128.4,130.29 3 0
github.com/ericbutera/bike/strava-gateway/internal/observability/metrics.go:131.5,132.1 1 0
github.com/ericbutera/bike/strava-gateway/internal/observability/metrics.go:133.4,138.1 2 0
github.com/ericbutera/bike/strava-gateway/internal/observability/metrics.go:139.4,139.57 2 0
github.com/ericbutera/bike/strava-gateway/internal/observability/metrics.go:140.5,141.1 1 0
github.com/ericbutera/bike/strava-gateway/internal/observability/metrics.go:141.11,141.55 1 0
github.com/ericbutera/bike/strava-gateway/internal/observability/metrics.go:142.5,143.1 1 0
github.com/ericbutera/bike/strava-gateway/internal/observability/metrics.go:144.5,145.1 1 0
github.com/ericbutera/bike/strava-gateway/internal/observability/metrics.go:151.2,157.1 6 0
github.com/ericbutera/bike/strava-gateway/internal/observability/metrics.go:160.2,161.17 2 0
github.com/ericbutera/bike/strava-gateway/internal/observability/metrics.go:162.3,163.1 1 0
github.com/ericbutera/bike/strava-gateway/internal/observability/metrics.go:164.2,166.77 3 0
github.com/ericbutera/bike/strava-gateway/internal/observability/metrics.go:170.2,174.1 4 0
github.com/ericbutera/bike/strava-gateway/internal/observability/metrics.go:177.2,181.1 4 0
github.com/ericbutera/bike/strava-gateway/internal/observability/metrics.go:184.2,186.60 3 0
github.com/ericbutera/bike/strava-gateway/internal/observability/metrics.go:187.3,188.1 1 0
github.com/ericbutera/bike/strava-gateway/internal/observability/metrics.go:189.2,191.64 3 0
github.com/ericbutera/bike/strava-gateway/internal/observability/metrics.go:192.3,193.1 1 0
github.com/ericbutera/bike/strava-gateway/internal/observability/metrics.go:194.2,196.72 3 0
github.com/ericbutera/bike/strava-gateway/internal/observability/metrics.go:200.2,201.1 1 0
github.com/ericbutera/bike/strava-gateway/internal/observability/metrics.go:204.2,208.1 4 0
github.com/ericbutera/bike/strava-gateway/internal/observability/metrics.go:211.2,215.1 4 0
github.com/ericbutera/bike/strava-gateway/internal/observability/metrics.go:218.2,218.16 1 0
github.com/ericbutera/bike/strava-gateway/internal/observability/metrics.go:219.3,220.1 1 0
github.com/ericbutera/bike/strava-gateway/internal/observability/metrics.go:221.2,222.70 2 0
github.com/ericbutera/bike/strava-gateway/internal/observability/metrics.go:226.2,228.1 2 0
github.com/ericbutera/bike/strava-gateway/internal/observability/metrics.go:231.2,232.1 1 0
github.com/ericbutera/bike/strava-gateway/internal/observability/metrics.go:235.2,240.1 5 0
github.com/ericbutera/bike/strava-gateway/internal/observability/metrics.go:243.2,243.16 1 0
github.com/ericbutera/bike/strava-gateway/internal/observability/metrics.go:245.3,245.26 1 0
github.com/ericbutera/bike/strava-gateway/internal/observability/metrics.go:247.3,247.22 1 0
github.com/ericbutera/bike/strava-gateway/internal/observability/metrics.go:249.3,249.29 1 0
github.com/ericbutera/bike/strava-gateway/internal/observability/metrics.go:251.3,251.25 1 0
github.com/ericbutera/bike/strava-gateway/internal/observability/metrics.go:253.3,253.17 1 0
github.com/ericbutera/bike/strava-gateway/internal/observability/metrics.go:258.2,260.1 2 0
github.com/ericbutera/bike/strava-gateway/internal/observability/metrics.go:263.2,264.1 1 0
github.com/ericbutera/bike/strava-gateway/internal/observability/metrics.go:267.2,268.1 1 0
github.com/ericbutera/bike/strava-gateway/internal/observability/metrics.go:271.2,277.68 7 0
github.com/ericbutera/bike/strava-gateway/internal/observability/metrics.go:278.3,279.1 1 0
github.com/ericbutera/bike/strava-gateway/internal/observability/metrics.go:283.2,283.68 1 0
github.com/ericbutera/bike/strava-gateway/internal/observability/metrics.go:284.3,285.1 1 0
github.com/ericbutera/bike/strava-gateway/internal/observability/metrics.go:294.2,294.26 1 0
github.com/ericbutera/bike/strava-gateway/internal/observability/metrics.go:295.3,296.1 1 0
github.com/ericbutera/bike/strava-gateway/internal/observability/metrics.go:297.2,298.49 2 0
github.com/ericbutera/bike/strava-gateway/internal/observability/metrics.go:302.2,302.26 1 0
github.com/ericbutera/bike/strava-gateway/internal/observability/metrics.go:303.3,304.1 1 0
github.com/ericbutera/bike/strava-gateway/internal/observability/metrics.go:305.2,305.44 1 0
github.com/ericbutera/bike/strava-gateway/internal/observability/metrics.go:308.64,308.96 1 0
github.com/ericbutera/bike/strava-gateway/internal/observability/metrics.go:311.2,311.9 1 0
github.com/ericbutera/bike/strava-gateway/internal/observability/metrics.go:313.3,313.23 1 0
github.com/ericbutera/bike/strava-gateway/internal/observability/metrics.go:315.3,315.27 1 0
github.com/ericbutera/bike/strava-gateway/internal/observability/metrics.go:317.3,317.27 1 0
github.com/ericbutera/bike/strava-gateway/internal/observability/metrics.go:319.3,319.28 1 0
github.com/ericbutera/bike/strava-gateway/internal/observability/metrics.go:321.3,321.27 1 0
github.com/ericbutera/bike/strava-gateway/internal/observability/metrics.go:323.3,323.17 1 0
github.com/ericbutera/bike/strava-gateway/internal/observability/metrics.go:328.2,328.16 1 0
github.com/ericbutera/bike/strava-gateway/internal/observability/metrics.go:330.3,330.16 1 0
github.com/ericbutera/bike/strava-gateway/internal/observability/metrics.go:332.3,332.17 1 0
github.com/ericbutera/bike/strava-gateway/internal/observability/metrics.go:337.2,337.36 1 0
github.com/ericbutera/bike/strava-gateway/internal/observability/metrics.go:338.3,338.25 1 0
github.com/ericbutera/bike/strava-gateway/internal/observability/metrics.go:339.4,340.1 1 0
github.com/ericbutera/bike/strava-gateway/internal/observability/metrics.go:342.2,342.16 1 0
github.com/ericbutera/bike/strava-gateway/internal/observability/metrics.go:346.2,347.1 1 0
github.com/ericbutera/bike/strava-gateway/internal/observability/tracing.go:19.2,26.1 5 0
github.com/ericbutera/bike/strava-gateway/internal/observability/tracing.go:27.2,32.1 5 0
github.com/ericbutera/bike/strava-gateway/internal/observability/tracing.go:33.2,33.23 5 0
github.com/ericbutera/bike/strava-gateway/internal/observability/tracing.go:34.3,35.17 2 0
github.com/ericbutera/bike/strava-gateway/internal/observability/tracing.go:36.4,37.1 1 0
github.com/ericbutera/bike/strava-gateway/internal/observability/tracing.go:38.3,41.5 1 0
github.com/ericbutera/bike/strava-gateway/internal/observability/tracing.go:43.2,45.31 3 0
github.com/ericbutera/bike/strava-gateway/internal/observability/tracing.go:49.2,49.127 1 0
github.com/ericbutera/bike/strava-gateway/internal/observability/tracing.go:50.3,51.1 1 0
github.com/ericbutera/bike/strava-gateway/internal/observability/tracing.go:52.2,52.90 1 0
github.com/ericbutera/bike/strava-gateway/internal/observability/tracing.go:53.3,53.59 1 0
github.com/ericbutera/bike/strava-gateway/internal/observability/tracing.go:54.4,54.62 1 0
github.com/ericbutera/bike/strava-gateway/internal/observability/tracing.go:55.5,56.1 1 0
github.com/ericbutera/bike/strava-gateway/internal/observability/tracing.go:58.3,58.15 1 0
github.com/ericbutera/bike/strava-gateway/internal/observability/tracing.go:60.2,60.112 1 0
github.com/ericbutera/bike/strava-gateway/internal/observability/tracing.go:64.2,64.62 1 0
github.com/ericbutera/bike/strava-gateway/internal/observability/tracing.go:65.3,66.1 1 0
github.com/ericbutera/bike/strava-gateway/internal/observability/tracing.go:67.2,67.17 1 0
github.com/ericbutera/bike/strava-gateway/internal/observability/tracing.go:71.2,72.24 2 0
github.com/ericbutera/bike/strava-gateway/internal/observability/tracing.go:73.3,74.1 1 0
github.com/ericbutera/bike/strava-gateway/internal/observability/tracing.go:75.2,75.23 1 0
github.com/ericbutera/bike/strava-gateway/internal/observability/tracing.go:76.3,77.1 1 0
github.com/ericbutera/bike/strava-gateway/internal/observability/tracing.go:78.2,82.29 5 0
github.com/ericbutera/bike/strava-gateway/internal/observability/tracing.go:83.3,84.1 1 0
github.com/ericbutera/bike/strava-gateway/internal/observability/tracing.go:85.2,85.72 1 0
github.com/ericbutera/bike/strava-gateway/internal/provider/client.go:30.2,31.16 2 0
github.com/ericbutera/bike/strava-gateway/internal/provider/client.go:32.3,33.1 1 0
github.com/ericbutera/bike/strava-gateway/internal/provider/client.go:34.2,38.1 2 0
github.com/ericbutera/bike/strava-gateway/internal/provider/client.go:39.2,39.52 2 0
github.com/ericbutera/bike/strava-gateway/internal/provider/client.go:43.2,44.16 2 0
github.com/ericbutera/bike/strava-gateway/internal/provider/client.go:45.3,46.1 1 0
github.com/ericbutera/bike/strava-gateway/internal/provider/client.go:47.2,49.1 2 0
github.com/ericbutera/bike/strava-gateway/internal/provider/client.go:50.2,50.64 2 0
github.com/ericbutera/bike/strava-gateway/internal/provider/client.go:51.3,52.1 1 0
github.com/ericbutera/bike/strava-gateway/internal/provider/client.go:53.2,53.21 1 0
github.com/ericbutera/bike/strava-gateway/internal/provider/client.go:54.3,55.1 1 0
github.com/ericbutera/bike/strava-gateway/internal/provider/client.go:56.2,56.34 1 0
github.com/ericbutera/bike/strava-gateway/internal/provider/client.go:80.39,80.102 1 0
github.com/ericbutera/bike/strava-gateway/internal/provider/client.go:93.2,93.24 1 0
github.com/ericbutera/bike/strava-gateway/internal/provider/client.go:95.3,95.29 1 0
github.com/ericbutera/bike/strava-gateway/internal/provider/client.go:97.3,97.28 1 0
github.com/ericbutera/bike/strava-gateway/internal/provider/client.go:99.3,99.26 1 0
github.com/ericbutera/bike/strava-gateway/internal/provider/client.go:101.3,101.25 1 0
github.com/ericbutera/bike/strava-gateway/internal/provider/client.go:103.3,103.22 1 0
github.com/ericbutera/bike/strava-gateway/internal/provider/client.go:108.2,109.1 1 0
github.com/ericbutera/bike/strava-gateway/internal/provider/client.go:112.2,116.1 3 0
github.com/ericbutera/bike/strava-gateway/internal/provider/client.go:117.2,118.1 3 0
github.com/ericbutera/bike/strava-gateway/internal/provider/client.go:121.2,122.20 2 0
github.com/ericbutera/bike/strava-gateway/internal/provider/client.go:123.3,124.1 1 0
github.com/ericbutera/bike/strava-gateway/internal/provider/client.go:125.2,126.16 2 0
github.com/ericbutera/bike/strava-gateway/internal/provider/client.go:127.3,128.1 1 0
github.com/ericbutera/bike/strava-gateway/internal/provider/client.go:129.2,131.1 2 0
github.com/ericbutera/bike/strava-gateway/internal/provider/client.go:132.2,132.63 2 0
github.com/ericbutera/bike/strava-gateway/internal/provider/client.go:133.3,134.1 1 0
github.com/ericbutera/bike/strava-gateway/internal/provider/client.go:135.2,136.31 2 0
github.com/ericbutera/bike/strava-gateway/internal/provider/client.go:137.3,137.19 1 0
github.com/ericbutera/bike/strava-gateway/internal/provider/client.go:138.4,139.1 1 0
github.com/ericbutera/bike/strava-gateway/internal/provider/client.go:141.2,141.27 1 0
github.com/ericbutera/bike/strava-gateway/internal/provider/client.go:145.2,146.16 2 0
github.com/ericbutera/bike/strava-gateway/internal/provider/client.go:147.3,148.1 1 0
github.com/ericbutera/bike/strava-gateway/internal/provider/client.go:149.2,150.16 2 0
github.com/ericbutera/bike/strava-gateway/internal/provider/client.go:151.3,152.1 1 0
github.com/ericbutera/bike/strava-gateway/internal/provider/client.go:153.2,154.29 2 0
github.com/ericbutera/bike/strava-gateway/internal/provider/client.go:158.2,159.1 1 0
github.com/ericbutera/bike/strava-gateway/internal/provider/client.go:162.2,163.1 1 0
github.com/ericbutera/bike/strava-gateway/internal/provider/client.go:166.2,166.56 1 0
github.com/ericbutera/bike/strava-gateway/internal/provider/client.go:167.3,168.1 1 0
github.com/ericbutera/bike/strava-gateway/internal/provider/client.go:169.2,172.16 4 0
github.com/ericbutera/bike/strava-gateway/internal/provider/client.go:173.3,174.1 1 0
github.com/ericbutera/bike/strava-gateway/internal/provider/client.go:175.2,177.16 2 0
github.com/ericbutera/bike/strava-gateway/internal/provider/client.go:178.3,179.1 1 0
github.com/ericbutera/bike/strava-gateway/internal/provider/client.go:180.2,182.16 3 0
github.com/ericbutera/bike/strava-gateway/internal/provider/client.go:183.3,184.1 1 0
github.com/ericbutera/bike/strava-gateway/internal/provider/client.go:185.2,186.62 2 0
github.com/ericbutera/bike/strava-gateway/internal/provider/client.go:187.3,188.1 1 0
github.com/ericbutera/bike/strava-gateway/internal/provider/client.go:189.2,189.81 1 0
github.com/ericbutera/bike/strava-gateway/internal/provider/client.go:190.3,191.1 1 0
github.com/ericbutera/bike/strava-gateway/internal/provider/client.go:192.2,192.29 1 0
github.com/ericbutera/bike/strava-gateway/internal/provider/client.go:196.2,198.23 3 0
github.com/ericbutera/bike/strava-gateway/internal/provider/client.go:199.3,200.1 1 0
github.com/ericbutera/bike/strava-gateway/internal/provider/client.go:201.2,202.16 2 0
github.com/ericbutera/bike/strava-gateway/internal/provider/client.go:203.3,205.1 2 0
github.com/ericbutera/bike/strava-gateway/internal/provider/client.go:206.2,206.15 1 0
github.com/ericbutera/bike/strava-gateway/internal/provider/client.go:206.17,206.62 1 0
github.com/ericbutera/bike/strava-gateway/internal/provider/client.go:207.2,207.27 1 0
github.com/ericbutera/bike/strava-gateway/internal/provider/client.go:208.3,209.1 1 0
github.com/ericbutera/bike/strava-gateway/internal/provider/client.go:210.2,211.16 2 0
github.com/ericbutera/bike/strava-gateway/internal/provider/client.go:212.3,214.1 2 0
github.com/ericbutera/bike/strava-gateway/internal/provider/client.go:215.2,215.33 1 0
github.com/ericbutera/bike/strava-gateway/internal/provider/client.go:216.3,218.1 2 0
github.com/ericbutera/bike/strava-gateway/internal/provider/client.go:219.2,221.57 3 0
github.com/ericbutera/bike/strava-gateway/internal/provider/client.go:222.3,223.1 1 0
github.com/ericbutera/bike/strava-gateway/internal/provider/client.go:224.2,224.22 1 0
github.com/ericbutera/bike/strava-gateway/internal/provider/client.go:228.2,228.27 1 0
github.com/ericbutera/bike/strava-gateway/internal/provider/client.go:229.3,230.1 1 0
github.com/ericbutera/bike/strava-gateway/internal/provider/client.go:234.2,234.85 1 0
github.com/ericbutera/bike/strava-gateway/internal/provider/client.go:235.3,236.1 1 0
github.com/ericbutera/bike/strava-gateway/internal/provider/client.go:237.2,237.74 1 0
github.com/ericbutera/bike/strava-gateway/internal/provider/client.go:238.3,239.1 1 0
github.com/ericbutera/bike/strava-gateway/internal/provider/client.go:240.2,240.20 1 0
github.com/ericbutera/bike/strava-gateway/internal/provider/client.go:250.2,251.56 2 0
github.com/ericbutera/bike/strava-gateway/internal/provider/client.go:252.3,253.1 1 0
github.com/ericbutera/bike/strava-gateway/internal/provider/client.go:254.2,254.22 1 0
github.com/ericbutera/bike/strava-gateway/internal/provider/client.go:255.3,256.1 1 0
github.com/ericbutera/bike/strava-gateway/internal/provider/client.go:257.2,257.22 1 0
github.com/ericbutera/bike/strava-gateway/internal/provider/client.go:261.2,262.16 2 0
github.com/ericbutera/bike/strava-gateway/internal/provider/client.go:263.3,264.1 1 0
github.com/ericbutera/bike/strava-gateway/internal/provider/client.go:265.2,265.50 1 0
github.com/ericbutera/bike/strava-gateway/internal/provider/client.go:267.3,267.14 1 0
github.com/ericbutera/bike/strava-gateway/internal/provider/client.go:269.3,269.15 1 0
github.com/ericbutera/bike/strava-gateway/internal/provider/scopes.go:9.2,9.53 1 0
github.com/ericbutera/bike/strava-gateway/internal/provider/scopes.go:10.3,11.1 1 0
github.com/ericbutera/bike/strava-gateway/internal/provider/scopes.go:15.2,15.32 1 0
github.com/ericbutera/bike/strava-gateway/internal/provider/scopes.go:16.3,16.45 1 0
github.com/ericbutera/bike/strava-gateway/internal/provider/scopes.go:17.4,17.23 1 0
github.com/ericbutera/bike/strava-gateway/internal/provider/scopes.go:18.5,19.1 1 0
github.com/ericbutera/bike/strava-gateway/internal/provider/scopes.go:22.2,22.14 1 0
github.com/ericbutera/bike/strava-gateway/internal/secret/token.go:18.2,19.34 2 0
github.com/ericbutera/bike/strava-gateway/internal/secret/token.go:20.3,21.1 1 0
github.com/ericbutera/bike/strava-gateway/internal/secret/token.go:22.2,23.16 2 0
github.com/ericbutera/bike/strava-gateway/internal/secret/token.go:24.3,25.1 1 0
github.com/ericbutera/bike/strava-gateway/internal/secret/token.go:26.2,27.16 2 0
github.com/ericbutera/bike/strava-gateway/internal/secret/token.go:28.3,29.1 1 0
github.com/ericbutera/bike/strava-gateway/internal/secret/token.go:30.2,30.37 1 0
github.com/ericbutera/bike/strava-gateway/internal/secret/token.go:36.2,37.44 2 0
github.com/ericbutera/bike/strava-gateway/internal/secret/token.go:38.3,39.1 1 0
github.com/ericbutera/bike/strava-gateway/internal/secret/token.go:40.2,40.71 1 0
github.com/ericbutera/bike/strava-gateway/internal/secret/token.go:44.2,45.29 2 0
github.com/ericbutera/bike/strava-gateway/internal/secret/token.go:46.3,47.1 1 0
github.com/ericbutera/bike/strava-gateway/internal/secret/token.go:48.2,48.86 1 0
github.com/ericbutera/bike/strava-gateway/internal/storage/connections.go:29.2,30.16 2 0
github.com/ericbutera/bike/strava-gateway/internal/storage/connections.go:31.3,32.1 1 0
github.com/ericbutera/bike/strava-gateway/internal/storage/connections.go:33.2,40.12 2 0
github.com/ericbutera/bike/strava-gateway/internal/storage/connections.go:46.2,46.17 1 0
github.com/ericbutera/bike/strava-gateway/internal/storage/connections.go:47.3,48.1 1 0
github.com/ericbutera/bike/strava-gateway/internal/storage/connections.go:49.2,50.16 2 0
github.com/ericbutera/bike/strava-gateway/internal/storage/connections.go:51.3,52.1 1 0
github.com/ericbutera/bike/strava-gateway/internal/storage/connections.go:53.2,54.16 2 0
github.com/ericbutera/bike/strava-gateway/internal/storage/connections.go:55.3,56.1 1 0
github.com/ericbutera/bike/strava-gateway/internal/storage/connections.go:57.2,61.13 3 0
github.com/ericbutera/bike/strava-gateway/internal/storage/connections.go:62.3,66.1 1 0
github.com/ericbutera/bike/strava-gateway/internal/storage/connections.go:67.2,68.16 2 0
github.com/ericbutera/bike/strava-gateway/internal/storage/connections.go:69.3,70.1 1 0
github.com/ericbutera/bike/strava-gateway/internal/storage/connections.go:71.2,75.16 2 0
github.com/ericbutera/bike/strava-gateway/internal/storage/connections.go:76.3,77.1 1 0
github.com/ericbutera/bike/strava-gateway/internal/storage/connections.go:78.2,78.32 1 0
github.com/ericbutera/bike/strava-gateway/internal/storage/connections.go:79.3,80.1 1 0
github.com/ericbutera/bike/strava-gateway/internal/storage/connections.go:81.2,81.39 1 0
github.com/ericbutera/bike/strava-gateway/internal/storage/connections.go:82.3,83.1 1 0
github.com/ericbutera/bike/strava-gateway/internal/storage/connections.go:84.2,84.42 1 0
github.com/ericbutera/bike/strava-gateway/internal/storage/connections.go:88.2,88.105 1 0
github.com/ericbutera/bike/strava-gateway/internal/storage/connections.go:89.3,90.1 1 0
github.com/ericbutera/bike/strava-gateway/internal/storage/connections.go:91.2,95.16 2 0
github.com/ericbutera/bike/strava-gateway/internal/storage/connections.go:96.3,97.1 1 0
github.com/ericbutera/bike/strava-gateway/internal/storage/connections.go:98.2,99.20 2 0
github.com/ericbutera/bike/strava-gateway/internal/storage/connections.go:103.2,109.16 5 0
github.com/ericbutera/bike/strava-gateway/internal/storage/connections.go:110.3,111.1 1 0
github.com/ericbutera/bike/strava-gateway/internal/storage/connections.go:112.2,113.16 2 0
github.com/ericbutera/bike/strava-gateway/internal/storage/connections.go:114.3,115.1 1 0
github.com/ericbutera/bike/strava-gateway/internal/storage/connections.go:116.2,119.1 2 0
github.com/ericbutera/bike/strava-gateway/internal/storage/connections.go:120.2,120.55 2 0
github.com/ericbutera/bike/strava-gateway/internal/storage/connections.go:121.3,122.1 1 0
github.com/ericbutera/bike/strava-gateway/internal/storage/connections.go:123.2,124.18 2 0
github.com/ericbutera/bike/strava-gateway/internal/storage/connections.go:129.2,130.16 2 0
github.com/ericbutera/bike/strava-gateway/internal/storage/connections.go:131.3,132.1 1 0
github.com/ericbutera/bike/strava-gateway/internal/storage/connections.go:133.2,135.12 2 0
github.com/ericbutera/bike/strava-gateway/internal/storage/connections.go:145.2,145.70 1 0
github.com/ericbutera/bike/strava-gateway/internal/storage/connections.go:146.3,147.1 1 0
github.com/ericbutera/bike/strava-gateway/internal/storage/connections.go:148.2,153.16 2 0
github.com/ericbutera/bike/strava-gateway/internal/storage/connections.go:154.3,155.1 1 0
github.com/ericbutera/bike/strava-gateway/internal/storage/connections.go:156.2,156.33 1 0
github.com/ericbutera/bike/strava-gateway/internal/storage/connections.go:157.3,158.1 1 0
github.com/ericbutera/bike/strava-gateway/internal/storage/connections.go:159.2,159.12 1 0
github.com/ericbutera/bike/strava-gateway/internal/storage/connections.go:163.2,167.35 4 0
github.com/ericbutera/bike/strava-gateway/internal/storage/connections.go:168.3,169.1 1 0
github.com/ericbutera/bike/strava-gateway/internal/storage/connections.go:170.2,170.18 1 0
github.com/ericbutera/bike/strava-gateway/internal/storage/connections.go:174.2,178.35 4 0
github.com/ericbutera/bike/strava-gateway/internal/storage/connections.go:179.3,180.1 1 0
github.com/ericbutera/bike/strava-gateway/internal/storage/connections.go:181.2,181.18 1 0
github.com/ericbutera/bike/strava-gateway/internal/storage/connections.go:185.2,186.16 2 0
github.com/ericbutera/bike/strava-gateway/internal/storage/connections.go:187.3,188.1 1 0
github.com/ericbutera/bike/strava-gateway/internal/storage/connections.go:189.2,193.16 3 0
github.com/ericbutera/bike/strava-gateway/internal/storage/connections.go:194.3,195.1 1 0
github.com/ericbutera/bike/strava-gateway/internal/storage/connections.go:196.2,196.33 1 0
github.com/ericbutera/bike/strava-gateway/internal/storage/connections.go:197.3,198.1 1 0
github.com/ericbutera/bike/strava-gateway/internal/storage/connections.go:199.2,201.84 1 0
github.com/ericbutera/bike/strava-gateway/internal/storage/connections.go:202.3,203.1 1 0
github.com/ericbutera/bike/strava-gateway/internal/storage/connections.go:204.2,204.23 1 0
github.com/ericbutera/bike/strava-gateway/internal/storage/inbox.go:25.2,28.16 4 0
github.com/ericbutera/bike/strava-gateway/internal/storage/inbox.go:29.3,30.1 1 0
github.com/ericbutera/bike/strava-gateway/internal/storage/inbox.go:31.2,38.35 4 0
github.com/ericbutera/bike/strava-gateway/internal/storage/inbox.go:39.3,40.1 1 0
github.com/ericbutera/bike/strava-gateway/internal/storage/inbox.go:41.2,41.16 1 0
github.com/ericbutera/bike/strava-gateway/internal/storage/inbox.go:42.3,43.1 1 0
github.com/ericbutera/bike/strava-gateway/internal/storage/inbox.go:44.2,47.16 2 0
github.com/ericbutera/bike/strava-gateway/internal/storage/inbox.go:48.3,49.1 1 0
github.com/ericbutera/bike/strava-gateway/internal/storage/inbox.go:50.2,51.18 2 0
github.com/ericbutera/bike/strava-gateway/internal/storage/inbox.go:52.3,53.44 2 0
github.com/ericbutera/bike/strava-gateway/internal/storage/inbox.go:54.4,56.1 2 0
github.com/ericbutera/bike/strava-gateway/internal/storage/inbox.go:57.3,57.21 1 0
github.com/ericbutera/bike/strava-gateway/internal/storage/inbox.go:59.2,59.35 1 0
github.com/ericbutera/bike/strava-gateway/internal/storage/inbox.go:60.3,62.1 2 0
github.com/ericbutera/bike/strava-gateway/internal/storage/inbox.go:63.2,64.39 2 0
github.com/ericbutera/bike/strava-gateway/internal/storage/inbox.go:65.3,66.1 1 0
github.com/ericbutera/bike/strava-gateway/internal/storage/inbox.go:67.2,67.26 1 0
github.com/ericbutera/bike/strava-gateway/internal/storage/inbox.go:68.3,68.37 1 0
github.com/ericbutera/bike/strava-gateway/internal/storage/inbox.go:69.4,70.1 1 0
github.com/ericbutera/bike/strava-gateway/internal/storage/inbox.go:72.2,72.18 1 0
github.com/ericbutera/bike/strava-gateway/internal/storage/inbox.go:76.2,76.17 1 0
github.com/ericbutera/bike/strava-gateway/internal/storage/inbox.go:77.3,78.1 1 0
github.com/ericbutera/bike/strava-gateway/internal/storage/inbox.go:79.2,79.15 1 0
github.com/ericbutera/bike/strava-gateway/internal/storage/jobs.go:32.2,50.63 3 0
github.com/ericbutera/bike/strava-gateway/internal/storage/jobs.go:51.3,52.1 1 0
github.com/ericbutera/bike/strava-gateway/internal/storage/jobs.go:53.2,56.19 4 0
github.com/ericbutera/bike/strava-gateway/internal/storage/jobs.go:68.2,81.35 4 0
github.com/ericbutera/bike/strava-gateway/internal/storage/jobs.go:82.3,83.1 1 0
github.com/ericbutera/bike/strava-gateway/internal/storage/jobs.go:84.2,84.16 1 0
github.com/ericbutera/bike/strava-gateway/internal/storage/jobs.go:85.3,86.1 1 0
github.com/ericbutera/bike/strava-gateway/internal/storage/jobs.go:87.2,87.56 1 0
github.com/ericbutera/bike/strava-gateway/internal/storage/jobs.go:88.3,89.1 1 0
github.com/ericbutera/bike/strava-gateway/internal/storage/jobs.go:90.2,90.18 1 0
github.com/ericbutera/bike/strava-gateway/internal/storage/jobs.go:100.2,100.82 1 0
github.com/ericbutera/bike/strava-gateway/internal/storage/jobs.go:101.3,102.1 1 0
github.com/ericbutera/bike/strava-gateway/internal/storage/jobs.go:103.2,104.16 2 0
github.com/ericbutera/bike/strava-gateway/internal/storage/jobs.go:105.3,106.1 1 0
github.com/ericbutera/bike/strava-gateway/internal/storage/jobs.go:107.2,109.21 3 0
github.com/ericbutera/bike/strava-gateway/internal/storage/jobs.go:110.3,110.111 1 0
github.com/ericbutera/bike/strava-gateway/internal/storage/jobs.go:111.4,112.1 1 0
github.com/ericbutera/bike/strava-gateway/internal/storage/jobs.go:113.3,117.84 1 0
github.com/ericbutera/bike/strava-gateway/internal/storage/jobs.go:118.4,119.1 1 0
github.com/ericbutera/bike/strava-gateway/internal/storage/jobs.go:120.3,120.26 1 0
github.com/ericbutera/bike/strava-gateway/internal/storage/jobs.go:121.9,121.34 1 0
github.com/ericbutera/bike/strava-gateway/internal/storage/jobs.go:122.3,123.1 1 0
github.com/ericbutera/bike/strava-gateway/internal/storage/jobs.go:124.2,126.124 1 0
github.com/ericbutera/bike/strava-gateway/internal/storage/jobs.go:127.3,128.1 1 0
github.com/ericbutera/bike/strava-gateway/internal/storage/jobs.go:129.2,131.16 2 0
github.com/ericbutera/bike/strava-gateway/internal/storage/jobs.go:132.3,133.1 1 0
github.com/ericbutera/bike/strava-gateway/internal/storage/jobs.go:134.2,134.33 1 0
github.com/ericbutera/bike/strava-gateway/internal/storage/jobs.go:135.3,136.1 1 0
github.com/ericbutera/bike/strava-gateway/internal/storage/jobs.go:137.2,137.23 1 0
github.com/ericbutera/bike/strava-gateway/internal/storage/jobs.go:141.2,142.37 2 0
github.com/ericbutera/bike/strava-gateway/internal/storage/jobs.go:143.3,144.1 1 0
github.com/ericbutera/bike/strava-gateway/internal/storage/jobs.go:145.2,148.12 2 0
github.com/ericbutera/bike/strava-gateway/internal/storage/jobs.go:152.2,154.1 2 0
github.com/ericbutera/bike/strava-gateway/internal/storage/jobs.go:157.2,158.16 2 0
github.com/ericbutera/bike/strava-gateway/internal/storage/jobs.go:159.3,160.1 1 0
github.com/ericbutera/bike/strava-gateway/internal/storage/jobs.go:161.2,163.109 2 0
github.com/ericbutera/bike/strava-gateway/internal/storage/jobs.go:164.3,165.1 1 0
github.com/ericbutera/bike/strava-gateway/internal/storage/jobs.go:166.2,167.96 1 0
github.com/ericbutera/bike/strava-gateway/internal/storage/jobs.go:168.3,169.1 1 0
github.com/ericbutera/bike/strava-gateway/internal/storage/jobs.go:170.2,170.23 1 0
github.com/ericbutera/bike/strava-gateway/internal/storage/jobs.go:187.2,206.35 6 0
github.com/ericbutera/bike/strava-gateway/internal/storage/jobs.go:207.3,208.1 1 0
github.com/ericbutera/bike/strava-gateway/internal/storage/jobs.go:209.2,209.16 1 0
github.com/ericbutera/bike/strava-gateway/internal/storage/jobs.go:210.3,211.1 1 0
github.com/ericbutera/bike/strava-gateway/internal/storage/jobs.go:212.2,212.56 1 0
github.com/ericbutera/bike/strava-gateway/internal/storage/jobs.go:213.3,214.1 1 0
github.com/ericbutera/bike/strava-gateway/internal/storage/jobs.go:215.2,215.47 1 0
github.com/ericbutera/bike/strava-gateway/internal/storage/jobs.go:216.3,217.1 1 0
github.com/ericbutera/bike/strava-gateway/internal/storage/jobs.go:218.2,218.18 1 0
github.com/ericbutera/bike/strava-gateway/internal/storage/jobs.go:222.2,225.16 2 0
github.com/ericbutera/bike/strava-gateway/internal/storage/jobs.go:226.3,227.1 1 0
github.com/ericbutera/bike/strava-gateway/internal/storage/jobs.go:228.2,228.33 1 0
github.com/ericbutera/bike/strava-gateway/internal/storage/jobs.go:229.3,230.1 1 0
github.com/ericbutera/bike/strava-gateway/internal/storage/jobs.go:231.2,231.12 1 0
github.com/ericbutera/bike/strava-gateway/internal/storage/jobs.go:235.2,236.37 2 0
github.com/ericbutera/bike/strava-gateway/internal/storage/jobs.go:237.3,238.1 1 0
github.com/ericbutera/bike/strava-gateway/internal/storage/jobs.go:239.2,242.12 2 0
github.com/ericbutera/bike/strava-gateway/internal/storage/jobs.go:249.2,249.51 1 0
github.com/ericbutera/bike/strava-gateway/internal/storage/jobs.go:250.3,251.1 1 0
github.com/ericbutera/bike/strava-gateway/internal/storage/jobs.go:252.2,253.16 2 0
github.com/ericbutera/bike/strava-gateway/internal/storage/jobs.go:254.3,255.1 1 0
github.com/ericbutera/bike/strava-gateway/internal/storage/jobs.go:256.2,259.65 2 0
github.com/ericbutera/bike/strava-gateway/internal/storage/jobs.go:260.3,261.1 1 0
github.com/ericbutera/bike/strava-gateway/internal/storage/jobs.go:262.2,265.16 2 0
github.com/ericbutera/bike/strava-gateway/internal/storage/jobs.go:266.3,267.1 1 0
github.com/ericbutera/bike/strava-gateway/internal/storage/jobs.go:268.2,268.33 1 0
github.com/ericbutera/bike/strava-gateway/internal/storage/jobs.go:269.3,270.1 1 0
github.com/ericbutera/bike/strava-gateway/internal/storage/jobs.go:271.2,271.23 1 0
github.com/ericbutera/bike/strava-gateway/internal/storage/migrations.go:20.2,21.16 2 0
github.com/ericbutera/bike/strava-gateway/internal/storage/migrations.go:22.3,23.1 1 0
github.com/ericbutera/bike/strava-gateway/internal/storage/migrations.go:24.2,24.15 1 0
github.com/ericbutera/bike/strava-gateway/internal/storage/migrations.go:24.17,24.53 1 0
github.com/ericbutera/bike/strava-gateway/internal/storage/migrations.go:25.2,26.16 2 0
github.com/ericbutera/bike/strava-gateway/internal/storage/migrations.go:27.3,28.1 1 0
github.com/ericbutera/bike/strava-gateway/internal/storage/migrations.go:29.2,31.16 2 0
github.com/ericbutera/bike/strava-gateway/internal/storage/migrations.go:32.3,33.1 1 0
github.com/ericbutera/bike/strava-gateway/internal/storage/migrations.go:34.2,35.12 2 0
github.com/ericbutera/bike/strava-gateway/internal/storage/oauth.go:22.2,22.62 1 0
github.com/ericbutera/bike/strava-gateway/internal/storage/oauth.go:23.3,24.1 1 0
github.com/ericbutera/bike/strava-gateway/internal/storage/oauth.go:25.2,28.12 2 0
github.com/ericbutera/bike/strava-gateway/internal/storage/oauth.go:34.2,35.17 2 0
github.com/ericbutera/bike/strava-gateway/internal/storage/oauth.go:36.3,37.1 1 0
github.com/ericbutera/bike/strava-gateway/internal/storage/oauth.go:38.2,41.35 2 0
github.com/ericbutera/bike/strava-gateway/internal/storage/oauth.go:42.3,43.1 1 0
github.com/ericbutera/bike/strava-gateway/internal/storage/oauth.go:44.2,44.18 1 0
github.com/ericbutera/bike/strava-gateway/internal/storage/oauth.go:50.2,52.1 2 0
github.com/ericbutera/bike/strava-gateway/internal/storage/operations.go:37.2,50.16 2 0
github.com/ericbutera/bike/strava-gateway/internal/storage/operations.go:51.3,52.1 1 0
github.com/ericbutera/bike/strava-gateway/internal/storage/operations.go:53.2,55.18 3 0
github.com/ericbutera/bike/strava-gateway/internal/storage/operations.go:56.3,58.125 2 0
github.com/ericbutera/bike/strava-gateway/internal/storage/operations.go:59.4,60.1 1 0
github.com/ericbutera/bike/strava-gateway/internal/storage/operations.go:61.3,61.30 1 0
github.com/ericbutera/bike/strava-gateway/internal/storage/operations.go:63.2,63.26 1 0
github.com/ericbutera/bike/strava-gateway/internal/storage/operations.go:67.2,72.16 2 0
github.com/ericbutera/bike/strava-gateway/internal/storage/operations.go:73.3,74.1 1 0
github.com/ericbutera/bike/strava-gateway/internal/storage/operations.go:75.2,77.18 3 0
github.com/ericbutera/bike/strava-gateway/internal/storage/operations.go:78.3,79.74 2 0
github.com/ericbutera/bike/strava-gateway/internal/storage/operations.go:80.4,81.1 1 0
github.com/ericbutera/bike/strava-gateway/internal/storage/operations.go:82.3,82.32 1 0
github.com/ericbutera/bike/strava-gateway/internal/storage/operations.go:84.2,84.27 1 0
github.com/ericbutera/bike/strava-gateway/internal/storage/operations.go:88.2,88.13 1 0
github.com/ericbutera/bike/strava-gateway/internal/storage/operations.go:89.3,90.1 1 0
github.com/ericbutera/bike/strava-gateway/internal/storage/operations.go:91.2,92.14 2 0
github.com/ericbutera/bike/strava-gateway/internal/storage/operations.go:94.3,96.34 1 0
github.com/ericbutera/bike/strava-gateway/internal/storage/operations.go:98.3,100.52 1 0
github.com/ericbutera/bike/strava-gateway/internal/storage/operations.go:102.3,104.52 1 0
github.com/ericbutera/bike/strava-gateway/internal/storage/operations.go:106.3,106.49 1 0
github.com/ericbutera/bike/strava-gateway/internal/storage/operations.go:108.2,109.16 2 0
github.com/ericbutera/bike/strava-gateway/internal/storage/operations.go:110.3,111.1 1 0
github.com/ericbutera/bike/strava-gateway/internal/storage/operations.go:112.2,112.33 1 0
github.com/ericbutera/bike/strava-gateway/internal/storage/operations.go:113.3,114.1 1 0
github.com/ericbutera/bike/strava-gateway/internal/storage/operations.go:115.2,115.12 1 0
github.com/ericbutera/bike/strava-gateway/internal/storage/quota.go:45.2,48.1 3 0
github.com/ericbutera/bike/strava-gateway/internal/storage/quota.go:49.2,50.31 3 0
github.com/ericbutera/bike/strava-gateway/internal/storage/quota.go:51.3,52.46 2 0
github.com/ericbutera/bike/strava-gateway/internal/storage/quota.go:53.4,53.12 1 0
github.com/ericbutera/bike/strava-gateway/internal/storage/quota.go:56.3,57.31 2 0
github.com/ericbutera/bike/strava-gateway/internal/storage/quota.go:58.4,59.1 1 0
github.com/ericbutera/bike/strava-gateway/internal/storage/quota.go:60.3,60.24 1 0
github.com/ericbutera/bike/strava-gateway/internal/storage/quota.go:63.2,63.20 1 0
github.com/ericbutera/bike/strava-gateway/internal/storage/quota.go:67.2,68.16 2 0
github.com/ericbutera/bike/strava-gateway/internal/storage/quota.go:69.3,70.1 1 0
github.com/ericbutera/bike/strava-gateway/internal/storage/quota.go:71.2,73.18 3 0
github.com/ericbutera/bike/strava-gateway/internal/storage/quota.go:74.3,75.105 2 0
github.com/ericbutera/bike/strava-gateway/internal/storage/quota.go:76.4,77.1 1 0
github.com/ericbutera/bike/strava-gateway/internal/storage/quota.go:78.3,78.42 1 0
github.com/ericbutera/bike/strava-gateway/internal/storage/quota.go:80.2,80.30 1 0
github.com/ericbutera/bike/strava-gateway/internal/storage/quota.go:84.2,86.16 2 0
github.com/ericbutera/bike/strava-gateway/internal/storage/quota.go:87.3,88.1 1 0
github.com/ericbutera/bike/strava-gateway/internal/storage/quota.go:89.2,91.18 3 0
github.com/ericbutera/bike/strava-gateway/internal/storage/quota.go:92.3,93.44 2 0
github.com/ericbutera/bike/strava-gateway/internal/storage/quota.go:94.4,95.1 1 0
github.com/ericbutera/bike/strava-gateway/internal/storage/quota.go:96.3,96.36 1 0
github.com/ericbutera/bike/strava-gateway/internal/storage/quota.go:98.2,98.28 1 0
github.com/ericbutera/bike/strava-gateway/internal/storage/quota.go:102.2,103.22 2 0
github.com/ericbutera/bike/strava-gateway/internal/storage/quota.go:104.3,105.1 1 0
github.com/ericbutera/bike/strava-gateway/internal/storage/quota.go:106.2,108.28 3 0
github.com/ericbutera/bike/strava-gateway/internal/storage/quota.go:109.3,109.25 1 0
github.com/ericbutera/bike/strava-gateway/internal/storage/quota.go:110.4,111.1 1 0
github.com/ericbutera/bike/strava-gateway/internal/storage/quota.go:113.2,120.1 3 0
github.com/ericbutera/bike/strava-gateway/internal/storage/quota.go:126.2,127.16 2 0
github.com/ericbutera/bike/strava-gateway/internal/storage/quota.go:128.3,129.1 1 0
github.com/ericbutera/bike/strava-gateway/internal/storage/quota.go:130.2,133.22 4 0
github.com/ericbutera/bike/strava-gateway/internal/storage/quota.go:134.3,135.1 1 0
github.com/ericbutera/bike/strava-gateway/internal/storage/quota.go:136.2,137.31 2 0
github.com/ericbutera/bike/strava-gateway/internal/storage/quota.go:138.3,139.103 1 0
github.com/ericbutera/bike/strava-gateway/internal/storage/quota.go:140.4,141.1 1 0
github.com/ericbutera/bike/strava-gateway/internal/storage/quota.go:142.3,145.84 3 0
github.com/ericbutera/bike/strava-gateway/internal/storage/quota.go:146.4,147.1 1 0
github.com/ericbutera/bike/strava-gateway/internal/storage/quota.go:148.3,148.24 1 0
github.com/ericbutera/bike/strava-gateway/internal/storage/quota.go:149.4,150.1 1 0
github.com/ericbutera/bike/strava-gateway/internal/storage/quota.go:151.3,151.44 1 0
github.com/ericbutera/bike/strava-gateway/internal/storage/quota.go:152.4,153.1 1 0
github.com/ericbutera/bike/strava-gateway/internal/storage/quota.go:154.3,156.40 1 0
github.com/ericbutera/bike/strava-gateway/internal/storage/quota.go:157.4,158.1 1 0
github.com/ericbutera/bike/strava-gateway/internal/storage/quota.go:160.2,160.23 1 0
github.com/ericbutera/bike/strava-gateway/internal/storage/quota.go:161.3,161.40 1 0
github.com/ericbutera/bike/strava-gateway/internal/storage/quota.go:162.4,163.1 1 0
github.com/ericbutera/bike/strava-gateway/internal/storage/quota.go:164.3,164.22 1 0
github.com/ericbutera/bike/strava-gateway/internal/storage/quota.go:166.2,166.31 1 0
github.com/ericbutera/bike/strava-gateway/internal/storage/quota.go:167.3,168.62 1 0
github.com/ericbutera/bike/strava-gateway/internal/storage/quota.go:169.4,170.1 1 0
github.com/ericbutera/bike/strava-gateway/internal/storage/quota.go:172.2,172.36 1 0
github.com/ericbutera/bike/strava-gateway/internal/storage/quota.go:176.2,181.35 6 0
github.com/ericbutera/bike/strava-gateway/internal/storage/quota.go:182.3,183.43 2 0
github.com/ericbutera/bike/strava-gateway/internal/storage/quota.go:184.4,185.1 1 0
github.com/ericbutera/bike/strava-gateway/internal/storage/quota.go:186.3,187.29 2 0
github.com/ericbutera/bike/strava-gateway/internal/storage/quota.go:188.4,188.12 1 0
github.com/ericbutera/bike/strava-gateway/internal/storage/quota.go:190.3,192.58 1 0
github.com/ericbutera/bike/strava-gateway/internal/storage/quota.go:193.4,194.1 1 0
github.com/ericbutera/bike/strava-gateway/internal/storage/quota.go:196.2,196.12 1 0
github.com/ericbutera/bike/strava-gateway/internal/storage/quota.go:200.2,201.21 2 0
github.com/ericbutera/bike/strava-gateway/internal/storage/quota.go:202.3,203.1 1 0
github.com/ericbutera/bike/strava-gateway/internal/storage/quota.go:204.2,205.33 2 0
github.com/ericbutera/bike/strava-gateway/internal/storage/quota.go:206.3,207.17 2 0
github.com/ericbutera/bike/strava-gateway/internal/storage/quota.go:208.4,209.1 1 0
github.com/ericbutera/bike/strava-gateway/internal/storage/quota.go:210.3,210.25 1 0
github.com/ericbutera/bike/strava-gateway/internal/storage/quota.go:212.2,212.15 1 0
github.com/ericbutera/bike/strava-gateway/internal/storage/quota.go:216.2,217.16 2 0
github.com/ericbutera/bike/strava-gateway/internal/storage/quota.go:218.3,219.1 1 0
github.com/ericbutera/bike/strava-gateway/internal/storage/quota.go:220.2,222.18 3 0
github.com/ericbutera/bike/strava-gateway/internal/storage/quota.go:223.3,225.57 3 0
github.com/ericbutera/bike/strava-gateway/internal/storage/quota.go:226.4,227.1 1 0
github.com/ericbutera/bike/strava-gateway/internal/storage/quota.go:228.3,228.55 1 0
github.com/ericbutera/bike/strava-gateway/internal/storage/quota.go:230.2,230.55 1 0
github.com/ericbutera/bike/strava-gateway/internal/storage/sync.go:22.2,25.1 3 0
github.com/ericbutera/bike/strava-gateway/internal/storage/sync.go:44.2,57.16 2 0
github.com/ericbutera/bike/strava-gateway/internal/storage/sync.go:58.3,59.1 1 0
github.com/ericbutera/bike/strava-gateway/internal/storage/sync.go:60.2,60.36 1 0
github.com/ericbutera/bike/strava-gateway/internal/storage/sync.go:64.2,64.66 1 0
github.com/ericbutera/bike/strava-gateway/internal/storage/sync.go:65.3,66.1 1 0
github.com/ericbutera/bike/strava-gateway/internal/storage/sync.go:67.2,75.12 5 0
github.com/ericbutera/bike/strava-gateway/internal/storage/sync.go:79.2,79.48 1 0
github.com/ericbutera/bike/strava-gateway/internal/storage/sync.go:80.3,81.1 1 0
github.com/ericbutera/bike/strava-gateway/internal/storage/sync.go:82.2,82.10 1 0
github.com/ericbutera/bike/strava-gateway/internal/storage/sync.go:92.2,98.35 5 0
github.com/ericbutera/bike/strava-gateway/internal/storage/sync.go:99.3,100.1 1 0
github.com/ericbutera/bike/strava-gateway/internal/storage/sync.go:101.2,101.68 1 0
github.com/ericbutera/bike/strava-gateway/internal/storage/sync.go:102.3,103.1 1 0
github.com/ericbutera/bike/strava-gateway/internal/storage/sync.go:104.2,104.20 1 0
github.com/ericbutera/bike/strava-gateway/internal/storage/sync.go:108.2,109.16 2 0
github.com/ericbutera/bike/strava-gateway/internal/storage/sync.go:110.3,111.1 1 0
github.com/ericbutera/bike/strava-gateway/internal/storage/sync.go:112.2,127.35 4 0
github.com/ericbutera/bike/strava-gateway/internal/storage/sync.go:128.3,129.1 1 0
github.com/ericbutera/bike/strava-gateway/internal/storage/sync.go:130.2,130.16 1 0
github.com/ericbutera/bike/strava-gateway/internal/storage/sync.go:131.3,132.1 1 0
github.com/ericbutera/bike/strava-gateway/internal/storage/sync.go:133.2,133.29 1 0
github.com/ericbutera/bike/strava-gateway/internal/storage/sync.go:134.3,136.120 1 0
github.com/ericbutera/bike/strava-gateway/internal/storage/sync.go:137.4,138.1 1 0
github.com/ericbutera/bike/strava-gateway/internal/storage/sync.go:139.3,140.62 1 0
github.com/ericbutera/bike/strava-gateway/internal/storage/sync.go:141.4,142.1 1 0
github.com/ericbutera/bike/strava-gateway/internal/storage/sync.go:144.2,144.39 1 0
github.com/ericbutera/bike/strava-gateway/internal/storage/sync.go:145.3,146.1 1 0
github.com/ericbutera/bike/strava-gateway/internal/storage/sync.go:147.2,147.18 1 0
github.com/ericbutera/bike/strava-gateway/internal/storage/sync.go:151.2,154.16 4 0
github.com/ericbutera/bike/strava-gateway/internal/storage/sync.go:155.3,156.1 1 0
github.com/ericbutera/bike/strava-gateway/internal/storage/sync.go:157.2,158.25 2 0
github.com/ericbutera/bike/strava-gateway/internal/storage/sync.go:159.3,162.1 3 0
github.com/ericbutera/bike/strava-gateway/internal/storage/sync.go:163.3,164.17 3 0
github.com/ericbutera/bike/strava-gateway/internal/storage/sync.go:165.4,166.1 1 0
github.com/ericbutera/bike/strava-gateway/internal/storage/sync.go:167.3,174.142 3 0
github.com/ericbutera/bike/strava-gateway/internal/storage/sync.go:175.4,176.1 1 0
github.com/ericbutera/bike/strava-gateway/internal/storage/sync.go:177.3,179.80 1 0
github.com/ericbutera/bike/strava-gateway/internal/storage/sync.go:180.4,181.1 1 0
github.com/ericbutera/bike/strava-gateway/internal/storage/sync.go:183.2,184.20 2 0
github.com/ericbutera/bike/strava-gateway/internal/storage/sync.go:185.3,186.1 1 0
github.com/ericbutera/bike/strava-gateway/internal/storage/sync.go:187.2,190.16 2 0
github.com/ericbutera/bike/strava-gateway/internal/storage/sync.go:191.3,192.1 1 0
github.com/ericbutera/bike/strava-gateway/internal/storage/sync.go:193.2,193.33 1 0
github.com/ericbutera/bike/strava-gateway/internal/storage/sync.go:194.3,195.1 1 0
github.com/ericbutera/bike/strava-gateway/internal/storage/sync.go:196.2,196.23 1 0
github.com/ericbutera/bike/strava-gateway/internal/storage/sync.go:200.2,201.24 2 0
github.com/ericbutera/bike/strava-gateway/internal/storage/sync.go:202.3,203.1 1 0
github.com/ericbutera/bike/strava-gateway/internal/storage/sync.go:204.2,205.16 2 0
github.com/ericbutera/bike/strava-gateway/internal/storage/sync.go:206.3,207.1 1 0
github.com/ericbutera/bike/strava-gateway/internal/storage/sync.go:208.2,212.16 3 0
github.com/ericbutera/bike/strava-gateway/internal/storage/sync.go:213.3,214.1 1 0
github.com/ericbutera/bike/strava-gateway/internal/storage/sync.go:215.2,215.33 1 0
github.com/ericbutera/bike/strava-gateway/internal/storage/sync.go:216.3,217.1 1 0
github.com/ericbutera/bike/strava-gateway/internal/storage/sync.go:218.2,218.47 1 0
github.com/ericbutera/bike/strava-gateway/internal/storage/sync.go:219.3,221.115 1 0
github.com/ericbutera/bike/strava-gateway/internal/storage/sync.go:222.4,223.1 1 0
github.com/ericbutera/bike/strava-gateway/internal/storage/sync.go:225.2,225.23 1 0
github.com/ericbutera/bike/strava-gateway/internal/storage/sync.go:229.2,233.1 2 0
github.com/ericbutera/bike/strava-gateway/internal/storage/transaction.go:13.2,15.84 3 0
github.com/ericbutera/bike/strava-gateway/internal/storage/transaction.go:16.3,17.1 1 0
github.com/ericbutera/bike/strava-gateway/internal/webhook/webhook.go:34.2,34.113 1 15
github.com/ericbutera/bike/strava-gateway/internal/webhook/webhook.go:35.3,36.1 1 4
github.com/ericbutera/bike/strava-gateway/internal/webhook/webhook.go:37.2,37.69 1 11
github.com/ericbutera/bike/strava-gateway/internal/webhook/webhook.go:38.3,39.1 1 0
github.com/ericbutera/bike/strava-gateway/internal/webhook/webhook.go:40.2,40.101 1 11
github.com/ericbutera/bike/strava-gateway/internal/webhook/webhook.go:46.2,49.1 3 23
github.com/ericbutera/bike/strava-gateway/internal/webhook/webhook.go:66.2,69.1 3 0
github.com/ericbutera/bike/strava-gateway/internal/webhook/webhook.go:72.2,72.18 1 26
github.com/ericbutera/bike/strava-gateway/internal/webhook/webhook.go:74.3,74.23 1 2
github.com/ericbutera/bike/strava-gateway/internal/webhook/webhook.go:76.3,76.24 1 24
github.com/ericbutera/bike/strava-gateway/internal/webhook/webhook.go:78.3,79.96 2 0
github.com/ericbutera/bike/strava-gateway/internal/webhook/webhook.go:84.2,88.43 3 2
github.com/ericbutera/bike/strava-gateway/internal/webhook/webhook.go:89.3,91.1 2 1
github.com/ericbutera/bike/strava-gateway/internal/webhook/webhook.go:92.2,93.78 2 1
github.com/ericbutera/bike/strava-gateway/internal/webhook/webhook.go:97.2,98.15 2 24
github.com/ericbutera/bike/strava-gateway/internal/webhook/webhook.go:99.3,99.29 1 24
github.com/ericbutera/bike/strava-gateway/internal/webhook/webhook.go:100.4,101.1 1 0
github.com/ericbutera/bike/strava-gateway/internal/webhook/webhook.go:103.2,103.57 1 24
github.com/ericbutera/bike/strava-gateway/internal/webhook/webhook.go:104.3,107.1 3 0
github.com/ericbutera/bike/strava-gateway/internal/webhook/webhook.go:108.2,108.74 1 24
github.com/ericbutera/bike/strava-gateway/internal/webhook/webhook.go:109.3,111.1 2 0
github.com/ericbutera/bike/strava-gateway/internal/webhook/webhook.go:112.2,113.16 2 24
github.com/ericbutera/bike/strava-gateway/internal/webhook/webhook.go:114.3,117.1 3 0
github.com/ericbutera/bike/strava-gateway/internal/webhook/webhook.go:118.2,118.71 1 24
github.com/ericbutera/bike/strava-gateway/internal/webhook/webhook.go:119.3,122.1 3 8
github.com/ericbutera/bike/strava-gateway/internal/webhook/webhook.go:123.2,124.53 2 16
github.com/ericbutera/bike/strava-gateway/internal/webhook/webhook.go:125.3,128.1 3 1
github.com/ericbutera/bike/strava-gateway/internal/webhook/webhook.go:129.2,129.42 1 15
github.com/ericbutera/bike/strava-gateway/internal/webhook/webhook.go:130.3,132.53 3 4
github.com/ericbutera/bike/strava-gateway/internal/webhook/webhook.go:133.4,134.1 1 4
github.com/ericbutera/bike/strava-gateway/internal/webhook/webhook.go:135.3,136.9 2 4
github.com/ericbutera/bike/strava-gateway/internal/webhook/webhook.go:138.2,141.16 4 11
github.com/ericbutera/bike/strava-gateway/internal/webhook/webhook.go:142.3,145.1 3 4
github.com/ericbutera/bike/strava-gateway/internal/webhook/webhook.go:146.2,146.14 1 7
github.com/ericbutera/bike/strava-gateway/internal/webhook/webhook.go:147.3,148.1 1 3
github.com/ericbutera/bike/strava-gateway/internal/webhook/webhook.go:149.3,150.1 1 4
github.com/ericbutera/bike/strava-gateway/internal/webhook/webhook.go:151.2,156.46 3 7
github.com/ericbutera/bike/strava-gateway/internal/webhook/webhook.go:160.2,162.46 3 18
github.com/ericbutera/bike/strava-gateway/internal/webhook/webhook.go:163.3,164.1 1 4
github.com/ericbutera/bike/strava-gateway/internal/webhook/webhook.go:167.2,172.32 2 18
github.com/ericbutera/bike/strava-gateway/internal/webhook/webhook.go:178.2,178.49 1 24
github.com/ericbutera/bike/strava-gateway/internal/webhook/webhook.go:179.3,180.1 1 19
github.com/ericbutera/bike/strava-gateway/internal/webhook/webhook.go:181.2,182.50 2 5
github.com/ericbutera/bike/strava-gateway/internal/webhook/webhook.go:183.3,184.30 2 9
github.com/ericbutera/bike/strava-gateway/internal/webhook/webhook.go:185.4,186.1 1 1
github.com/ericbutera/bike/strava-gateway/internal/webhook/webhook.go:187.3,187.21 1 8
github.com/ericbutera/bike/strava-gateway/internal/webhook/webhook.go:189.2,190.42 2 4
github.com/ericbutera/bike/strava-gateway/internal/webhook/webhook.go:191.3,192.1 1 2
github.com/ericbutera/bike/strava-gateway/internal/webhook/webhook.go:193.2,194.24 2 2
github.com/ericbutera/bike/strava-gateway/internal/webhook/webhook.go:195.3,196.1 1 2
github.com/ericbutera/bike/strava-gateway/internal/webhook/webhook.go:197.2,197.66 1 2
github.com/ericbutera/bike/strava-gateway/internal/webhook/webhook.go:198.3,199.1 1 1
github.com/ericbutera/bike/strava-gateway/internal/webhook/webhook.go:200.2,201.16 2 1
github.com/ericbutera/bike/strava-gateway/internal/webhook/webhook.go:202.3,203.1 1 0
github.com/ericbutera/bike/strava-gateway/internal/webhook/webhook.go:204.2,207.43 4 1
github.com/ericbutera/bike/strava-gateway/internal/webhook/webhook.go:213.2,213.121 1 0
github.com/ericbutera/bike/strava-gateway/internal/webhook/webhook.go:214.3,215.1 1 0
github.com/ericbutera/bike/strava-gateway/internal/webhook/webhook.go:216.2,216.12 1 0
github.com/ericbutera/bike/strava-gateway/internal/worker/artifacts.go:18.2,19.100 2 0
github.com/ericbutera/bike/strava-gateway/internal/worker/artifacts.go:20.3,20.21 1 0
github.com/ericbutera/bike/strava-gateway/internal/worker/artifacts.go:21.4,22.1 1 0
github.com/ericbutera/bike/strava-gateway/internal/worker/artifacts.go:23.3,23.20 1 0
github.com/ericbutera/bike/strava-gateway/internal/worker/artifacts.go:24.4,25.1 1 0
github.com/ericbutera/bike/strava-gateway/internal/worker/artifacts.go:26.3,27.17 2 0
github.com/ericbutera/bike/strava-gateway/internal/worker/artifacts.go:28.4,29.1 1 0
github.com/ericbutera/bike/strava-gateway/internal/worker/artifacts.go:30.3,31.13 2 0
github.com/ericbutera/bike/strava-gateway/internal/worker/artifacts.go:33.2,33.24 1 0
github.com/ericbutera/bike/strava-gateway/internal/worker/artifacts.go:34.3,35.1 1 0
github.com/ericbutera/bike/strava-gateway/internal/worker/artifacts.go:36.2,36.19 1 0
github.com/ericbutera/bike/strava-gateway/internal/worker/artifacts.go:43.2,44.86 2 0
github.com/ericbutera/bike/strava-gateway/internal/worker/artifacts.go:45.3,46.1 1 0
github.com/ericbutera/bike/strava-gateway/internal/worker/artifacts.go:47.2,49.16 3 0
github.com/ericbutera/bike/strava-gateway/internal/worker/artifacts.go:50.3,51.1 1 0
github.com/ericbutera/bike/strava-gateway/internal/worker/artifacts.go:52.2,52.103 1 0
github.com/ericbutera/bike/strava-gateway/internal/worker/artifacts.go:56.2,58.1 2 0
github.com/ericbutera/bike/strava-gateway/internal/worker/artifacts.go:61.2,61.20 1 0
github.com/ericbutera/bike/strava-gateway/internal/worker/artifacts.go:62.3,63.1 1 0
github.com/ericbutera/bike/strava-gateway/internal/worker/artifacts.go:64.2,68.70 5 0
github.com/ericbutera/bike/strava-gateway/internal/worker/artifacts.go:69.3,70.1 1 0
github.com/ericbutera/bike/strava-gateway/internal/worker/artifacts.go:71.2,71.59 1 0
github.com/ericbutera/bike/strava-gateway/internal/worker/artifacts.go:72.3,72.33 1 0
github.com/ericbutera/bike/strava-gateway/internal/worker/artifacts.go:73.4,74.27 2 0
github.com/ericbutera/bike/strava-gateway/internal/worker/artifacts.go:75.5,76.1 1 0
github.com/ericbutera/bike/strava-gateway/internal/worker/artifacts.go:78.9,78.44 1 0
github.com/ericbutera/bike/strava-gateway/internal/worker/artifacts.go:79.3,80.1 1 0
github.com/ericbutera/bike/strava-gateway/internal/worker/artifacts.go:81.2,82.16 2 0
github.com/ericbutera/bike/strava-gateway/internal/worker/artifacts.go:83.3,84.1 1 0
github.com/ericbutera/bike/strava-gateway/internal/worker/artifacts.go:85.2,86.15 2 0
github.com/ericbutera/bike/strava-gateway/internal/worker/artifacts.go:87.3,87.97 1 0
github.com/ericbutera/bike/strava-gateway/internal/worker/artifacts.go:88.4,89.1 1 0
github.com/ericbutera/bike/strava-gateway/internal/worker/artifacts.go:91.2,91.42 1 0
github.com/ericbutera/bike/strava-gateway/internal/worker/artifacts.go:92.3,93.1 1 0
github.com/ericbutera/bike/strava-gateway/internal/worker/artifacts.go:94.2,94.44 1 0
github.com/ericbutera/bike/strava-gateway/internal/worker/artifacts.go:95.3,96.1 1 0
github.com/ericbutera/bike/strava-gateway/internal/worker/artifacts.go:97.2,97.36 1 0
github.com/ericbutera/bike/strava-gateway/internal/worker/artifacts.go:98.3,99.1 1 0
github.com/ericbutera/bike/strava-gateway/internal/worker/artifacts.go:100.2,100.37 1 0
github.com/ericbutera/bike/strava-gateway/internal/worker/artifacts.go:101.3,102.1 1 0
github.com/ericbutera/bike/strava-gateway/internal/worker/artifacts.go:103.2,103.53 1 0
github.com/ericbutera/bike/strava-gateway/internal/worker/artifacts.go:104.3,105.1 1 0
github.com/ericbutera/bike/strava-gateway/internal/worker/artifacts.go:106.2,106.103 1 0
github.com/ericbutera/bike/strava-gateway/internal/worker/artifacts.go:110.2,110.104 1 0
github.com/ericbutera/bike/strava-gateway/internal/worker/artifacts.go:111.3,112.1 1 0
github.com/ericbutera/bike/strava-gateway/internal/worker/artifacts.go:113.2,114.16 2 0
github.com/ericbutera/bike/strava-gateway/internal/worker/artifacts.go:115.3,116.1 1 0
github.com/ericbutera/bike/strava-gateway/internal/worker/artifacts.go:117.2,118.85 2 0
github.com/ericbutera/bike/strava-gateway/internal/worker/artifacts.go:119.3,120.1 1 0
github.com/ericbutera/bike/strava-gateway/internal/worker/artifacts.go:121.2,121.18 1 0
github.com/ericbutera/bike/strava-gateway/internal/worker/delivery.go:47.43,47.62 1 0
github.com/ericbutera/bike/strava-gateway/internal/worker/delivery.go:50.2,51.56 2 0
github.com/ericbutera/bike/strava-gateway/internal/worker/delivery.go:52.3,53.1 1 0
github.com/ericbutera/bike/strava-gateway/internal/worker/delivery.go:54.2,59.1 3 0
github.com/ericbutera/bike/strava-gateway/internal/worker/delivery.go:60.2,60.31 3 0
github.com/ericbutera/bike/strava-gateway/internal/worker/delivery.go:61.3,61.26 1 0
github.com/ericbutera/bike/strava-gateway/internal/worker/delivery.go:62.4,63.1 1 0
github.com/ericbutera/bike/strava-gateway/internal/worker/delivery.go:64.3,65.17 2 0
github.com/ericbutera/bike/strava-gateway/internal/worker/delivery.go:66.4,67.1 1 0
github.com/ericbutera/bike/strava-gateway/internal/worker/delivery.go:68.3,69.29 2 0
github.com/ericbutera/bike/strava-gateway/internal/worker/delivery.go:71.2,72.16 2 0
github.com/ericbutera/bike/strava-gateway/internal/worker/delivery.go:73.3,74.1 1 0
github.com/ericbutera/bike/strava-gateway/internal/worker/delivery.go:75.2,80.16 6 0
github.com/ericbutera/bike/strava-gateway/internal/worker/delivery.go:81.3,82.1 1 0
github.com/ericbutera/bike/strava-gateway/internal/worker/delivery.go:83.2,88.23 6 0
github.com/ericbutera/bike/strava-gateway/internal/worker/delivery.go:89.3,90.1 1 0
github.com/ericbutera/bike/strava-gateway/internal/worker/delivery.go:91.2,92.16 2 0
github.com/ericbutera/bike/strava-gateway/internal/worker/delivery.go:93.3,94.1 1 0
github.com/ericbutera/bike/strava-gateway/internal/worker/delivery.go:95.2,95.15 1 0
github.com/ericbutera/bike/strava-gateway/internal/worker/delivery.go:95.17,95.64 1 0
github.com/ericbutera/bike/strava-gateway/internal/worker/delivery.go:96.2,96.84 1 0
github.com/ericbutera/bike/strava-gateway/internal/worker/delivery.go:97.3,98.1 1 0
github.com/ericbutera/bike/strava-gateway/internal/worker/delivery.go:99.2,99.88 1 0
github.com/ericbutera/bike/strava-gateway/internal/worker/delivery.go:100.3,101.1 1 0
github.com/ericbutera/bike/strava-gateway/internal/worker/delivery.go:102.2,103.88 1 0
github.com/ericbutera/bike/strava-gateway/internal/worker/failures.go:19.49,19.73 1 0
github.com/ericbutera/bike/strava-gateway/internal/worker/failures.go:20.49,20.65 1 0
github.com/ericbutera/bike/strava-gateway/internal/worker/failures.go:23.2,27.16 2 0
github.com/ericbutera/bike/strava-gateway/internal/worker/failures.go:28.3,29.1 1 0
github.com/ericbutera/bike/strava-gateway/internal/worker/failures.go:30.2,31.16 2 0
github.com/ericbutera/bike/strava-gateway/internal/worker/failures.go:32.3,32.28 1 0
github.com/ericbutera/bike/strava-gateway/internal/worker/failures.go:33.4,34.1 1 0
github.com/ericbutera/bike/strava-gateway/internal/worker/failures.go:35.3,35.136 1 0
github.com/ericbutera/bike/strava-gateway/internal/worker/failures.go:37.2,37.38 1 0
github.com/ericbutera/bike/strava-gateway/internal/worker/failures.go:38.3,39.1 1 0
github.com/ericbutera/bike/strava-gateway/internal/worker/failures.go:40.2,41.57 1 0
github.com/ericbutera/bike/strava-gateway/internal/worker/worker.go:35.47,35.71 1 0
github.com/ericbutera/bike/strava-gateway/internal/worker/worker.go:37.47,37.63 1 0
github.com/ericbutera/bike/strava-gateway/internal/worker/worker.go:49.2,50.30 2 0
github.com/ericbutera/bike/strava-gateway/internal/worker/worker.go:51.3,52.1 1 0
github.com/ericbutera/bike/strava-gateway/internal/worker/worker.go:53.2,53.23 1 0
github.com/ericbutera/bike/strava-gateway/internal/worker/worker.go:55.3,55.16 1 0
github.com/ericbutera/bike/strava-gateway/internal/worker/worker.go:56.4,57.1 1 0
github.com/ericbutera/bike/strava-gateway/internal/worker/worker.go:58.3,58.32 1 0
github.com/ericbutera/bike/strava-gateway/internal/worker/worker.go:60.3,60.31 1 0
github.com/ericbutera/bike/strava-gateway/internal/worker/worker.go:62.3,62.30 1 0
github.com/ericbutera/bike/strava-gateway/internal/worker/worker.go:67.2,67.40 1 0
github.com/ericbutera/bike/strava-gateway/internal/worker/worker.go:68.3,70.1 2 0
github.com/ericbutera/bike/strava-gateway/internal/worker/worker.go:71.2,71.22 1 0
github.com/ericbutera/bike/strava-gateway/internal/worker/worker.go:75.2,77.23 3 0
github.com/ericbutera/bike/strava-gateway/internal/worker/worker.go:78.3,78.73 1 0
github.com/ericbutera/bike/strava-gateway/internal/worker/worker.go:79.4,81.1 2 0
github.com/ericbutera/bike/strava-gateway/internal/worker/worker.go:82.3,82.78 1 0
github.com/ericbutera/bike/strava-gateway/internal/worker/worker.go:83.4,84.18 2 0
github.com/ericbutera/bike/strava-gateway/internal/worker/worker.go:85.5,86.1 1 0
github.com/ericbutera/bike/strava-gateway/internal/worker/worker.go:87.4,87.17 1 0
github.com/ericbutera/bike/strava-gateway/internal/worker/worker.go:88.5,89.1 1 0
github.com/ericbutera/bike/strava-gateway/internal/worker/worker.go:90.4,90.35 1 0
github.com/ericbutera/bike/strava-gateway/internal/worker/worker.go:92.3,93.17 2 0
github.com/ericbutera/bike/strava-gateway/internal/worker/worker.go:94.4,95.1 1 0
github.com/ericbutera/bike/strava-gateway/internal/worker/worker.go:96.3,96.14 1 0
github.com/ericbutera/bike/strava-gateway/internal/worker/worker.go:97.4,97.12 1 0
github.com/ericbutera/bike/strava-gateway/internal/worker/worker.go:99.3,100.10 2 0
github.com/ericbutera/bike/strava-gateway/internal/worker/worker.go:102.4,103.14 2 0
github.com/ericbutera/bike/strava-gateway/internal/worker/worker.go:104.18,104.18 0 0
github.com/ericbutera/bike/strava-gateway/internal/worker/worker.go:107.2,107.12 1 0
github.com/ericbutera/bike/strava-gateway/internal/worker/worker.go:111.2,112.16 2 0
github.com/ericbutera/bike/strava-gateway/internal/worker/worker.go:113.3,114.1 1 0
github.com/ericbutera/bike/strava-gateway/internal/worker/worker.go:115.2,115.18 1 0
github.com/ericbutera/bike/strava-gateway/internal/worker/worker.go:116.3,122.65 4 0
github.com/ericbutera/bike/strava-gateway/internal/worker/worker.go:123.4,127.128 5 0
github.com/ericbutera/bike/strava-gateway/internal/worker/worker.go:128.5,131.1 3 0
github.com/ericbutera/bike/strava-gateway/internal/worker/worker.go:132.4,133.41 2 0
github.com/ericbutera/bike/strava-gateway/internal/worker/worker.go:134.5,135.1 1 0
github.com/ericbutera/bike/strava-gateway/internal/worker/worker.go:136.4,137.67 2 0
github.com/ericbutera/bike/strava-gateway/internal/worker/worker.go:139.4,140.1 1 0
github.com/ericbutera/bike/strava-gateway/internal/worker/worker.go:141.3,142.19 2 0
github.com/ericbutera/bike/strava-gateway/internal/worker/worker.go:144.2,145.16 2 0
github.com/ericbutera/bike/strava-gateway/internal/worker/worker.go:146.3,147.1 1 0
github.com/ericbutera/bike/strava-gateway/internal/worker/worker.go:148.2,148.21 1 0
github.com/ericbutera/bike/strava-gateway/internal/worker/worker.go:149.3,149.29 1 0
github.com/ericbutera/bike/strava-gateway/internal/worker/worker.go:150.4,151.1 1 0
github.com/ericbutera/bike/strava-gateway/internal/worker/worker.go:152.3,153.35 2 0
github.com/ericbutera/bike/strava-gateway/internal/worker/worker.go:154.4,155.1 1 0
github.com/ericbutera/bike/strava-gateway/internal/worker/worker.go:156.3,162.66 4 0
github.com/ericbutera/bike/strava-gateway/internal/worker/worker.go:163.4,167.32 5 0
github.com/ericbutera/bike/strava-gateway/internal/worker/worker.go:168.5,168.87 1 0
github.com/ericbutera/bike/strava-gateway/internal/worker/worker.go:169.6,171.1 2 0
github.com/ericbutera/bike/strava-gateway/internal/worker/worker.go:172.5,172.38 1 0
github.com/ericbutera/bike/strava-gateway/internal/worker/worker.go:174.4,174.33 1 0
github.com/ericbutera/bike/strava-gateway/internal/worker/worker.go:175.5,178.1 3 0
github.com/ericbutera/bike/strava-gateway/internal/worker/worker.go:179.5,179.154 1 0
github.com/ericbutera/bike/strava-gateway/internal/worker/worker.go:180.6,183.1 3 0
github.com/ericbutera/bike/strava-gateway/internal/worker/worker.go:184.5,185.31 2 0
github.com/ericbutera/bike/strava-gateway/internal/worker/worker.go:186.6,187.1 1 0
github.com/ericbutera/bike/strava-gateway/internal/worker/worker.go:188.5,189.66 2 0
github.com/ericbutera/bike/strava-gateway/internal/worker/worker.go:192.4,193.1 1 0
github.com/ericbutera/bike/strava-gateway/internal/worker/worker.go:194.3,195.19 2 0
github.com/ericbutera/bike/strava-gateway/internal/worker/worker.go:197.2,204.30 3 0
github.com/ericbutera/bike/strava-gateway/internal/worker/worker.go:205.3,206.1 1 0
github.com/ericbutera/bike/strava-gateway/internal/worker/worker.go:207.2,208.27 2 0
github.com/ericbutera/bike/strava-gateway/internal/worker/worker.go:209.3,210.1 1 0
github.com/ericbutera/bike/strava-gateway/internal/worker/worker.go:211.2,212.70 2 0
github.com/ericbutera/bike/strava-gateway/internal/worker/worker.go:213.3,215.45 3 0
github.com/ericbutera/bike/strava-gateway/internal/worker/worker.go:216.4,217.29 2 0
github.com/ericbutera/bike/strava-gateway/internal/worker/worker.go:218.5,219.1 1 0
github.com/ericbutera/bike/strava-gateway/internal/worker/worker.go:220.4,221.91 2 0
github.com/ericbutera/bike/strava-gateway/internal/worker/worker.go:222.5,226.1 4 0
github.com/ericbutera/bike/strava-gateway/internal/worker/worker.go:227.4,229.20 3 0
github.com/ericbutera/bike/strava-gateway/internal/worker/worker.go:231.3,236.80 4 0
github.com/ericbutera/bike/strava-gateway/internal/worker/worker.go:237.4,241.1 4 0
github.com/ericbutera/bike/strava-gateway/internal/worker/worker.go:242.3,242.15 1 0
github.com/ericbutera/bike/strava-gateway/internal/worker/worker.go:243.4,244.1 1 0
github.com/ericbutera/bike/strava-gateway/internal/worker/worker.go:245.4,246.1 1 0
github.com/ericbutera/bike/strava-gateway/internal/worker/worker.go:247.3,247.45 1 0
github.com/ericbutera/bike/strava-gateway/internal/worker/worker.go:249.2,251.18 3 0
github.com/ericbutera/bike/strava-gateway/internal/worker/worker.go:255.2,256.78 2 0
github.com/ericbutera/bike/strava-gateway/internal/worker/worker.go:257.3,258.1 1 0
github.com/ericbutera/bike/strava-gateway/internal/worker/worker.go:259.2,260.22 2 0
github.com/ericbutera/bike/strava-gateway/internal/worker/worker.go:261.3,262.1 1 0
github.com/ericbutera/bike/strava-gateway/internal/worker/worker.go:263.2,263.36 1 0
github.com/ericbutera/bike/strava-gateway/internal/worker/worker.go:267.2,268.33 2 0
github.com/ericbutera/bike/strava-gateway/internal/worker/worker.go:269.3,269.10 1 0
github.com/ericbutera/bike/strava-gateway/internal/worker/worker.go:271.4,271.16 1 0
github.com/ericbutera/bike/strava-gateway/internal/worker/worker.go:273.4,273.22 1 0
github.com/ericbutera/bike/strava-gateway/internal/worker/worker.go:276.2,276.9 1 0
github.com/ericbutera/bike/strava-gateway/internal/worker/worker.go:278.3,278.40 1 0
github.com/ericbutera/bike/strava-gateway/internal/worker/worker.go:280.3,280.23 1 0
github.com/ericbutera/bike/strava-gateway/internal/worker/worker.go:282.3,282.30 1 0
github.com/ericbutera/bike/strava-gateway/internal/worker/worker.go:284.3,284.22 1 0
github.com/ericbutera/bike/strava-gateway/internal/worker/worker.go:289.2,289.27 1 0
github.com/ericbutera/bike/strava-gateway/internal/worker/worker.go:290.3,291.1 1 0
github.com/ericbutera/bike/strava-gateway/internal/worker/worker.go:295.2,295.27 1 0
github.com/ericbutera/bike/strava-gateway/internal/worker/worker.go:296.3,298.1 2 0
github.com/ericbutera/bike/strava-gateway/internal/worker/worker.go:302.2,303.16 2 0
github.com/ericbutera/bike/strava-gateway/internal/worker/worker.go:304.3,305.1 1 0
github.com/ericbutera/bike/strava-gateway/internal/worker/worker.go:306.3,309.1 2 0
github.com/ericbutera/bike/strava-gateway/internal/worker/worker.go:310.2,311.16 2 0
github.com/ericbutera/bike/strava-gateway/internal/worker/worker.go:312.3,313.1 1 0
github.com/ericbutera/bike/strava-gateway/internal/worker/worker.go:314.3,315.1 1 0
github.com/ericbutera/bike/strava-gateway/internal/worker/worker.go:316.2,317.16 2 0
github.com/ericbutera/bike/strava-gateway/internal/worker/worker.go:318.3,319.1 1 0
github.com/ericbutera/bike/strava-gateway/internal/worker/worker.go:320.3,320.43 1 0
github.com/ericbutera/bike/strava-gateway/internal/worker/worker.go:321.4,322.1 1 0
github.com/ericbutera/bike/strava-gateway/internal/worker/worker.go:327.2,328.30 2 0
github.com/ericbutera/bike/strava-gateway/internal/worker/worker.go:329.3,330.30 2 0
github.com/ericbutera/bike/strava-gateway/internal/worker/worker.go:331.4,332.1 1 0
github.com/ericbutera/bike/strava-gateway/internal/worker/worker.go:334.2,334.26 1 0
github.com/ericbutera/bike/strava-gateway/internal/worker/worker.go:335.3,337.1 2 0
github.com/ericbutera/bike/strava-gateway/internal/worker/worker.go:338.2,338.47 1 0
github.com/ericbutera/bike/strava-gateway/internal/worker/worker.go:339.3,341.1 2 0
github.com/ericbutera/bike/strava-gateway/internal/worker/worker.go:342.2,342.76 1 0
github.com/ericbutera/bike/strava-gateway/internal/worker/worker.go:346.2,347.16 2 0
github.com/ericbutera/bike/strava-gateway/internal/worker/worker.go:348.3,349.1 1 0
github.com/ericbutera/bike/strava-gateway/internal/worker/worker.go:350.2,350.64 1 0
github.com/ericbutera/bike/strava-gateway/internal/worker/worker.go:351.3,352.1 1 0
github.com/ericbutera/bike/strava-gateway/internal/worker/worker.go:353.2,354.16 2 0
github.com/ericbutera/bike/strava-gateway/internal/worker/worker.go:355.3,355.45 1 0
github.com/ericbutera/bike/strava-gateway/internal/worker/worker.go:356.4,357.1 1 0
github.com/ericbutera/bike/strava-gateway/internal/worker/worker.go:358.3,358.13 1 0
github.com/ericbutera/bike/strava-gateway/internal/worker/worker.go:360.2,361.67 2 0
github.com/ericbutera/bike/strava-gateway/internal/worker/worker.go:362.3,363.45 2 0
github.com/ericbutera/bike/strava-gateway/internal/worker/worker.go:364.4,365.1 1 0
github.com/ericbutera/bike/strava-gateway/internal/worker/worker.go:366.3,366.17 1 0
github.com/ericbutera/bike/strava-gateway/internal/worker/worker.go:367.4,368.1 1 0
github.com/ericbutera/bike/strava-gateway/internal/worker/worker.go:370.2,370.44 1 0
github.com/ericbutera/bike/strava-gateway/internal/worker/worker.go:371.3,372.1 1 0
github.com/ericbutera/bike/strava-gateway/internal/worker/worker.go:373.2,373.16 1 0
github.com/ericbutera/bike/strava-gateway/internal/worker/worker.go:374.3,375.1 1 0
github.com/ericbutera/bike/strava-gateway/internal/worker/worker.go:376.2,376.49 1 0
github.com/ericbutera/bike/strava-gateway/internal/worker/worker.go:380.2,380.58 1 0
github.com/ericbutera/bike/strava-gateway/internal/worker/worker.go:381.3,382.1 1 0
github.com/ericbutera/bike/strava-gateway/internal/worker/worker.go:382.9,382.30 1 0
github.com/ericbutera/bike/strava-gateway/internal/worker/worker.go:383.3,384.1 1 0
github.com/ericbutera/bike/strava-gateway/internal/worker/worker.go:385.2,386.88 2 0
github.com/ericbutera/bike/strava-gateway/internal/worker/worker.go:387.3,388.1 1 0
github.com/ericbutera/bike/strava-gateway/internal/worker/worker.go:389.2,389.56 1 0
github.com/ericbutera/bike/strava-gateway/internal/worker/worker.go:390.3,391.1 1 0
github.com/ericbutera/bike/strava-gateway/internal/worker/worker.go:392.2,392.17 1 0
github.com/ericbutera/bike/strava-gateway/internal/worker/worker.go:396.2,396.66 1 0
github.com/ericbutera/bike/strava-gateway/internal/worker/worker.go:397.3,398.1 1 0
github.com/ericbutera/bike/strava-gateway/internal/worker/worker.go:399.2,399.67 1 0
github.com/ericbutera/bike/strava-gateway/internal/worker/worker.go:400.3,401.1 1 0
github.com/ericbutera/bike/strava-gateway/internal/worker/worker.go:402.2,402.38 1 0
github.com/ericbutera/bike/strava-gateway/internal/worker/worker.go:406.2,407.35 2 0
github.com/ericbutera/bike/strava-gateway/internal/worker/worker.go:408.3,408.45 1 0
github.com/ericbutera/bike/strava-gateway/internal/worker/worker.go:409.4,410.1 1 0
github.com/ericbutera/bike/strava-gateway/internal/worker/worker.go:411.3,411.71 1 0
github.com/ericbutera/bike/strava-gateway/internal/worker/worker.go:412.4,413.1 1 0
github.com/ericbutera/bike/strava-gateway/internal/worker/worker.go:414.3,414.65 1 0
github.com/ericbutera/bike/strava-gateway/internal/worker/worker.go:416.2,416.34 1 0
github.com/ericbutera/bike/strava-gateway/internal/worker/worker.go:417.3,418.1 1 0
github.com/ericbutera/bike/strava-gateway/internal/worker/worker.go:419.2,420.16 2 0
github.com/ericbutera/bike/strava-gateway/internal/worker/worker.go:421.3,422.1 1 0
github.com/ericbutera/bike/strava-gateway/internal/worker/worker.go:423.2,423.64 1 0
github.com/ericbutera/bike/strava-gateway/internal/worker/worker.go:424.3,425.1 1 0
github.com/ericbutera/bike/strava-gateway/internal/worker/worker.go:426.2,427.16 2 0
github.com/ericbutera/bike/strava-gateway/internal/worker/worker.go:428.3,428.45 1 0
github.com/ericbutera/bike/strava-gateway/internal/worker/worker.go:429.4,430.1 1 0
github.com/ericbutera/bike/strava-gateway/internal/worker/worker.go:431.3,431.13 1 0
github.com/ericbutera/bike/strava-gateway/internal/worker/worker.go:433.2,433.58 1 0
github.com/ericbutera/bike/strava-gateway/internal/worker/worker.go:434.3,435.1 1 0
github.com/ericbutera/bike/strava-gateway/internal/worker/worker.go:435.9,435.30 1 0
github.com/ericbutera/bike/strava-gateway/internal/worker/worker.go:436.3,437.1 1 0
github.com/ericbutera/bike/strava-gateway/internal/worker/worker.go:438.2,439.86 2 0
github.com/ericbutera/bike/strava-gateway/internal/worker/worker.go:440.3,441.1 1 0
github.com/ericbutera/bike/strava-gateway/internal/worker/worker.go:442.2,442.67 1 0
github.com/ericbutera/bike/strava-gateway/internal/worker/worker.go:443.3,444.17 2 0
github.com/ericbutera/bike/strava-gateway/internal/worker/worker.go:445.4,445.46 1 0
github.com/ericbutera/bike/strava-gateway/internal/worker/worker.go:446.5,447.1 1 0
github.com/ericbutera/bike/strava-gateway/internal/worker/worker.go:448.4,448.14 1 0
github.com/ericbutera/bike/strava-gateway/internal/worker/worker.go:450.3,450.69 1 0
github.com/ericbutera/bike/strava-gateway/internal/worker/worker.go:451.4,452.1 1 0
github.com/ericbutera/bike/strava-gateway/internal/worker/worker.go:452.10,452.31 1 0
github.com/ericbutera/bike/strava-gateway/internal/worker/worker.go:453.4,454.1 1 0
github.com/ericbutera/bike/strava-gateway/internal/worker/worker.go:455.3,456.87 2 0
github.com/ericbutera/bike/strava-gateway/internal/worker/worker.go:457.4,458.1 1 0
github.com/ericbutera/bike/strava-gateway/internal/worker/worker.go:460.2,460.16 1 0
github.com/ericbutera/bike/strava-gateway/internal/worker/worker.go:461.3,462.43 2 0
github.com/ericbutera/bike/strava-gateway/internal/worker/worker.go:463.4,464.1 1 0
github.com/ericbutera/bike/strava-gateway/internal/worker/worker.go:465.3,465.43 1 0
github.com/ericbutera/bike/strava-gateway/internal/worker/worker.go:466.4,467.1 1 0
github.com/ericbutera/bike/strava-gateway/internal/worker/worker.go:468.3,468.13 1 0
github.com/ericbutera/bike/strava-gateway/internal/worker/worker.go:470.2,471.16 2 0
github.com/ericbutera/bike/strava-gateway/internal/worker/worker.go:472.3,473.1 1 0
github.com/ericbutera/bike/strava-gateway/internal/worker/worker.go:474.2,474.35 1 0
github.com/ericbutera/bike/strava-gateway/internal/worker/worker.go:475.3,477.1 1 0
github.com/ericbutera/bike/strava-gateway/internal/worker/worker.go:478.2,478.25 1 0
github.com/ericbutera/bike/strava-gateway/internal/worker/worker.go:479.3,480.1 1 0
github.com/ericbutera/bike/strava-gateway/internal/worker/worker.go:481.2,481.58 1 0
github.com/ericbutera/bike/strava-gateway/internal/worker/worker.go:482.3,483.1 1 0
github.com/ericbutera/bike/strava-gateway/internal/worker/worker.go:483.9,483.30 1 0
github.com/ericbutera/bike/strava-gateway/internal/worker/worker.go:484.3,485.1 1 0
github.com/ericbutera/bike/strava-gateway/internal/worker/worker.go:486.2,487.87 2 0
github.com/ericbutera/bike/strava-gateway/internal/worker/worker.go:488.3,489.1 1 0
github.com/ericbutera/bike/strava-gateway/internal/worker/worker.go:490.2,490.67 1 0
github.com/ericbutera/bike/strava-gateway/internal/worker/worker.go:491.3,492.17 2 0
github.com/ericbutera/bike/strava-gateway/internal/worker/worker.go:493.4,493.46 1 0
github.com/ericbutera/bike/strava-gateway/internal/worker/worker.go:494.5,495.1 1 0
github.com/ericbutera/bike/strava-gateway/internal/worker/worker.go:496.4,496.14 1 0
github.com/ericbutera/bike/strava-gateway/internal/worker/worker.go:498.3,498.69 1 0
github.com/ericbutera/bike/strava-gateway/internal/worker/worker.go:499.4,500.1 1 0
github.com/ericbutera/bike/strava-gateway/internal/worker/worker.go:500.10,500.31 1 0
github.com/ericbutera/bike/strava-gateway/internal/worker/worker.go:501.4,502.1 1 0
github.com/ericbutera/bike/strava-gateway/internal/worker/worker.go:503.3,504.88 2 0
github.com/ericbutera/bike/strava-gateway/internal/worker/worker.go:505.4,506.1 1 0
github.com/ericbutera/bike/strava-gateway/internal/worker/worker.go:508.2,509.16 2 0
github.com/ericbutera/bike/strava-gateway/internal/worker/worker.go:510.3,511.43 2 0
github.com/ericbutera/bike/strava-gateway/internal/worker/worker.go:512.4,513.1 1 0
github.com/ericbutera/bike/strava-gateway/internal/worker/worker.go:514.3,514.43 1 0
github.com/ericbutera/bike/strava-gateway/internal/worker/worker.go:515.4,516.1 1 0
github.com/ericbutera/bike/strava-gateway/internal/worker/worker.go:517.3,517.13 1 0
github.com/ericbutera/bike/strava-gateway/internal/worker/worker.go:519.2,519.31 1 0
github.com/ericbutera/bike/strava-gateway/internal/worker/worker.go:520.3,521.1 1 0
github.com/ericbutera/bike/strava-gateway/internal/worker/worker.go:522.2,526.16 2 0
github.com/ericbutera/bike/strava-gateway/internal/worker/worker.go:527.3,528.1 1 0
github.com/ericbutera/bike/strava-gateway/internal/worker/worker.go:529.2,530.16 2 0
github.com/ericbutera/bike/strava-gateway/internal/worker/worker.go:531.3,531.28 1 0
github.com/ericbutera/bike/strava-gateway/internal/worker/worker.go:532.4,533.1 1 0
github.com/ericbutera/bike/strava-gateway/internal/worker/worker.go:534.3,534.13 1 0
github.com/ericbutera/bike/strava-gateway/internal/worker/worker.go:536.2,536.38 1 0
github.com/ericbutera/bike/strava-gateway/internal/worker/worker.go:537.3,538.1 1 0
github.com/ericbutera/bike/strava-gateway/internal/worker/worker.go:539.2,539.65 1 0
github.com/ericbutera/bike/strava-gateway/internal/worker/worker.go:543.2,544.61 2 0
github.com/ericbutera/bike/strava-gateway/internal/worker/worker.go:545.3,546.1 1 0
github.com/ericbutera/bike/strava-gateway/internal/worker/worker.go:547.2,548.43 2 0
github.com/ericbutera/bike/strava-gateway/internal/worker/worker.go:549.3,551.1 2 0
github.com/ericbutera/bike/strava-gateway/internal/worker/worker.go:552.2,552.33 1 0
github.com/ericbutera/bike/strava-gateway/internal/worker/worker.go:553.3,554.1 1 0
github.com/ericbutera/bike/strava-gateway/internal/worker/worker.go:555.2,555.21 1 0
github.com/ericbutera/bike/strava-gateway/internal/worker/worker.go:559.2,559.73 1 0
github.com/ericbutera/bike/strava-gateway/internal/worker/worker.go:560.3,561.1 1 0
github.com/ericbutera/bike/strava-gateway/internal/worker/worker.go:562.2,562.59 1 0
github.com/ericbutera/bike/strava-gateway/internal/worker/worker.go:563.3,564.1 1 0
github.com/ericbutera/bike/strava-gateway/internal/worker/worker.go:564.9,564.30 1 0
github.com/ericbutera/bike/strava-gateway/internal/worker/worker.go:565.3,566.1 1 0
github.com/ericbutera/bike/strava-gateway/internal/worker/worker.go:567.2,568.88 2 0
github.com/ericbutera/bike/strava-gateway/internal/worker/worker.go:569.3,570.1 1 0
github.com/ericbutera/bike/strava-gateway/internal/worker/worker.go:571.2,571.16 1 0
github.com/ericbutera/bike/strava-gateway/internal/worker/worker.go:572.3,573.1 1 0
github.com/ericbutera/bike/strava-gateway/internal/worker/worker.go:574.2,576.23 3 0
github.com/ericbutera/bike/strava-gateway/internal/worker/worker.go:577.3,578.1 1 0
github.com/ericbutera/bike/strava-gateway/internal/worker/worker.go:579.2,579.67 1 0
github.com/ericbutera/bike/strava-gateway/internal/worker/worker.go:580.3,581.1 1 0
github.com/ericbutera/bike/strava-gateway/internal/worker/worker.go:582.2,582.24 1 0
github.com/ericbutera/bike/strava-gateway/internal/worker/worker.go:586.2,587.45 2 0
github.com/ericbutera/bike/strava-gateway/internal/worker/worker.go:588.3,589.1 1 0
github.com/ericbutera/bike/strava-gateway/internal/worker/worker.go:590.2,590.16 1 0
github.com/ericbutera/bike/strava-gateway/internal/worker/worker.go:591.3,592.1 1 0
github.com/ericbutera/bike/strava-gateway/internal/worker/worker.go:593.2,593.77 1 0
github.com/ericbutera/bike/strava-gateway/internal/worker/worker.go:594.3,595.1 1 0
github.com/ericbutera/bike/strava-gateway/internal/worker/worker.go:596.2,596.47 1 0
github.com/ericbutera/bike/strava-gateway/internal/worker/worker.go:600.2,600.66 1 0
github.com/ericbutera/bike/strava-gateway/internal/worker/worker.go:601.3,602.1 1 0
github.com/ericbutera/bike/strava-gateway/internal/worker/worker.go:603.2,603.64 1 0
github.com/ericbutera/bike/strava-gateway/internal/worker/worker.go:607.2,607.26 1 0
github.com/ericbutera/bike/strava-gateway/internal/worker/worker.go:608.3,609.1 1 0
github.com/ericbutera/bike/strava-gateway/internal/worker/worker.go:610.2,610.23 1 0
github.com/ericbutera/bike/strava-gateway/internal/worker/worker.go:614.2,616.1 2 0
github.com/ericbutera/bike/strava-gateway/internal/worker/worker.go:619.2,620.65 2 0
github.com/ericbutera/bike/strava-gateway/internal/worker/worker.go:621.3,622.1 1 0
github.com/ericbutera/bike/strava-gateway/internal/worker/worker.go:623.2,623.19 1 0
github.com/ericbutera/bike/strava-gateway/internal/worker/worker.go:624.3,625.1 1 0
github.com/ericbutera/bike/strava-gateway/internal/worker/worker.go:626.2,627.25 2 0
github.com/ericbutera/bike/strava-gateway/internal/worker/worker.go:628.3,629.1 1 0
github.com/ericbutera/bike/strava-gateway/internal/worker/worker.go:630.2,630.80 1 0
github.com/ericbutera/bike/strava-gateway/cmd/admin/main.go:19.2,21.46 3 0
github.com/ericbutera/bike/strava-gateway/cmd/admin/main.go:22.3,23.1 1 0
github.com/ericbutera/bike/strava-gateway/cmd/admin/main.go:27.2,27.20 1 0
github.com/ericbutera/bike/strava-gateway/cmd/admin/main.go:28.3,29.1 1 0
github.com/ericbutera/bike/strava-gateway/cmd/admin/main.go:30.2,30.27 1 0
github.com/ericbutera/bike/strava-gateway/cmd/admin/main.go:31.3,31.21 1 0
github.com/ericbutera/bike/strava-gateway/cmd/admin/main.go:32.4,33.1 1 0
github.com/ericbutera/bike/strava-gateway/cmd/admin/main.go:34.3,35.17 2 0
github.com/ericbutera/bike/strava-gateway/cmd/admin/main.go:36.4,37.1 1 0
github.com/ericbutera/bike/strava-gateway/cmd/admin/main.go:38.3,39.17 2 0
github.com/ericbutera/bike/strava-gateway/cmd/admin/main.go:40.4,41.1 1 0
github.com/ericbutera/bike/strava-gateway/cmd/admin/main.go:42.3,43.13 2 0
github.com/ericbutera/bike/strava-gateway/cmd/admin/main.go:45.2,46.23 2 0
github.com/ericbutera/bike/strava-gateway/cmd/admin/main.go:47.3,48.1 1 0
github.com/ericbutera/bike/strava-gateway/cmd/admin/main.go:49.2,50.16 2 0
github.com/ericbutera/bike/strava-gateway/cmd/admin/main.go:51.3,52.1 1 0
github.com/ericbutera/bike/strava-gateway/cmd/admin/main.go:53.2,55.17 3 0
github.com/ericbutera/bike/strava-gateway/cmd/admin/main.go:57.3,57.21 1 0
github.com/ericbutera/bike/strava-gateway/cmd/admin/main.go:58.4,59.1 1 0
github.com/ericbutera/bike/strava-gateway/cmd/admin/main.go:60.3,61.17 2 0
github.com/ericbutera/bike/strava-gateway/cmd/admin/main.go:62.4,63.1 1 0
github.com/ericbutera/bike/strava-gateway/cmd/admin/main.go:64.3,64.31 1 0
github.com/ericbutera/bike/strava-gateway/cmd/admin/main.go:65.4,66.1 1 0
github.com/ericbutera/bike/strava-gateway/cmd/admin/main.go:67.3,67.13 1 0
github.com/ericbutera/bike/strava-gateway/cmd/admin/main.go:69.3,69.21 1 0
github.com/ericbutera/bike/strava-gateway/cmd/admin/main.go:70.4,71.1 1 0
github.com/ericbutera/bike/strava-gateway/cmd/admin/main.go:72.3,73.17 2 0
github.com/ericbutera/bike/strava-gateway/cmd/admin/main.go:74.4,75.1 1 0
github.com/ericbutera/bike/strava-gateway/cmd/admin/main.go:76.3,76.65 1 0
github.com/ericbutera/bike/strava-gateway/cmd/admin/main.go:77.4,78.1 1 0
github.com/ericbutera/bike/strava-gateway/cmd/admin/main.go:79.3,80.13 2 0
github.com/ericbutera/bike/strava-gateway/cmd/admin/main.go:82.3,82.21 1 0
github.com/ericbutera/bike/strava-gateway/cmd/admin/main.go:83.4,84.1 1 0
github.com/ericbutera/bike/strava-gateway/cmd/admin/main.go:85.3,86.17 2 0
github.com/ericbutera/bike/strava-gateway/cmd/admin/main.go:87.4,88.1 1 0
github.com/ericbutera/bike/strava-gateway/cmd/admin/main.go:89.3,89.49 1 0
github.com/ericbutera/bike/strava-gateway/cmd/admin/main.go:91.3,91.128 1 0
github.com/ericbutera/bike/strava-gateway/cmd/export_rust/main.go:18.2,20.46 3 0
github.com/ericbutera/bike/strava-gateway/cmd/export_rust/main.go:21.3,22.1 1 0
github.com/ericbutera/bike/strava-gateway/cmd/export_rust/main.go:26.2,27.44 2 0
github.com/ericbutera/bike/strava-gateway/cmd/export_rust/main.go:28.3,29.1 1 0
github.com/ericbutera/bike/strava-gateway/cmd/export_rust/main.go:29.9,29.27 1 0
github.com/ericbutera/bike/strava-gateway/cmd/export_rust/main.go:30.3,31.1 1 0
github.com/ericbutera/bike/strava-gateway/cmd/export_rust/main.go:32.2,32.77 1 0
github.com/ericbutera/bike/strava-gateway/cmd/export_rust/main.go:33.3,34.1 1 0
github.com/ericbutera/bike/strava-gateway/cmd/export_rust/main.go:35.2,36.16 2 0
github.com/ericbutera/bike/strava-gateway/cmd/export_rust/main.go:37.3,38.1 1 0
github.com/ericbutera/bike/strava-gateway/cmd/export_rust/main.go:39.2,40.16 2 0
github.com/ericbutera/bike/strava-gateway/cmd/export_rust/main.go:41.3,42.1 1 0
github.com/ericbutera/bike/strava-gateway/cmd/export_rust/main.go:43.2,45.16 3 0
github.com/ericbutera/bike/strava-gateway/cmd/export_rust/main.go:46.3,47.1 1 0
github.com/ericbutera/bike/strava-gateway/cmd/export_rust/main.go:48.2,51.16 4 0
github.com/ericbutera/bike/strava-gateway/cmd/export_rust/main.go:52.3,53.1 1 0
github.com/ericbutera/bike/strava-gateway/cmd/export_rust/main.go:54.2,56.18 3 0
github.com/ericbutera/bike/strava-gateway/cmd/export_rust/main.go:57.3,58.66 2 0
github.com/ericbutera/bike/strava-gateway/cmd/export_rust/main.go:59.4,61.1 2 0
github.com/ericbutera/bike/strava-gateway/cmd/export_rust/main.go:62.3,62.32 1 0
github.com/ericbutera/bike/strava-gateway/cmd/export_rust/main.go:64.2,66.16 3 0
github.com/ericbutera/bike/strava-gateway/cmd/export_rust/main.go:67.3,68.1 1 0
github.com/ericbutera/bike/strava-gateway/cmd/export_rust/main.go:69.2,69.22 1 0
github.com/ericbutera/bike/strava-gateway/cmd/export_rust/main.go:70.3,71.1 1 0
github.com/ericbutera/bike/strava-gateway/cmd/export_rust/main.go:72.2,75.1 3 0
github.com/ericbutera/bike/strava-gateway/cmd/export_rust/main.go:76.2,77.30 3 0
github.com/ericbutera/bike/strava-gateway/cmd/export_rust/main.go:78.3,79.17 2 0
github.com/ericbutera/bike/strava-gateway/cmd/export_rust/main.go:80.4,81.1 1 0
github.com/ericbutera/bike/strava-gateway/cmd/export_rust/main.go:82.3,82.33 1 0
github.com/ericbutera/bike/strava-gateway/cmd/export_rust/main.go:83.4,84.1 1 0
github.com/ericbutera/bike/strava-gateway/cmd/export_rust/main.go:85.3,86.17 2 0
github.com/ericbutera/bike/strava-gateway/cmd/export_rust/main.go:87.4,88.1 1 0
github.com/ericbutera/bike/strava-gateway/cmd/export_rust/main.go:89.3,89.62 1 0
github.com/ericbutera/bike/strava-gateway/cmd/export_rust/main.go:90.4,91.1 1 0
github.com/ericbutera/bike/strava-gateway/cmd/export_rust/main.go:92.3,92.71 1 0
github.com/ericbutera/bike/strava-gateway/cmd/export_rust/main.go:94.2,94.11 1 0
github.com/ericbutera/bike/strava-gateway/cmd/export_rust/main.go:95.3,97.17 3 0
github.com/ericbutera/bike/strava-gateway/cmd/export_rust/main.go:98.4,99.1 1 0
github.com/ericbutera/bike/strava-gateway/cmd/export_rust/main.go:100.3,100.16 1 0
github.com/ericbutera/bike/strava-gateway/cmd/export_rust/main.go:101.4,103.107 3 0
github.com/ericbutera/bike/strava-gateway/cmd/export_rust/main.go:104.5,105.1 1 0
github.com/ericbutera/bike/strava-gateway/cmd/export_rust/main.go:107.3,107.30 1 0
github.com/ericbutera/bike/strava-gateway/cmd/export_rust/main.go:108.4,113.18 2 0
github.com/ericbutera/bike/strava-gateway/cmd/export_rust/main.go:114.5,115.1 1 0
github.com/ericbutera/bike/strava-gateway/cmd/export_rust/main.go:116.4,116.34 1 0
github.com/ericbutera/bike/strava-gateway/cmd/export_rust/main.go:117.5,118.1 1 0
github.com/ericbutera/bike/strava-gateway/cmd/export_rust/main.go:120.3,120.40 1 0
github.com/ericbutera/bike/strava-gateway/cmd/export_rust/main.go:121.4,122.1 1 0
github.com/ericbutera/bike/strava-gateway/cmd/export_rust/main.go:124.2,124.11 1 0
github.com/ericbutera/bike/strava-gateway/cmd/export_rust/main.go:125.3,126.1 1 0
github.com/ericbutera/bike/strava-gateway/cmd/export_rust/main.go:127.3,128.1 1 0
github.com/ericbutera/bike/strava-gateway/cmd/export_rust/main.go:129.2,129.12 1 0
github.com/ericbutera/bike/strava-gateway/cmd/gateway/main.go:32.2,33.16 2 0
github.com/ericbutera/bike/strava-gateway/cmd/gateway/main.go:34.3,35.1 1 0
github.com/ericbutera/bike/strava-gateway/cmd/gateway/main.go:37.2,39.16 3 0
github.com/ericbutera/bike/strava-gateway/cmd/gateway/main.go:40.3,41.1 1 0
github.com/ericbutera/bike/strava-gateway/cmd/gateway/main.go:42.2,43.39 2 0
github.com/ericbutera/bike/strava-gateway/cmd/gateway/main.go:44.3,45.1 1 0
github.com/ericbutera/bike/strava-gateway/cmd/gateway/main.go:46.2,50.16 5 0
github.com/ericbutera/bike/strava-gateway/cmd/gateway/main.go:51.3,52.1 1 0
github.com/ericbutera/bike/strava-gateway/cmd/gateway/main.go:53.2,53.15 1 0
github.com/ericbutera/bike/strava-gateway/cmd/gateway/main.go:54.3,56.58 3 0
github.com/ericbutera/bike/strava-gateway/cmd/gateway/main.go:57.4,58.1 1 0
github.com/ericbutera/bike/strava-gateway/cmd/gateway/main.go:60.2,65.16 6 0
github.com/ericbutera/bike/strava-gateway/cmd/gateway/main.go:66.3,67.1 1 0
github.com/ericbutera/bike/strava-gateway/cmd/gateway/main.go:68.2,70.16 3 0
github.com/ericbutera/bike/strava-gateway/cmd/gateway/main.go:71.3,72.1 1 0
github.com/ericbutera/bike/strava-gateway/cmd/gateway/main.go:73.2,74.50 2 0
github.com/ericbutera/bike/strava-gateway/cmd/gateway/main.go:75.3,76.1 1 0
github.com/ericbutera/bike/strava-gateway/cmd/gateway/main.go:77.2,84.1 2 0
github.com/ericbutera/bike/strava-gateway/cmd/gateway/main.go:85.2,85.43 2 0
github.com/ericbutera/bike/strava-gateway/cmd/gateway/main.go:86.3,87.1 1 0
github.com/ericbutera/bike/strava-gateway/cmd/gateway/main.go:88.2,101.1 9 0
github.com/ericbutera/bike/strava-gateway/cmd/gateway/main.go:102.2,106.16 9 0
github.com/ericbutera/bike/strava-gateway/cmd/gateway/main.go:107.3,108.1 1 0
github.com/ericbutera/bike/strava-gateway/cmd/gateway/main.go:109.2,114.12 3 0
github.com/ericbutera/bike/strava-gateway/cmd/gateway/main.go:115.3,115.56 1 0
github.com/ericbutera/bike/strava-gateway/cmd/gateway/main.go:116.4,117.1 1 0
github.com/ericbutera/bike/strava-gateway/cmd/gateway/main.go:119.2,120.74 2 0
github.com/ericbutera/bike/strava-gateway/cmd/gateway/main.go:120.76,120.106 1 0
github.com/ericbutera/bike/strava-gateway/cmd/gateway/main.go:121.2,121.73 1 0
github.com/ericbutera/bike/strava-gateway/cmd/gateway/main.go:122.3,124.40 3 0
github.com/ericbutera/bike/strava-gateway/cmd/gateway/main.go:125.4,127.1 2 0
github.com/ericbutera/bike/strava-gateway/cmd/gateway/main.go:128.3,128.31 1 0
github.com/ericbutera/bike/strava-gateway/cmd/gateway/main.go:130.2,131.16 2 0
github.com/ericbutera/bike/strava-gateway/cmd/gateway/main.go:132.3,133.1 1 0
github.com/ericbutera/bike/strava-gateway/cmd/gateway/main.go:134.2,136.57 1 0
github.com/ericbutera/bike/strava-gateway/cmd/gateway/main.go:137.5,138.1 1 0
github.com/ericbutera/bike/strava-gateway/cmd/gateway/main.go:141.2,142.23 2 0
github.com/ericbutera/bike/strava-gateway/cmd/gateway/main.go:143.3,144.1 1 0
github.com/ericbutera/bike/strava-gateway/cmd/gateway/main.go:145.2,147.12 3 0
github.com/ericbutera/bike/strava-gateway/cmd/gateway/main.go:147.14,147.69 1 0
github.com/ericbutera/bike/strava-gateway/cmd/gateway/main.go:148.2,148.15 1 0
github.com/ericbutera/bike/strava-gateway/cmd/gateway/main.go:149.3,151.65 3 0
github.com/ericbutera/bike/strava-gateway/cmd/gateway/main.go:152.4,153.1 1 0
github.com/ericbutera/bike/strava-gateway/cmd/gateway/main.go:155.2,157.12 3 0
github.com/ericbutera/bike/strava-gateway/cmd/gateway/main.go:157.14,157.55 1 0
github.com/ericbutera/bike/strava-gateway/cmd/gateway/main.go:158.2,158.9 1 0
github.com/ericbutera/bike/strava-gateway/cmd/gateway/main.go:160.3,160.58 1 0
github.com/ericbutera/bike/strava-gateway/cmd/gateway/main.go:161.4,162.1 1 0
github.com/ericbutera/bike/strava-gateway/cmd/gateway/main.go:164.3,164.58 1 0
github.com/ericbutera/bike/strava-gateway/cmd/gateway/main.go:165.4,166.1 1 0
github.com/ericbutera/bike/strava-gateway/cmd/gateway/main.go:168.3,170.58 3 0
github.com/ericbutera/bike/strava-gateway/cmd/gateway/main.go:171.4,172.1 1 0
github.com/ericbutera/bike/strava-gateway/cmd/gateway/main.go:177.2,178.17 2 0
github.com/ericbutera/bike/strava-gateway/cmd/gateway/main.go:179.3,180.1 1 0
github.com/ericbutera/bike/strava-gateway/cmd/gateway/main.go:181.2,181.14 1 0
github.com/ericbutera/bike/strava-gateway/cmd/import_rust/main.go:24.2,26.46 3 0
github.com/ericbutera/bike/strava-gateway/cmd/import_rust/main.go:27.3,28.1 1 0
github.com/ericbutera/bike/strava-gateway/cmd/import_rust/main.go:32.2,34.44 3 0
github.com/ericbutera/bike/strava-gateway/cmd/import_rust/main.go:35.3,36.1 1 0
github.com/ericbutera/bike/strava-gateway/cmd/import_rust/main.go:36.9,36.84 1 0
github.com/ericbutera/bike/strava-gateway/cmd/import_rust/main.go:37.3,39.1 2 0
github.com/ericbutera/bike/strava-gateway/cmd/import_rust/main.go:39.9,39.27 1 0
github.com/ericbutera/bike/strava-gateway/cmd/import_rust/main.go:40.3,41.1 1 0
github.com/ericbutera/bike/strava-gateway/cmd/import_rust/main.go:42.2,43.19 2 0
github.com/ericbutera/bike/strava-gateway/cmd/import_rust/main.go:44.3,45.1 1 0
github.com/ericbutera/bike/strava-gateway/cmd/import_rust/main.go:46.2,47.16 2 0
github.com/ericbutera/bike/strava-gateway/cmd/import_rust/main.go:48.3,49.1 1 0
github.com/ericbutera/bike/strava-gateway/cmd/import_rust/main.go:50.2,52.16 3 0
github.com/ericbutera/bike/strava-gateway/cmd/import_rust/main.go:53.3,54.1 1 0
github.com/ericbutera/bike/strava-gateway/cmd/import_rust/main.go:55.2,55.12 1 0
github.com/ericbutera/bike/strava-gateway/cmd/import_rust/main.go:56.3,58.1 2 0
github.com/ericbutera/bike/strava-gateway/cmd/import_rust/main.go:59.2,59.27 1 0
github.com/ericbutera/bike/strava-gateway/cmd/import_rust/main.go:60.3,61.1 1 0
github.com/ericbutera/bike/strava-gateway/cmd/import_rust/main.go:62.2,63.22 2 0
github.com/ericbutera/bike/strava-gateway/cmd/import_rust/main.go:64.3,65.1 1 0
github.com/ericbutera/bike/strava-gateway/cmd/import_rust/main.go:66.2,67.16 2 0
github.com/ericbutera/bike/strava-gateway/cmd/import_rust/main.go:68.3,69.1 1 0
github.com/ericbutera/bike/strava-gateway/cmd/import_rust/main.go:70.2,71.16 2 0
github.com/ericbutera/bike/strava-gateway/cmd/import_rust/main.go:72.3,73.1 1 0
github.com/ericbutera/bike/strava-gateway/cmd/import_rust/main.go:74.2,77.35 4 0
github.com/ericbutera/bike/strava-gateway/cmd/import_rust/main.go:78.3,79.17 2 0
github.com/ericbutera/bike/strava-gateway/cmd/import_rust/main.go:80.4,81.1 1 0
github.com/ericbutera/bike/strava-gateway/cmd/import_rust/main.go:82.3,82.14 1 0
github.com/ericbutera/bike/strava-gateway/cmd/import_rust/main.go:83.4,84.1 1 0
github.com/ericbutera/bike/strava-gateway/cmd/import_rust/main.go:86.2,88.12 2 0
github.com/ericbutera/bike/strava-gateway/cmd/import_rust/main.go:92.2,95.16 2 0
github.com/ericbutera/bike/strava-gateway/cmd/import_rust/main.go:96.3,97.1 1 0
github.com/ericbutera/bike/strava-gateway/cmd/import_rust/main.go:98.2,100.18 3 0
github.com/ericbutera/bike/strava-gateway/cmd/import_rust/main.go:101.3,105.44 3 0
github.com/ericbutera/bike/strava-gateway/cmd/import_rust/main.go:106.4,107.1 1 0
github.com/ericbutera/bike/strava-gateway/cmd/import_rust/main.go:108.3,108.81 1 0
github.com/ericbutera/bike/strava-gateway/cmd/import_rust/main.go:109.4,110.1 1 0
github.com/ericbutera/bike/strava-gateway/cmd/import_rust/main.go:111.3,111.68 1 0
github.com/ericbutera/bike/strava-gateway/cmd/import_rust/main.go:112.4,113.1 1 0
github.com/ericbutera/bike/strava-gateway/cmd/import_rust/main.go:114.3,114.32 1 0
github.com/ericbutera/bike/strava-gateway/cmd/import_rust/main.go:116.2,116.27 1 0
github.com/ericbutera/bike/strava-gateway/cmd/migrate/main.go:13.2,14.23 2 0
github.com/ericbutera/bike/strava-gateway/cmd/migrate/main.go:15.3,16.1 1 0
github.com/ericbutera/bike/strava-gateway/cmd/migrate/main.go:17.2,19.58 3 0
github.com/ericbutera/bike/strava-gateway/cmd/migrate/main.go:20.3,21.1 1 0
github.com/ericbutera/bike/strava-gateway/cmd/worker/main.go:25.2,26.16 2 0
github.com/ericbutera/bike/strava-gateway/cmd/worker/main.go:27.3,28.1 1 0
github.com/ericbutera/bike/strava-gateway/cmd/worker/main.go:30.2,31.16 2 0
github.com/ericbutera/bike/strava-gateway/cmd/worker/main.go:32.3,33.1 1 0
github.com/ericbutera/bike/strava-gateway/cmd/worker/main.go:34.2,38.16 5 0
github.com/ericbutera/bike/strava-gateway/cmd/worker/main.go:39.3,40.1 1 0
github.com/ericbutera/bike/strava-gateway/cmd/worker/main.go:41.2,41.15 1 0
github.com/ericbutera/bike/strava-gateway/cmd/worker/main.go:42.3,44.58 3 0
github.com/ericbutera/bike/strava-gateway/cmd/worker/main.go:45.4,46.1 1 0
github.com/ericbutera/bike/strava-gateway/cmd/worker/main.go:48.2,51.16 4 0
github.com/ericbutera/bike/strava-gateway/cmd/worker/main.go:52.3,53.1 1 0
github.com/ericbutera/bike/strava-gateway/cmd/worker/main.go:54.2,56.16 3 0
github.com/ericbutera/bike/strava-gateway/cmd/worker/main.go:57.3,58.1 1 0
github.com/ericbutera/bike/strava-gateway/cmd/worker/main.go:59.2,60.39 2 0
github.com/ericbutera/bike/strava-gateway/cmd/worker/main.go:61.3,62.1 1 0
github.com/ericbutera/bike/strava-gateway/cmd/worker/main.go:63.2,77.1 3 0
github.com/ericbutera/bike/strava-gateway/cmd/worker/main.go:78.2,79.23 3 0
github.com/ericbutera/bike/strava-gateway/cmd/worker/main.go:80.3,81.1 1 0
github.com/ericbutera/bike/strava-gateway/cmd/worker/main.go:82.2,84.12 3 0
github.com/ericbutera/bike/strava-gateway/cmd/worker/main.go:84.14,84.69 1 0
github.com/ericbutera/bike/strava-gateway/cmd/worker/main.go:85.2,85.15 1 0
github.com/ericbutera/bike/strava-gateway/cmd/worker/main.go:86.3,88.65 3 0
github.com/ericbutera/bike/strava-gateway/cmd/worker/main.go:89.4,90.1 1 0
github.com/ericbutera/bike/strava-gateway/cmd/worker/main.go:92.2,92.23 1 0
github.com/ericbutera/bike/strava-gateway/cmd/worker/main.go:93.3,93.10 1 0
github.com/ericbutera/bike/strava-gateway/cmd/worker/main.go:95.4,95.45 1 0
github.com/ericbutera/bike/strava-gateway/cmd/worker/main.go:96.5,98.1 2 0
github.com/ericbutera/bike/strava-gateway/cmd/worker/main.go:99.11,99.11 0 0
github.com/ericbutera/bike/strava-gateway/cmd/worker/main.go:101.3,101.42 1 0
github.com/ericbutera/bike/strava-gateway/cmd/worker/main.go:102.4,103.11 2 0
github.com/ericbutera/bike/strava-gateway/cmd/worker/main.go:104.22,104.22 0 0
github.com/ericbutera/bike/strava-gateway/cmd/worker/main.go:105.39,105.39 0 0
github.com/ericbutera/bike/strava-gateway/cmd/worker/main.go:112.2,113.17 2 0
github.com/ericbutera/bike/strava-gateway/cmd/worker/main.go:114.3,115.1 1 0
github.com/ericbutera/bike/strava-gateway/cmd/worker/main.go:116.2,116.14 1 0
github.com/ericbutera/bike/strava-gateway/internal/oauth/grpc.go:29.2,30.45 2 0
github.com/ericbutera/bike/strava-gateway/internal/oauth/grpc.go:31.3,32.1 1 0
github.com/ericbutera/bike/strava-gateway/internal/oauth/grpc.go:33.2,34.97 2 0
github.com/ericbutera/bike/strava-gateway/internal/oauth/grpc.go:35.3,36.1 1 0
github.com/ericbutera/bike/strava-gateway/internal/oauth/grpc.go:37.2,39.16 3 0
github.com/ericbutera/bike/strava-gateway/internal/oauth/grpc.go:40.3,41.1 1 0
github.com/ericbutera/bike/strava-gateway/internal/oauth/grpc.go:42.2,43.31 2 0
github.com/ericbutera/bike/strava-gateway/internal/oauth/grpc.go:44.3,45.1 1 0
github.com/ericbutera/bike/strava-gateway/internal/oauth/grpc.go:46.2,46.64 1 0
github.com/ericbutera/bike/strava-gateway/internal/oauth/grpc.go:47.3,48.1 1 0
github.com/ericbutera/bike/strava-gateway/internal/oauth/grpc.go:49.2,50.48 2 0
github.com/ericbutera/bike/strava-gateway/internal/oauth/grpc.go:51.3,52.1 1 0
github.com/ericbutera/bike/strava-gateway/internal/oauth/grpc.go:53.2,55.41 3 0
github.com/ericbutera/bike/strava-gateway/internal/oauth/grpc.go:56.3,57.1 1 0
github.com/ericbutera/bike/strava-gateway/internal/oauth/grpc.go:58.2,58.12 1 0
github.com/ericbutera/bike/strava-gateway/internal/oauth/grpc.go:62.2,63.65 1 0
github.com/ericbutera/bike/strava-gateway/internal/oauth/grpc.go:64.3,65.1 1 0
github.com/ericbutera/bike/strava-gateway/internal/oauth/grpc.go:66.2,67.49 2 0
github.com/ericbutera/bike/strava-gateway/internal/oauth/grpc.go:68.3,69.1 1 0
github.com/ericbutera/bike/strava-gateway/internal/oauth/grpc.go:70.2,75.17 4 0
github.com/ericbutera/bike/strava-gateway/internal/oauth/grpc.go:76.3,77.1 1 0
github.com/ericbutera/bike/strava-gateway/internal/oauth/grpc.go:78.2,80.8 1 0
github.com/ericbutera/bike/strava-gateway/internal/oauth/grpc.go:84.2,85.65 1 0
github.com/ericbutera/bike/strava-gateway/internal/oauth/grpc.go:86.3,87.1 1 0
github.com/ericbutera/bike/strava-gateway/internal/oauth/grpc.go:88.2,91.45 4 0
github.com/ericbutera/bike/strava-gateway/internal/oauth/grpc.go:92.3,93.1 1 0
github.com/ericbutera/bike/strava-gateway/internal/oauth/grpc.go:94.2,94.16 1 0
github.com/ericbutera/bike/strava-gateway/internal/oauth/grpc.go:95.3,96.1 1 0
github.com/ericbutera/bike/strava-gateway/internal/oauth/grpc.go:97.2,98.16 2 0
github.com/ericbutera/bike/strava-gateway/internal/oauth/grpc.go:99.3,100.1 1 0
github.com/ericbutera/bike/strava-gateway/internal/oauth/grpc.go:101.2,102.16 2 0
github.com/ericbutera/bike/strava-gateway/internal/oauth/grpc.go:103.3,104.1 1 0
github.com/ericbutera/bike/strava-gateway/internal/oauth/grpc.go:105.2,109.1 2 0
github.com/ericbutera/bike/strava-gateway/internal/oauth/grpc.go:110.2,110.37 2 0
github.com/ericbutera/bike/strava-gateway/internal/oauth/grpc.go:111.3,113.1 2 0
github.com/ericbutera/bike/strava-gateway/internal/oauth/grpc.go:114.2,114.22 1 0
github.com/ericbutera/bike/strava-gateway/internal/oauth/grpc.go:118.2,119.80 1 0
github.com/ericbutera/bike/strava-gateway/internal/oauth/grpc.go:120.3,121.1 1 0
github.com/ericbutera/bike/strava-gateway/internal/oauth/grpc.go:122.2,122.105 1 0
github.com/ericbutera/bike/strava-gateway/internal/oauth/grpc.go:123.3,124.1 1 0
github.com/ericbutera/bike/strava-gateway/internal/oauth/grpc.go:125.2,128.45 4 0
github.com/ericbutera/bike/strava-gateway/internal/oauth/grpc.go:129.3,130.1 1 0
github.com/ericbutera/bike/strava-gateway/internal/oauth/grpc.go:131.2,131.83 1 0
github.com/ericbutera/bike/strava-gateway/internal/oauth/grpc.go:132.3,133.1 1 0
github.com/ericbutera/bike/strava-gateway/internal/oauth/grpc.go:134.2,134.57 1 0
github.com/ericbutera/bike/strava-gateway/internal/oauth/grpc.go:138.2,139.65 1 0
github.com/ericbutera/bike/strava-gateway/internal/oauth/grpc.go:140.3,141.1 1 0
github.com/ericbutera/bike/strava-gateway/internal/oauth/grpc.go:142.2,145.45 4 0
github.com/ericbutera/bike/strava-gateway/internal/oauth/grpc.go:146.3,147.1 1 0
github.com/ericbutera/bike/strava-gateway/internal/oauth/grpc.go:148.2,148.76 1 0
github.com/ericbutera/bike/strava-gateway/internal/oauth/grpc.go:149.3,150.1 1 0
github.com/ericbutera/bike/strava-gateway/internal/oauth/grpc.go:151.2,151.63 1 0
github.com/ericbutera/bike/strava-gateway/internal/oauth/handler.go:45.2,50.1 5 0
github.com/ericbutera/bike/strava-gateway/internal/oauth/handler.go:53.2,54.9 2 0
github.com/ericbutera/bike/strava-gateway/internal/oauth/handler.go:55.3,56.1 1 0
github.com/ericbutera/bike/strava-gateway/internal/oauth/handler.go:57.2,60.45 4 0
github.com/ericbutera/bike/strava-gateway/internal/oauth/handler.go:61.3,68.1 2 0
github.com/ericbutera/bike/strava-gateway/internal/oauth/handler.go:69.2,69.16 1 0
github.com/ericbutera/bike/strava-gateway/internal/oauth/handler.go:70.3,72.1 2 0
github.com/ericbutera/bike/strava-gateway/internal/oauth/handler.go:73.2,74.16 2 0
github.com/ericbutera/bike/strava-gateway/internal/oauth/handler.go:75.3,77.1 2 0
github.com/ericbutera/bike/strava-gateway/internal/oauth/handler.go:78.2,79.16 2 0
github.com/ericbutera/bike/strava-gateway/internal/oauth/handler.go:80.3,82.1 2 0
github.com/ericbutera/bike/strava-gateway/internal/oauth/handler.go:83.2,90.4 1 0
github.com/ericbutera/bike/strava-gateway/internal/oauth/handler.go:94.2,95.9 2 0
github.com/ericbutera/bike/strava-gateway/internal/oauth/handler.go:96.3,97.1 1 0
github.com/ericbutera/bike/strava-gateway/internal/oauth/handler.go:98.2,98.84 1 0
github.com/ericbutera/bike/strava-gateway/internal/oauth/handler.go:99.3,101.1 2 0
github.com/ericbutera/bike/strava-gateway/internal/oauth/handler.go:102.2,105.45 4 0
github.com/ericbutera/bike/strava-gateway/internal/oauth/handler.go:106.3,108.1 2 0
github.com/ericbutera/bike/strava-gateway/internal/oauth/handler.go:109.2,109.69 1 0
github.com/ericbutera/bike/strava-gateway/internal/oauth/handler.go:110.3,112.1 2 0
github.com/ericbutera/bike/strava-gateway/internal/oauth/handler.go:113.2,113.53 1 0
github.com/ericbutera/bike/strava-gateway/internal/oauth/handler.go:117.2,118.9 2 0
github.com/ericbutera/bike/strava-gateway/internal/oauth/handler.go:119.3,120.1 1 0
github.com/ericbutera/bike/strava-gateway/internal/oauth/handler.go:121.2,124.45 4 0
github.com/ericbutera/bike/strava-gateway/internal/oauth/handler.go:125.3,127.1 2 0
github.com/ericbutera/bike/strava-gateway/internal/oauth/handler.go:128.2,128.69 1 0
github.com/ericbutera/bike/strava-gateway/internal/oauth/handler.go:129.3,131.1 2 0
github.com/ericbutera/bike/strava-gateway/internal/oauth/handler.go:132.2,132.59 1 0
github.com/ericbutera/bike/strava-gateway/internal/oauth/handler.go:136.2,137.16 2 0
github.com/ericbutera/bike/strava-gateway/internal/oauth/handler.go:138.3,140.1 2 0
github.com/ericbutera/bike/strava-gateway/internal/oauth/handler.go:141.2,142.78 2 0
github.com/ericbutera/bike/strava-gateway/internal/oauth/handler.go:143.3,145.1 2 0
github.com/ericbutera/bike/strava-gateway/internal/oauth/handler.go:146.2,147.87 2 0
github.com/ericbutera/bike/strava-gateway/internal/oauth/handler.go:148.3,150.1 2 0
github.com/ericbutera/bike/strava-gateway/internal/oauth/handler.go:151.2,151.20 1 0
github.com/ericbutera/bike/strava-gateway/internal/oauth/handler.go:155.2,157.1 2 0
github.com/ericbutera/bike/strava-gateway/internal/oauth/handler.go:160.2,161.16 2 0
github.com/ericbutera/bike/strava-gateway/internal/oauth/handler.go:162.3,164.1 2 0
github.com/ericbutera/bike/strava-gateway/internal/oauth/handler.go:165.2,166.78 2 0
github.com/ericbutera/bike/strava-gateway/internal/oauth/handler.go:167.3,169.1 2 0
github.com/ericbutera/bike/strava-gateway/internal/oauth/handler.go:170.2,172.53 2 0
github.com/ericbutera/bike/strava-gateway/internal/oauth/handler.go:173.3,175.1 2 0
github.com/ericbutera/bike/strava-gateway/internal/oauth/handler.go:176.2,177.49 2 0
github.com/ericbutera/bike/strava-gateway/internal/oauth/handler.go:178.3,180.1 2 0
github.com/ericbutera/bike/strava-gateway/internal/oauth/handler.go:181.2,186.17 4 0
github.com/ericbutera/bike/strava-gateway/internal/oauth/handler.go:187.3,189.1 2 0
github.com/ericbutera/bike/strava-gateway/internal/oauth/handler.go:190.2,193.4 2 0
github.com/ericbutera/bike/strava-gateway/internal/oauth/handler.go:197.2,199.17 3 0
github.com/ericbutera/bike/strava-gateway/internal/oauth/handler.go:200.3,202.1 2 0
github.com/ericbutera/bike/strava-gateway/internal/oauth/handler.go:203.2,206.16 4 0
github.com/ericbutera/bike/strava-gateway/internal/oauth/handler.go:207.3,209.1 2 0
github.com/ericbutera/bike/strava-gateway/internal/oauth/handler.go:210.2,211.13 2 0
github.com/ericbutera/bike/strava-gateway/internal/oauth/handler.go:212.3,214.1 2 0
github.com/ericbutera/bike/strava-gateway/internal/oauth/handler.go:215.2,216.52 2 0
github.com/ericbutera/bike/strava-gateway/internal/oauth/handler.go:217.3,217.59 1 0
github.com/ericbutera/bike/strava-gateway/internal/oauth/handler.go:218.4,219.1 1 0
github.com/ericbutera/bike/strava-gateway/internal/oauth/handler.go:221.2,222.49 2 0
github.com/ericbutera/bike/strava-gateway/internal/oauth/handler.go:223.3,225.1 2 0
github.com/ericbutera/bike/strava-gateway/internal/oauth/handler.go:226.2,229.64 4 0
github.com/ericbutera/bike/strava-gateway/internal/oauth/handler.go:233.2,233.60 1 0
github.com/ericbutera/bike/strava-gateway/internal/oauth/handler.go:234.3,235.1 1 0
github.com/ericbutera/bike/strava-gateway/internal/oauth/handler.go:235.9,235.30 1 0
github.com/ericbutera/bike/strava-gateway/internal/oauth/handler.go:236.3,237.1 1 0
github.com/ericbutera/bike/strava-gateway/internal/oauth/handler.go:238.2,239.89 2 0
github.com/ericbutera/bike/strava-gateway/internal/oauth/handler.go:240.3,241.1 1 0
github.com/ericbutera/bike/strava-gateway/internal/oauth/handler.go:242.2,242.16 1 0
github.com/ericbutera/bike/strava-gateway/internal/oauth/handler.go:243.3,244.1 1 0
github.com/ericbutera/bike/strava-gateway/internal/oauth/handler.go:245.2,245.80 1 0
github.com/ericbutera/bike/strava-gateway/internal/oauth/handler.go:246.3,247.1 1 0
github.com/ericbutera/bike/strava-gateway/internal/oauth/handler.go:248.2,249.20 2 0
github.com/ericbutera/bike/strava-gateway/internal/oauth/handler.go:250.3,250.61 1 0
github.com/ericbutera/bike/strava-gateway/internal/oauth/handler.go:251.4,252.1 1 0
github.com/ericbutera/bike/strava-gateway/internal/oauth/handler.go:252.10,252.31 1 0
github.com/ericbutera/bike/strava-gateway/internal/oauth/handler.go:253.4,254.1 1 0
github.com/ericbutera/bike/strava-gateway/internal/oauth/handler.go:255.3,257.97 3 0
github.com/ericbutera/bike/strava-gateway/internal/oauth/handler.go:258.4,259.1 1 0
github.com/ericbutera/bike/strava-gateway/internal/oauth/handler.go:260.3,260.17 1 0
github.com/ericbutera/bike/strava-gateway/internal/oauth/handler.go:261.4,262.1 1 0
github.com/ericbutera/bike/strava-gateway/internal/oauth/handler.go:264.2,268.17 1 0
github.com/ericbutera/bike/strava-gateway/internal/oauth/handler.go:269.3,270.1 1 0
github.com/ericbutera/bike/strava-gateway/internal/oauth/handler.go:271.2,273.1 2 0
github.com/ericbutera/bike/strava-gateway/internal/oauth/handler.go:274.2,274.60 2 0
github.com/ericbutera/bike/strava-gateway/internal/oauth/handler.go:275.3,276.1 1 0
github.com/ericbutera/bike/strava-gateway/internal/oauth/handler.go:277.2,277.50 1 0
github.com/ericbutera/bike/strava-gateway/internal/oauth/handler.go:281.2,283.48 3 0
github.com/ericbutera/bike/strava-gateway/internal/oauth/handler.go:284.3,285.1 1 0
github.com/ericbutera/bike/strava-gateway/internal/oauth/handler.go:286.2,287.16 2 0
github.com/ericbutera/bike/strava-gateway/internal/oauth/handler.go:288.3,289.1 1 0
github.com/ericbutera/bike/strava-gateway/internal/oauth/handler.go:290.2,291.24 2 0
github.com/ericbutera/bike/strava-gateway/internal/oauth/handler.go:292.3,293.1 1 0
github.com/ericbutera/bike/strava-gateway/internal/oauth/handler.go:294.2,294.64 1 0
github.com/ericbutera/bike/strava-gateway/internal/oauth/handler.go:295.3,296.1 1 0
github.com/ericbutera/bike/strava-gateway/internal/oauth/handler.go:297.2,300.43 4 0
github.com/ericbutera/bike/strava-gateway/internal/observability/logger.go:11.2,11.19 1 0
github.com/ericbutera/bike/strava-gateway/internal/observability/logger.go:12.3,13.1 1 0
github.com/ericbutera/bike/strava-gateway/internal/observability/logger.go:15.2,15.76 1 0
github.com/ericbutera/bike/strava-gateway/internal/observability/logger.go:19.2,20.28 2 0
github.com/ericbutera/bike/strava-gateway/internal/observability/logger.go:21.3,22.1 1 0
github.com/ericbutera/bike/strava-gateway/internal/observability/logger.go:24.2,27.3 1 0
github.com/ericbutera/bike/strava-gateway/internal/observability/metrics.go:54.2,90.1 6 0
github.com/ericbutera/bike/strava-gateway/internal/observability/metrics.go:91.2,103.1 6 0
github.com/ericbutera/bike/strava-gateway/internal/observability/metrics.go:106.2,107.1 1 0
github.com/ericbutera/bike/strava-gateway/internal/observability/metrics.go:110.2,110.82 1 0
github.com/ericbutera/bike/strava-gateway/internal/observability/metrics.go:111.3,111.104 1 0
github.com/ericbutera/bike/strava-gateway/internal/observability/metrics.go:112.4,114.1 2 0
github.com/ericbutera/bike/strava-gateway/internal/observability/metrics.go:115.3,118.27 4 0
github.com/ericbutera/bike/strava-gateway/internal/observability/metrics.go:119.4,120.1 1 0
github.com/ericbutera/bike/strava-gateway/internal/observability/metrics.go:121.3,122.18 2 0
github.com/ericbutera/bike/strava-gateway/internal/observability/metrics.go:123.4,124.1 1 0
github.com/ericbutera/bike/strava-gateway/internal/observability/metrics.go:125.3,127.74 3 0
github.com/ericbutera/bike/strava-gateway/internal/observability/metrics.go:128.4,130.29 3 0
github.com/ericbutera/bike/strava-gateway/internal/observability/metrics.go:131.5,132.1 1 0
github.com/ericbutera/bike/strava-gateway/internal/observability/metrics.go:133.4,138.1 2 0
github.com/ericbutera/bike/strava-gateway/internal/observability/metrics.go:139.4,139.57 2 0
github.com/ericbutera/bike/strava-gateway/internal/observability/metrics.go:140.5,141.1 1 0
github.com/ericbutera/bike/strava-gateway/internal/observability/metrics.go:141.11,141.55 1 0
github.com/ericbutera/bike/strava-gateway/internal/observability/metrics.go:142.5,143.1 1 0
github.com/ericbutera/bike/strava-gateway/internal/observability/metrics.go:144.5,145.1 1 0
github.com/ericbutera/bike/strava-gateway/internal/observability/metrics.go:151.2,157.1 6 0
github.com/ericbutera/bike/strava-gateway/internal/observability/metrics.go:160.2,161.17 2 0
github.com/ericbutera/bike/strava-gateway/internal/observability/metrics.go:162.3,163.1 1 0
github.com/ericbutera/bike/strava-gateway/internal/observability/metrics.go:164.2,166.77 3 0
github.com/ericbutera/bike/strava-gateway/internal/observability/metrics.go:170.2,174.1 4 0
github.com/ericbutera/bike/strava-gateway/internal/observability/metrics.go:177.2,181.1 4 0
github.com/ericbutera/bike/strava-gateway/internal/observability/metrics.go:184.2,186.60 3 0
github.com/ericbutera/bike/strava-gateway/internal/observability/metrics.go:187.3,188.1 1 0
github.com/ericbutera/bike/strava-gateway/internal/observability/metrics.go:189.2,191.64 3 0
github.com/ericbutera/bike/strava-gateway/internal/observability/metrics.go:192.3,193.1 1 0
github.com/ericbutera/bike/strava-gateway/internal/observability/metrics.go:194.2,196.72 3 0
github.com/ericbutera/bike/strava-gateway/internal/observability/metrics.go:200.2,201.1 1 0
github.com/ericbutera/bike/strava-gateway/internal/observability/metrics.go:204.2,208.1 4 0
github.com/ericbutera/bike/strava-gateway/internal/observability/metrics.go:211.2,215.1 4 0
github.com/ericbutera/bike/strava-gateway/internal/observability/metrics.go:218.2,218.16 1 0
github.com/ericbutera/bike/strava-gateway/internal/observability/metrics.go:219.3,220.1 1 0
github.com/ericbutera/bike/strava-gateway/internal/observability/metrics.go:221.2,222.70 2 0
github.com/ericbutera/bike/strava-gateway/internal/observability/metrics.go:226.2,228.1 2 0
github.com/ericbutera/bike/strava-gateway/internal/observability/metrics.go:231.2,232.1 1 0
github.com/ericbutera/bike/strava-gateway/internal/observability/metrics.go:235.2,240.1 5 0
github.com/ericbutera/bike/strava-gateway/internal/observability/metrics.go:243.2,243.16 1 0
github.com/ericbutera/bike/strava-gateway/internal/observability/metrics.go:245.3,245.26 1 0
github.com/ericbutera/bike/strava-gateway/internal/observability/metrics.go:247.3,247.22 1 0
github.com/ericbutera/bike/strava-gateway/internal/observability/metrics.go:249.3,249.29 1 0
github.com/ericbutera/bike/strava-gateway/internal/observability/metrics.go:251.3,251.25 1 0
github.com/ericbutera/bike/strava-gateway/internal/observability/metrics.go:253.3,253.17 1 0
github.com/ericbutera/bike/strava-gateway/internal/observability/metrics.go:258.2,260.1 2 0
github.com/ericbutera/bike/strava-gateway/internal/observability/metrics.go:263.2,264.1 1 0
github.com/ericbutera/bike/strava-gateway/internal/observability/metrics.go:267.2,268.1 1 0
github.com/ericbutera/bike/strava-gateway/internal/observability/metrics.go:271.2,277.68 7 0
github.com/ericbutera/bike/strava-gateway/internal/observability/metrics.go:278.3,279.1 1 0
github.com/ericbutera/bike/strava-gateway/internal/observability/metrics.go:283.2,283.68 1 0
github.com/ericbutera/bike/strava-gateway/internal/observability/metrics.go:284.3,285.1 1 0
github.com/ericbutera/bike/strava-gateway/internal/observability/metrics.go:294.2,294.26 1 0
github.com/ericbutera/bike/strava-gateway/internal/observability/metrics.go:295.3,296.1 1 0
github.com/ericbutera/bike/strava-gateway/internal/observability/metrics.go:297.2,298.49 2 0
github.com/ericbutera/bike/strava-gateway/internal/observability/metrics.go:302.2,302.26 1 0
github.com/ericbutera/bike/strava-gateway/internal/observability/metrics.go:303.3,304.1 1 0
github.com/ericbutera/bike/strava-gateway/internal/observability/metrics.go:305.2,305.44 1 0
github.com/ericbutera/bike/strava-gateway/internal/observability/metrics.go:308.64,308.96 1 0
github.com/ericbutera/bike/strava-gateway/internal/observability/metrics.go:311.2,311.9 1 0
github.com/ericbutera/bike/strava-gateway/internal/observability/metrics.go:313.3,313.23 1 0
github.com/ericbutera/bike/strava-gateway/internal/observability/metrics.go:315.3,315.27 1 0
github.com/ericbutera/bike/strava-gateway/internal/observability/metrics.go:317.3,317.27 1 0
github.com/ericbutera/bike/strava-gateway/internal/observability/metrics.go:319.3,319.28 1 0
github.com/ericbutera/bike/strava-gateway/internal/observability/metrics.go:321.3,321.27 1 0
github.com/ericbutera/bike/strava-gateway/internal/observability/metrics.go:323.3,323.17 1 0
github.com/ericbutera/bike/strava-gateway/internal/observability/metrics.go:328.2,328.16 1 0
github.com/ericbutera/bike/strava-gateway/internal/observability/metrics.go:330.3,330.16 1 0
github.com/ericbutera/bike/strava-gateway/internal/observability/metrics.go:332.3,332.17 1 0
github.com/ericbutera/bike/strava-gateway/internal/observability/metrics.go:337.2,337.36 1 0
github.com/ericbutera/bike/strava-gateway/internal/observability/metrics.go:338.3,338.25 1 0
github.com/ericbutera/bike/strava-gateway/internal/observability/metrics.go:339.4,340.1 1 0
github.com/ericbutera/bike/strava-gateway/internal/observability/metrics.go:342.2,342.16 1 0
github.com/ericbutera/bike/strava-gateway/internal/observability/metrics.go:346.2,347.1 1 0
github.com/ericbutera/bike/strava-gateway/internal/observability/tracing.go:19.2,26.1 5 0
github.com/ericbutera/bike/strava-gateway/internal/observability/tracing.go:27.2,32.1 5 0
github.com/ericbutera/bike/strava-gateway/internal/observability/tracing.go:33.2,33.23 5 0
github.com/ericbutera/bike/strava-gateway/internal/observability/tracing.go:34.3,35.17 2 0
github.com/ericbutera/bike/strava-gateway/internal/observability/tracing.go:36.4,37.1 1 0
github.com/ericbutera/bike/strava-gateway/internal/observability/tracing.go:38.3,41.5 1 0
github.com/ericbutera/bike/strava-gateway/internal/observability/tracing.go:43.2,45.31 3 0
github.com/ericbutera/bike/strava-gateway/internal/observability/tracing.go:49.2,49.127 1 0
github.com/ericbutera/bike/strava-gateway/internal/observability/tracing.go:50.3,51.1 1 0
github.com/ericbutera/bike/strava-gateway/internal/observability/tracing.go:52.2,52.90 1 0
github.com/ericbutera/bike/strava-gateway/internal/observability/tracing.go:53.3,53.59 1 0
github.com/ericbutera/bike/strava-gateway/internal/observability/tracing.go:54.4,54.62 1 0
github.com/ericbutera/bike/strava-gateway/internal/observability/tracing.go:55.5,56.1 1 0
github.com/ericbutera/bike/strava-gateway/internal/observability/tracing.go:58.3,58.15 1 0
github.com/ericbutera/bike/strava-gateway/internal/observability/tracing.go:60.2,60.112 1 0
github.com/ericbutera/bike/strava-gateway/internal/observability/tracing.go:64.2,64.62 1 0
github.com/ericbutera/bike/strava-gateway/internal/observability/tracing.go:65.3,66.1 1 0
github.com/ericbutera/bike/strava-gateway/internal/observability/tracing.go:67.2,67.17 1 0
github.com/ericbutera/bike/strava-gateway/internal/observability/tracing.go:71.2,72.24 2 0
github.com/ericbutera/bike/strava-gateway/internal/observability/tracing.go:73.3,74.1 1 0
github.com/ericbutera/bike/strava-gateway/internal/observability/tracing.go:75.2,75.23 1 0
github.com/ericbutera/bike/strava-gateway/internal/observability/tracing.go:76.3,77.1 1 0
github.com/ericbutera/bike/strava-gateway/internal/observability/tracing.go:78.2,82.29 5 0
github.com/ericbutera/bike/strava-gateway/internal/observability/tracing.go:83.3,84.1 1 0
github.com/ericbutera/bike/strava-gateway/internal/observability/tracing.go:85.2,85.72 1 0
github.com/ericbutera/bike/strava-gateway/internal/provider/client.go:30.2,31.16 2 0
github.com/ericbutera/bike/strava-gateway/internal/provider/client.go:32.3,33.1 1 0
github.com/ericbutera/bike/strava-gateway/internal/provider/client.go:34.2,38.1 2 0
github.com/ericbutera/bike/strava-gateway/internal/provider/client.go:39.2,39.52 2 0
github.com/ericbutera/bike/strava-gateway/internal/provider/client.go:43.2,44.16 2 0
github.com/ericbutera/bike/strava-gateway/internal/provider/client.go:45.3,46.1 1 0
github.com/ericbutera/bike/strava-gateway/internal/provider/client.go:47.2,49.1 2 0
github.com/ericbutera/bike/strava-gateway/internal/provider/client.go:50.2,50.64 2 0
github.com/ericbutera/bike/strava-gateway/internal/provider/client.go:51.3,52.1 1 0
github.com/ericbutera/bike/strava-gateway/internal/provider/client.go:53.2,53.21 1 0
github.com/ericbutera/bike/strava-gateway/internal/provider/client.go:54.3,55.1 1 0
github.com/ericbutera/bike/strava-gateway/internal/provider/client.go:56.2,56.34 1 0
github.com/ericbutera/bike/strava-gateway/internal/provider/client.go:80.39,80.102 1 0
github.com/ericbutera/bike/strava-gateway/internal/provider/client.go:93.2,93.24 1 6
github.com/ericbutera/bike/strava-gateway/internal/provider/client.go:95.3,95.29 1 2
github.com/ericbutera/bike/strava-gateway/internal/provider/client.go:97.3,97.28 1 1
github.com/ericbutera/bike/strava-gateway/internal/provider/client.go:99.3,99.26 1 1
github.com/ericbutera/bike/strava-gateway/internal/provider/client.go:101.3,101.25 1 1
github.com/ericbutera/bike/strava-gateway/internal/provider/client.go:103.3,103.22 1 1
github.com/ericbutera/bike/strava-gateway/internal/provider/client.go:108.2,109.1 1 0
github.com/ericbutera/bike/strava-gateway/internal/provider/client.go:112.2,116.1 3 0
github.com/ericbutera/bike/strava-gateway/internal/provider/client.go:117.2,118.1 3 0
github.com/ericbutera/bike/strava-gateway/internal/provider/client.go:121.2,122.20 2 0
github.com/ericbutera/bike/strava-gateway/internal/provider/client.go:123.3,124.1 1 0
github.com/ericbutera/bike/strava-gateway/internal/provider/client.go:125.2,126.16 2 0
github.com/ericbutera/bike/strava-gateway/internal/provider/client.go:127.3,128.1 1 0
github.com/ericbutera/bike/strava-gateway/internal/provider/client.go:129.2,131.1 2 0
github.com/ericbutera/bike/strava-gateway/internal/provider/client.go:132.2,132.63 2 0
github.com/ericbutera/bike/strava-gateway/internal/provider/client.go:133.3,134.1 1 0
github.com/ericbutera/bike/strava-gateway/internal/provider/client.go:135.2,136.31 2 0
github.com/ericbutera/bike/strava-gateway/internal/provider/client.go:137.3,137.19 1 0
github.com/ericbutera/bike/strava-gateway/internal/provider/client.go:138.4,139.1 1 0
github.com/ericbutera/bike/strava-gateway/internal/provider/client.go:141.2,141.27 1 0
github.com/ericbutera/bike/strava-gateway/internal/provider/client.go:145.2,146.16 2 0
github.com/ericbutera/bike/strava-gateway/internal/provider/client.go:147.3,148.1 1 0
github.com/ericbutera/bike/strava-gateway/internal/provider/client.go:149.2,150.16 2 0
github.com/ericbutera/bike/strava-gateway/internal/provider/client.go:151.3,152.1 1 0
github.com/ericbutera/bike/strava-gateway/internal/provider/client.go:153.2,154.29 2 0
github.com/ericbutera/bike/strava-gateway/internal/provider/client.go:158.2,159.1 1 0
github.com/ericbutera/bike/strava-gateway/internal/provider/client.go:162.2,163.1 1 0
github.com/ericbutera/bike/strava-gateway/internal/provider/client.go:166.2,166.56 1 0
github.com/ericbutera/bike/strava-gateway/internal/provider/client.go:167.3,168.1 1 0
github.com/ericbutera/bike/strava-gateway/internal/provider/client.go:169.2,172.16 4 0
github.com/ericbutera/bike/strava-gateway/internal/provider/client.go:173.3,174.1 1 0
github.com/ericbutera/bike/strava-gateway/internal/provider/client.go:175.2,177.16 2 0
github.com/ericbutera/bike/strava-gateway/internal/provider/client.go:178.3,179.1 1 0
github.com/ericbutera/bike/strava-gateway/internal/provider/client.go:180.2,182.16 3 0
github.com/ericbutera/bike/strava-gateway/internal/provider/client.go:183.3,184.1 1 0
github.com/ericbutera/bike/strava-gateway/internal/provider/client.go:185.2,186.62 2 0
github.com/ericbutera/bike/strava-gateway/internal/provider/client.go:187.3,188.1 1 0
github.com/ericbutera/bike/strava-gateway/internal/provider/client.go:189.2,189.81 1 0
github.com/ericbutera/bike/strava-gateway/internal/provider/client.go:190.3,191.1 1 0
github.com/ericbutera/bike/strava-gateway/internal/provider/client.go:192.2,192.29 1 0
github.com/ericbutera/bike/strava-gateway/internal/provider/client.go:196.2,198.23 3 0
github.com/ericbutera/bike/strava-gateway/internal/provider/client.go:199.3,200.1 1 0
github.com/ericbutera/bike/strava-gateway/internal/provider/client.go:201.2,202.16 2 0
github.com/ericbutera/bike/strava-gateway/internal/provider/client.go:203.3,205.1 2 0
github.com/ericbutera/bike/strava-gateway/internal/provider/client.go:206.2,206.15 1 0
github.com/ericbutera/bike/strava-gateway/internal/provider/client.go:206.17,206.62 1 0
github.com/ericbutera/bike/strava-gateway/internal/provider/client.go:207.2,207.27 1 0
github.com/ericbutera/bike/strava-gateway/internal/provider/client.go:208.3,209.1 1 0
github.com/ericbutera/bike/strava-gateway/internal/provider/client.go:210.2,211.16 2 0
github.com/ericbutera/bike/strava-gateway/internal/provider/client.go:212.3,214.1 2 0
github.com/ericbutera/bike/strava-gateway/internal/provider/client.go:215.2,215.33 1 0
github.com/ericbutera/bike/strava-gateway/internal/provider/client.go:216.3,218.1 2 0
github.com/ericbutera/bike/strava-gateway/internal/provider/client.go:219.2,221.57 3 0
github.com/ericbutera/bike/strava-gateway/internal/provider/client.go:222.3,223.1 1 0
github.com/ericbutera/bike/strava-gateway/internal/provider/client.go:224.2,224.22 1 0
github.com/ericbutera/bike/strava-gateway/internal/provider/client.go:228.2,228.27 1 0
github.com/ericbutera/bike/strava-gateway/internal/provider/client.go:229.3,230.1 1 0
github.com/ericbutera/bike/strava-gateway/internal/provider/client.go:234.2,234.85 1 0
github.com/ericbutera/bike/strava-gateway/internal/provider/client.go:235.3,236.1 1 0
github.com/ericbutera/bike/strava-gateway/internal/provider/client.go:237.2,237.74 1 0
github.com/ericbutera/bike/strava-gateway/internal/provider/client.go:238.3,239.1 1 0
github.com/ericbutera/bike/strava-gateway/internal/provider/client.go:240.2,240.20 1 0
github.com/ericbutera/bike/strava-gateway/internal/provider/client.go:250.2,251.56 2 0
github.com/ericbutera/bike/strava-gateway/internal/provider/client.go:252.3,253.1 1 0
github.com/ericbutera/bike/strava-gateway/internal/provider/client.go:254.2,254.22 1 0
github.com/ericbutera/bike/strava-gateway/internal/provider/client.go:255.3,256.1 1 0
github.com/ericbutera/bike/strava-gateway/internal/provider/client.go:257.2,257.22 1 0
github.com/ericbutera/bike/strava-gateway/internal/provider/client.go:261.2,262.16 2 0
github.com/ericbutera/bike/strava-gateway/internal/provider/client.go:263.3,264.1 1 0
github.com/ericbutera/bike/strava-gateway/internal/provider/client.go:265.2,265.50 1 0
github.com/ericbutera/bike/strava-gateway/internal/provider/client.go:267.3,267.14 1 0
github.com/ericbutera/bike/strava-gateway/internal/provider/client.go:269.3,269.15 1 0
github.com/ericbutera/bike/strava-gateway/internal/provider/scopes.go:9.2,9.53 1 0
github.com/ericbutera/bike/strava-gateway/internal/provider/scopes.go:10.3,11.1 1 0
github.com/ericbutera/bike/strava-gateway/internal/provider/scopes.go:15.2,15.32 1 0
github.com/ericbutera/bike/strava-gateway/internal/provider/scopes.go:16.3,16.45 1 0
github.com/ericbutera/bike/strava-gateway/internal/provider/scopes.go:17.4,17.23 1 0
github.com/ericbutera/bike/strava-gateway/internal/provider/scopes.go:18.5,19.1 1 0
github.com/ericbutera/bike/strava-gateway/internal/provider/scopes.go:22.2,22.14 1 0
github.com/ericbutera/bike/strava-gateway/internal/secret/token.go:18.2,19.34 2 0
github.com/ericbutera/bike/strava-gateway/internal/secret/token.go:20.3,21.1 1 0
github.com/ericbutera/bike/strava-gateway/internal/secret/token.go:22.2,23.16 2 0
github.com/ericbutera/bike/strava-gateway/internal/secret/token.go:24.3,25.1 1 0
github.com/ericbutera/bike/strava-gateway/internal/secret/token.go:26.2,27.16 2 0
github.com/ericbutera/bike/strava-gateway/internal/secret/token.go:28.3,29.1 1 0
github.com/ericbutera/bike/strava-gateway/internal/secret/token.go:30.2,30.37 1 0
github.com/ericbutera/bike/strava-gateway/internal/secret/token.go:36.2,37.44 2 0
github.com/ericbutera/bike/strava-gateway/internal/secret/token.go:38.3,39.1 1 0
github.com/ericbutera/bike/strava-gateway/internal/secret/token.go:40.2,40.71 1 0
github.com/ericbutera/bike/strava-gateway/internal/secret/token.go:44.2,45.29 2 0
github.com/ericbutera/bike/strava-gateway/internal/secret/token.go:46.3,47.1 1 0
github.com/ericbutera/bike/strava-gateway/internal/secret/token.go:48.2,48.86 1 0
github.com/ericbutera/bike/strava-gateway/internal/storage/connections.go:29.2,30.16 2 0
github.com/ericbutera/bike/strava-gateway/internal/storage/connections.go:31.3,32.1 1 0
github.com/ericbutera/bike/strava-gateway/internal/storage/connections.go:33.2,40.12 2 0
github.com/ericbutera/bike/strava-gateway/internal/storage/connections.go:46.2,46.17 1 0
github.com/ericbutera/bike/strava-gateway/internal/storage/connections.go:47.3,48.1 1 0
github.com/ericbutera/bike/strava-gateway/internal/storage/connections.go:49.2,50.16 2 0
github.com/ericbutera/bike/strava-gateway/internal/storage/connections.go:51.3,52.1 1 0
github.com/ericbutera/bike/strava-gateway/internal/storage/connections.go:53.2,54.16 2 0
github.com/ericbutera/bike/strava-gateway/internal/storage/connections.go:55.3,56.1 1 0
github.com/ericbutera/bike/strava-gateway/internal/storage/connections.go:57.2,61.13 3 0
github.com/ericbutera/bike/strava-gateway/internal/storage/connections.go:62.3,66.1 1 0
github.com/ericbutera/bike/strava-gateway/internal/storage/connections.go:67.2,68.16 2 0
github.com/ericbutera/bike/strava-gateway/internal/storage/connections.go:69.3,70.1 1 0
github.com/ericbutera/bike/strava-gateway/internal/storage/connections.go:71.2,75.16 2 0
github.com/ericbutera/bike/strava-gateway/internal/storage/connections.go:76.3,77.1 1 0
github.com/ericbutera/bike/strava-gateway/internal/storage/connections.go:78.2,78.32 1 0
github.com/ericbutera/bike/strava-gateway/internal/storage/connections.go:79.3,80.1 1 0
github.com/ericbutera/bike/strava-gateway/internal/storage/connections.go:81.2,81.39 1 0
github.com/ericbutera/bike/strava-gateway/internal/storage/connections.go:82.3,83.1 1 0
github.com/ericbutera/bike/strava-gateway/internal/storage/connections.go:84.2,84.42 1 0
github.com/ericbutera/bike/strava-gateway/internal/storage/connections.go:88.2,88.105 1 0
github.com/ericbutera/bike/strava-gateway/internal/storage/connections.go:89.3,90.1 1 0
github.com/ericbutera/bike/strava-gateway/internal/storage/connections.go:91.2,95.16 2 0
github.com/ericbutera/bike/strava-gateway/internal/storage/connections.go:96.3,97.1 1 0
github.com/ericbutera/bike/strava-gateway/internal/storage/connections.go:98.2,99.20 2 0
github.com/ericbutera/bike/strava-gateway/internal/storage/connections.go:103.2,109.16 5 0
github.com/ericbutera/bike/strava-gateway/internal/storage/connections.go:110.3,111.1 1 0
github.com/ericbutera/bike/strava-gateway/internal/storage/connections.go:112.2,113.16 2 0
github.com/ericbutera/bike/strava-gateway/internal/storage/connections.go:114.3,115.1 1 0
github.com/ericbutera/bike/strava-gateway/internal/storage/connections.go:116.2,119.1 2 0
github.com/ericbutera/bike/strava-gateway/internal/storage/connections.go:120.2,120.55 2 0
github.com/ericbutera/bike/strava-gateway/internal/storage/connections.go:121.3,122.1 1 0
github.com/ericbutera/bike/strava-gateway/internal/storage/connections.go:123.2,124.18 2 0
github.com/ericbutera/bike/strava-gateway/internal/storage/connections.go:129.2,130.16 2 0
github.com/ericbutera/bike/strava-gateway/internal/storage/connections.go:131.3,132.1 1 0
github.com/ericbutera/bike/strava-gateway/internal/storage/connections.go:133.2,135.12 2 0
github.com/ericbutera/bike/strava-gateway/internal/storage/connections.go:145.2,145.70 1 0
github.com/ericbutera/bike/strava-gateway/internal/storage/connections.go:146.3,147.1 1 0
github.com/ericbutera/bike/strava-gateway/internal/storage/connections.go:148.2,153.16 2 0
github.com/ericbutera/bike/strava-gateway/internal/storage/connections.go:154.3,155.1 1 0
github.com/ericbutera/bike/strava-gateway/internal/storage/connections.go:156.2,156.33 1 0
github.com/ericbutera/bike/strava-gateway/internal/storage/connections.go:157.3,158.1 1 0
github.com/ericbutera/bike/strava-gateway/internal/storage/connections.go:159.2,159.12 1 0
github.com/ericbutera/bike/strava-gateway/internal/storage/connections.go:163.2,167.35 4 0
github.com/ericbutera/bike/strava-gateway/internal/storage/connections.go:168.3,169.1 1 0
github.com/ericbutera/bike/strava-gateway/internal/storage/connections.go:170.2,170.18 1 0
github.com/ericbutera/bike/strava-gateway/internal/storage/connections.go:174.2,178.35 4 0
github.com/ericbutera/bike/strava-gateway/internal/storage/connections.go:179.3,180.1 1 0
github.com/ericbutera/bike/strava-gateway/internal/storage/connections.go:181.2,181.18 1 0
github.com/ericbutera/bike/strava-gateway/internal/storage/connections.go:185.2,186.16 2 0
github.com/ericbutera/bike/strava-gateway/internal/storage/connections.go:187.3,188.1 1 0
github.com/ericbutera/bike/strava-gateway/internal/storage/connections.go:189.2,193.16 3 0
github.com/ericbutera/bike/strava-gateway/internal/storage/connections.go:194.3,195.1 1 0
github.com/ericbutera/bike/strava-gateway/internal/storage/connections.go:196.2,196.33 1 0
github.com/ericbutera/bike/strava-gateway/internal/storage/connections.go:197.3,198.1 1 0
github.com/ericbutera/bike/strava-gateway/internal/storage/connections.go:199.2,201.84 1 0
github.com/ericbutera/bike/strava-gateway/internal/storage/connections.go:202.3,203.1 1 0
github.com/ericbutera/bike/strava-gateway/internal/storage/connections.go:204.2,204.23 1 0
github.com/ericbutera/bike/strava-gateway/internal/storage/inbox.go:25.2,28.16 4 0
github.com/ericbutera/bike/strava-gateway/internal/storage/inbox.go:29.3,30.1 1 0
github.com/ericbutera/bike/strava-gateway/internal/storage/inbox.go:31.2,38.35 4 0
github.com/ericbutera/bike/strava-gateway/internal/storage/inbox.go:39.3,40.1 1 0
github.com/ericbutera/bike/strava-gateway/internal/storage/inbox.go:41.2,41.16 1 0
github.com/ericbutera/bike/strava-gateway/internal/storage/inbox.go:42.3,43.1 1 0
github.com/ericbutera/bike/strava-gateway/internal/storage/inbox.go:44.2,47.16 2 0
github.com/ericbutera/bike/strava-gateway/internal/storage/inbox.go:48.3,49.1 1 0
github.com/ericbutera/bike/strava-gateway/internal/storage/inbox.go:50.2,51.18 2 0
github.com/ericbutera/bike/strava-gateway/internal/storage/inbox.go:52.3,53.44 2 0
github.com/ericbutera/bike/strava-gateway/internal/storage/inbox.go:54.4,56.1 2 0
github.com/ericbutera/bike/strava-gateway/internal/storage/inbox.go:57.3,57.21 1 0
github.com/ericbutera/bike/strava-gateway/internal/storage/inbox.go:59.2,59.35 1 0
github.com/ericbutera/bike/strava-gateway/internal/storage/inbox.go:60.3,62.1 2 0
github.com/ericbutera/bike/strava-gateway/internal/storage/inbox.go:63.2,64.39 2 0
github.com/ericbutera/bike/strava-gateway/internal/storage/inbox.go:65.3,66.1 1 0
github.com/ericbutera/bike/strava-gateway/internal/storage/inbox.go:67.2,67.26 1 0
github.com/ericbutera/bike/strava-gateway/internal/storage/inbox.go:68.3,68.37 1 0
github.com/ericbutera/bike/strava-gateway/internal/storage/inbox.go:69.4,70.1 1 0
github.com/ericbutera/bike/strava-gateway/internal/storage/inbox.go:72.2,72.18 1 0
github.com/ericbutera/bike/strava-gateway/internal/storage/inbox.go:76.2,76.17 1 0
github.com/ericbutera/bike/strava-gateway/internal/storage/inbox.go:77.3,78.1 1 0
github.com/ericbutera/bike/strava-gateway/internal/storage/inbox.go:79.2,79.15 1 0
github.com/ericbutera/bike/strava-gateway/internal/storage/jobs.go:32.2,50.63 3 0
github.com/ericbutera/bike/strava-gateway/internal/storage/jobs.go:51.3,52.1 1 0
github.com/ericbutera/bike/strava-gateway/internal/storage/jobs.go:53.2,56.19 4 0
github.com/ericbutera/bike/strava-gateway/internal/storage/jobs.go:68.2,81.35 4 0
github.com/ericbutera/bike/strava-gateway/internal/storage/jobs.go:82.3,83.1 1 0
github.com/ericbutera/bike/strava-gateway/internal/storage/jobs.go:84.2,84.16 1 0
github.com/ericbutera/bike/strava-gateway/internal/storage/jobs.go:85.3,86.1 1 0
github.com/ericbutera/bike/strava-gateway/internal/storage/jobs.go:87.2,87.56 1 0
github.com/ericbutera/bike/strava-gateway/internal/storage/jobs.go:88.3,89.1 1 0
github.com/ericbutera/bike/strava-gateway/internal/storage/jobs.go:90.2,90.18 1 0
github.com/ericbutera/bike/strava-gateway/internal/storage/jobs.go:100.2,100.82 1 0
github.com/ericbutera/bike/strava-gateway/internal/storage/jobs.go:101.3,102.1 1 0
github.com/ericbutera/bike/strava-gateway/internal/storage/jobs.go:103.2,104.16 2 0
github.com/ericbutera/bike/strava-gateway/internal/storage/jobs.go:105.3,106.1 1 0
github.com/ericbutera/bike/strava-gateway/internal/storage/jobs.go:107.2,109.21 3 0
github.com/ericbutera/bike/strava-gateway/internal/storage/jobs.go:110.3,110.111 1 0
github.com/ericbutera/bike/strava-gateway/internal/storage/jobs.go:111.4,112.1 1 0
github.com/ericbutera/bike/strava-gateway/internal/storage/jobs.go:113.3,117.84 1 0
github.com/ericbutera/bike/strava-gateway/internal/storage/jobs.go:118.4,119.1 1 0
github.com/ericbutera/bike/strava-gateway/internal/storage/jobs.go:120.3,120.26 1 0
github.com/ericbutera/bike/strava-gateway/internal/storage/jobs.go:121.9,121.34 1 0
github.com/ericbutera/bike/strava-gateway/internal/storage/jobs.go:122.3,123.1 1 0
github.com/ericbutera/bike/strava-gateway/internal/storage/jobs.go:124.2,126.124 1 0
github.com/ericbutera/bike/strava-gateway/internal/storage/jobs.go:127.3,128.1 1 0
github.com/ericbutera/bike/strava-gateway/internal/storage/jobs.go:129.2,131.16 2 0
github.com/ericbutera/bike/strava-gateway/internal/storage/jobs.go:132.3,133.1 1 0
github.com/ericbutera/bike/strava-gateway/internal/storage/jobs.go:134.2,134.33 1 0
github.com/ericbutera/bike/strava-gateway/internal/storage/jobs.go:135.3,136.1 1 0
github.com/ericbutera/bike/strava-gateway/internal/storage/jobs.go:137.2,137.23 1 0
github.com/ericbutera/bike/strava-gateway/internal/storage/jobs.go:141.2,142.37 2 0
github.com/ericbutera/bike/strava-gateway/internal/storage/jobs.go:143.3,144.1 1 0
github.com/ericbutera/bike/strava-gateway/internal/storage/jobs.go:145.2,148.12 2 0
github.com/ericbutera/bike/strava-gateway/internal/storage/jobs.go:152.2,154.1 2 0
github.com/ericbutera/bike/strava-gateway/internal/storage/jobs.go:157.2,158.16 2 0
github.com/ericbutera/bike/strava-gateway/internal/storage/jobs.go:159.3,160.1 1 0
github.com/ericbutera/bike/strava-gateway/internal/storage/jobs.go:161.2,163.109 2 0
github.com/ericbutera/bike/strava-gateway/internal/storage/jobs.go:164.3,165.1 1 0
github.com/ericbutera/bike/strava-gateway/internal/storage/jobs.go:166.2,167.96 1 0
github.com/ericbutera/bike/strava-gateway/internal/storage/jobs.go:168.3,169.1 1 0
github.com/ericbutera/bike/strava-gateway/internal/storage/jobs.go:170.2,170.23 1 0
github.com/ericbutera/bike/strava-gateway/internal/storage/jobs.go:187.2,206.35 6 0
github.com/ericbutera/bike/strava-gateway/internal/storage/jobs.go:207.3,208.1 1 0
github.com/ericbutera/bike/strava-gateway/internal/storage/jobs.go:209.2,209.16 1 0
github.com/ericbutera/bike/strava-gateway/internal/storage/jobs.go:210.3,211.1 1 0
github.com/ericbutera/bike/strava-gateway/internal/storage/jobs.go:212.2,212.56 1 0
github.com/ericbutera/bike/strava-gateway/internal/storage/jobs.go:213.3,214.1 1 0
github.com/ericbutera/bike/strava-gateway/internal/storage/jobs.go:215.2,215.47 1 0
github.com/ericbutera/bike/strava-gateway/internal/storage/jobs.go:216.3,217.1 1 0
github.com/ericbutera/bike/strava-gateway/internal/storage/jobs.go:218.2,218.18 1 0
github.com/ericbutera/bike/strava-gateway/internal/storage/jobs.go:222.2,225.16 2 0
github.com/ericbutera/bike/strava-gateway/internal/storage/jobs.go:226.3,227.1 1 0
github.com/ericbutera/bike/strava-gateway/internal/storage/jobs.go:228.2,228.33 1 0
github.com/ericbutera/bike/strava-gateway/internal/storage/jobs.go:229.3,230.1 1 0
github.com/ericbutera/bike/strava-gateway/internal/storage/jobs.go:231.2,231.12 1 0
github.com/ericbutera/bike/strava-gateway/internal/storage/jobs.go:235.2,236.37 2 0
github.com/ericbutera/bike/strava-gateway/internal/storage/jobs.go:237.3,238.1 1 0
github.com/ericbutera/bike/strava-gateway/internal/storage/jobs.go:239.2,242.12 2 0
github.com/ericbutera/bike/strava-gateway/internal/storage/jobs.go:249.2,249.51 1 0
github.com/ericbutera/bike/strava-gateway/internal/storage/jobs.go:250.3,251.1 1 0
github.com/ericbutera/bike/strava-gateway/internal/storage/jobs.go:252.2,253.16 2 0
github.com/ericbutera/bike/strava-gateway/internal/storage/jobs.go:254.3,255.1 1 0
github.com/ericbutera/bike/strava-gateway/internal/storage/jobs.go:256.2,259.65 2 0
github.com/ericbutera/bike/strava-gateway/internal/storage/jobs.go:260.3,261.1 1 0
github.com/ericbutera/bike/strava-gateway/internal/storage/jobs.go:262.2,265.16 2 0
github.com/ericbutera/bike/strava-gateway/internal/storage/jobs.go:266.3,267.1 1 0
github.com/ericbutera/bike/strava-gateway/internal/storage/jobs.go:268.2,268.33 1 0
github.com/ericbutera/bike/strava-gateway/internal/storage/jobs.go:269.3,270.1 1 0
github.com/ericbutera/bike/strava-gateway/internal/storage/jobs.go:271.2,271.23 1 0
github.com/ericbutera/bike/strava-gateway/internal/storage/migrations.go:20.2,21.16 2 0
github.com/ericbutera/bike/strava-gateway/internal/storage/migrations.go:22.3,23.1 1 0
github.com/ericbutera/bike/strava-gateway/internal/storage/migrations.go:24.2,24.15 1 0
github.com/ericbutera/bike/strava-gateway/internal/storage/migrations.go:24.17,24.53 1 0
github.com/ericbutera/bike/strava-gateway/internal/storage/migrations.go:25.2,26.16 2 0
github.com/ericbutera/bike/strava-gateway/internal/storage/migrations.go:27.3,28.1 1 0
github.com/ericbutera/bike/strava-gateway/internal/storage/migrations.go:29.2,31.16 2 0
github.com/ericbutera/bike/strava-gateway/internal/storage/migrations.go:32.3,33.1 1 0
github.com/ericbutera/bike/strava-gateway/internal/storage/migrations.go:34.2,35.12 2 0
github.com/ericbutera/bike/strava-gateway/internal/storage/oauth.go:22.2,22.62 1 0
github.com/ericbutera/bike/strava-gateway/internal/storage/oauth.go:23.3,24.1 1 0
github.com/ericbutera/bike/strava-gateway/internal/storage/oauth.go:25.2,28.12 2 0
github.com/ericbutera/bike/strava-gateway/internal/storage/oauth.go:34.2,35.17 2 0
github.com/ericbutera/bike/strava-gateway/internal/storage/oauth.go:36.3,37.1 1 0
github.com/ericbutera/bike/strava-gateway/internal/storage/oauth.go:38.2,41.35 2 0
github.com/ericbutera/bike/strava-gateway/internal/storage/oauth.go:42.3,43.1 1 0
github.com/ericbutera/bike/strava-gateway/internal/storage/oauth.go:44.2,44.18 1 0
github.com/ericbutera/bike/strava-gateway/internal/storage/oauth.go:50.2,52.1 2 0
github.com/ericbutera/bike/strava-gateway/internal/storage/operations.go:37.2,50.16 2 0
github.com/ericbutera/bike/strava-gateway/internal/storage/operations.go:51.3,52.1 1 0
github.com/ericbutera/bike/strava-gateway/internal/storage/operations.go:53.2,55.18 3 0
github.com/ericbutera/bike/strava-gateway/internal/storage/operations.go:56.3,58.125 2 0
github.com/ericbutera/bike/strava-gateway/internal/storage/operations.go:59.4,60.1 1 0
github.com/ericbutera/bike/strava-gateway/internal/storage/operations.go:61.3,61.30 1 0
github.com/ericbutera/bike/strava-gateway/internal/storage/operations.go:63.2,63.26 1 0
github.com/ericbutera/bike/strava-gateway/internal/storage/operations.go:67.2,72.16 2 0
github.com/ericbutera/bike/strava-gateway/internal/storage/operations.go:73.3,74.1 1 0
github.com/ericbutera/bike/strava-gateway/internal/storage/operations.go:75.2,77.18 3 0
github.com/ericbutera/bike/strava-gateway/internal/storage/operations.go:78.3,79.74 2 0
github.com/ericbutera/bike/strava-gateway/internal/storage/operations.go:80.4,81.1 1 0
github.com/ericbutera/bike/strava-gateway/internal/storage/operations.go:82.3,82.32 1 0
github.com/ericbutera/bike/strava-gateway/internal/storage/operations.go:84.2,84.27 1 0
github.com/ericbutera/bike/strava-gateway/internal/storage/operations.go:88.2,88.13 1 0
github.com/ericbutera/bike/strava-gateway/internal/storage/operations.go:89.3,90.1 1 0
github.com/ericbutera/bike/strava-gateway/internal/storage/operations.go:91.2,92.14 2 0
github.com/ericbutera/bike/strava-gateway/internal/storage/operations.go:94.3,96.34 1 0
github.com/ericbutera/bike/strava-gateway/internal/storage/operations.go:98.3,100.52 1 0
github.com/ericbutera/bike/strava-gateway/internal/storage/operations.go:102.3,104.52 1 0
github.com/ericbutera/bike/strava-gateway/internal/storage/operations.go:106.3,106.49 1 0
github.com/ericbutera/bike/strava-gateway/internal/storage/operations.go:108.2,109.16 2 0
github.com/ericbutera/bike/strava-gateway/internal/storage/operations.go:110.3,111.1 1 0
github.com/ericbutera/bike/strava-gateway/internal/storage/operations.go:112.2,112.33 1 0
github.com/ericbutera/bike/strava-gateway/internal/storage/operations.go:113.3,114.1 1 0
github.com/ericbutera/bike/strava-gateway/internal/storage/operations.go:115.2,115.12 1 0
github.com/ericbutera/bike/strava-gateway/internal/storage/quota.go:45.2,48.1 3 0
github.com/ericbutera/bike/strava-gateway/internal/storage/quota.go:49.2,50.31 3 0
github.com/ericbutera/bike/strava-gateway/internal/storage/quota.go:51.3,52.46 2 0
github.com/ericbutera/bike/strava-gateway/internal/storage/quota.go:53.4,53.12 1 0
github.com/ericbutera/bike/strava-gateway/internal/storage/quota.go:56.3,57.31 2 0
github.com/ericbutera/bike/strava-gateway/internal/storage/quota.go:58.4,59.1 1 0
github.com/ericbutera/bike/strava-gateway/internal/storage/quota.go:60.3,60.24 1 0
github.com/ericbutera/bike/strava-gateway/internal/storage/quota.go:63.2,63.20 1 0
github.com/ericbutera/bike/strava-gateway/internal/storage/quota.go:67.2,68.16 2 0
github.com/ericbutera/bike/strava-gateway/internal/storage/quota.go:69.3,70.1 1 0
github.com/ericbutera/bike/strava-gateway/internal/storage/quota.go:71.2,73.18 3 0
github.com/ericbutera/bike/strava-gateway/internal/storage/quota.go:74.3,75.105 2 0
github.com/ericbutera/bike/strava-gateway/internal/storage/quota.go:76.4,77.1 1 0
github.com/ericbutera/bike/strava-gateway/internal/storage/quota.go:78.3,78.42 1 0
github.com/ericbutera/bike/strava-gateway/internal/storage/quota.go:80.2,80.30 1 0
github.com/ericbutera/bike/strava-gateway/internal/storage/quota.go:84.2,86.16 2 0
github.com/ericbutera/bike/strava-gateway/internal/storage/quota.go:87.3,88.1 1 0
github.com/ericbutera/bike/strava-gateway/internal/storage/quota.go:89.2,91.18 3 0
github.com/ericbutera/bike/strava-gateway/internal/storage/quota.go:92.3,93.44 2 0
github.com/ericbutera/bike/strava-gateway/internal/storage/quota.go:94.4,95.1 1 0
github.com/ericbutera/bike/strava-gateway/internal/storage/quota.go:96.3,96.36 1 0
github.com/ericbutera/bike/strava-gateway/internal/storage/quota.go:98.2,98.28 1 0
github.com/ericbutera/bike/strava-gateway/internal/storage/quota.go:102.2,103.22 2 0
github.com/ericbutera/bike/strava-gateway/internal/storage/quota.go:104.3,105.1 1 0
github.com/ericbutera/bike/strava-gateway/internal/storage/quota.go:106.2,108.28 3 0
github.com/ericbutera/bike/strava-gateway/internal/storage/quota.go:109.3,109.25 1 0
github.com/ericbutera/bike/strava-gateway/internal/storage/quota.go:110.4,111.1 1 0
github.com/ericbutera/bike/strava-gateway/internal/storage/quota.go:113.2,120.1 3 0
github.com/ericbutera/bike/strava-gateway/internal/storage/quota.go:126.2,127.16 2 0
github.com/ericbutera/bike/strava-gateway/internal/storage/quota.go:128.3,129.1 1 0
github.com/ericbutera/bike/strava-gateway/internal/storage/quota.go:130.2,133.22 4 0
github.com/ericbutera/bike/strava-gateway/internal/storage/quota.go:134.3,135.1 1 0
github.com/ericbutera/bike/strava-gateway/internal/storage/quota.go:136.2,137.31 2 0
github.com/ericbutera/bike/strava-gateway/internal/storage/quota.go:138.3,139.103 1 0
github.com/ericbutera/bike/strava-gateway/internal/storage/quota.go:140.4,141.1 1 0
github.com/ericbutera/bike/strava-gateway/internal/storage/quota.go:142.3,145.84 3 0
github.com/ericbutera/bike/strava-gateway/internal/storage/quota.go:146.4,147.1 1 0
github.com/ericbutera/bike/strava-gateway/internal/storage/quota.go:148.3,148.24 1 0
github.com/ericbutera/bike/strava-gateway/internal/storage/quota.go:149.4,150.1 1 0
github.com/ericbutera/bike/strava-gateway/internal/storage/quota.go:151.3,151.44 1 0
github.com/ericbutera/bike/strava-gateway/internal/storage/quota.go:152.4,153.1 1 0
github.com/ericbutera/bike/strava-gateway/internal/storage/quota.go:154.3,156.40 1 0
github.com/ericbutera/bike/strava-gateway/internal/storage/quota.go:157.4,158.1 1 0
github.com/ericbutera/bike/strava-gateway/internal/storage/quota.go:160.2,160.23 1 0
github.com/ericbutera/bike/strava-gateway/internal/storage/quota.go:161.3,161.40 1 0
github.com/ericbutera/bike/strava-gateway/internal/storage/quota.go:162.4,163.1 1 0
github.com/ericbutera/bike/strava-gateway/internal/storage/quota.go:164.3,164.22 1 0
github.com/ericbutera/bike/strava-gateway/internal/storage/quota.go:166.2,166.31 1 0
github.com/ericbutera/bike/strava-gateway/internal/storage/quota.go:167.3,168.62 1 0
github.com/ericbutera/bike/strava-gateway/internal/storage/quota.go:169.4,170.1 1 0
github.com/ericbutera/bike/strava-gateway/internal/storage/quota.go:172.2,172.36 1 0
github.com/ericbutera/bike/strava-gateway/internal/storage/quota.go:176.2,181.35 6 0
github.com/ericbutera/bike/strava-gateway/internal/storage/quota.go:182.3,183.43 2 0
github.com/ericbutera/bike/strava-gateway/internal/storage/quota.go:184.4,185.1 1 0
github.com/ericbutera/bike/strava-gateway/internal/storage/quota.go:186.3,187.29 2 0
github.com/ericbutera/bike/strava-gateway/internal/storage/quota.go:188.4,188.12 1 0
github.com/ericbutera/bike/strava-gateway/internal/storage/quota.go:190.3,192.58 1 0
github.com/ericbutera/bike/strava-gateway/internal/storage/quota.go:193.4,194.1 1 0
github.com/ericbutera/bike/strava-gateway/internal/storage/quota.go:196.2,196.12 1 0
github.com/ericbutera/bike/strava-gateway/internal/storage/quota.go:200.2,201.21 2 0
github.com/ericbutera/bike/strava-gateway/internal/storage/quota.go:202.3,203.1 1 0
github.com/ericbutera/bike/strava-gateway/internal/storage/quota.go:204.2,205.33 2 0
github.com/ericbutera/bike/strava-gateway/internal/storage/quota.go:206.3,207.17 2 0
github.com/ericbutera/bike/strava-gateway/internal/storage/quota.go:208.4,209.1 1 0
github.com/ericbutera/bike/strava-gateway/internal/storage/quota.go:210.3,210.25 1 0
github.com/ericbutera/bike/strava-gateway/internal/storage/quota.go:212.2,212.15 1 0
github.com/ericbutera/bike/strava-gateway/internal/storage/quota.go:216.2,217.16 2 0
github.com/ericbutera/bike/strava-gateway/internal/storage/quota.go:218.3,219.1 1 0
github.com/ericbutera/bike/strava-gateway/internal/storage/quota.go:220.2,222.18 3 0
github.com/ericbutera/bike/strava-gateway/internal/storage/quota.go:223.3,225.57 3 0
github.com/ericbutera/bike/strava-gateway/internal/storage/quota.go:226.4,227.1 1 0
github.com/ericbutera/bike/strava-gateway/internal/storage/quota.go:228.3,228.55 1 0
github.com/ericbutera/bike/strava-gateway/internal/storage/quota.go:230.2,230.55 1 0
github.com/ericbutera/bike/strava-gateway/internal/storage/sync.go:22.2,25.1 3 0
github.com/ericbutera/bike/strava-gateway/internal/storage/sync.go:44.2,57.16 2 0
github.com/ericbutera/bike/strava-gateway/internal/storage/sync.go:58.3,59.1 1 0
github.com/ericbutera/bike/strava-gateway/internal/storage/sync.go:60.2,60.36 1 0
github.com/ericbutera/bike/strava-gateway/internal/storage/sync.go:64.2,64.66 1 0
github.com/ericbutera/bike/strava-gateway/internal/storage/sync.go:65.3,66.1 1 0
github.com/ericbutera/bike/strava-gateway/internal/storage/sync.go:67.2,75.12 5 0
github.com/ericbutera/bike/strava-gateway/internal/storage/sync.go:79.2,79.48 1 0
github.com/ericbutera/bike/strava-gateway/internal/storage/sync.go:80.3,81.1 1 0
github.com/ericbutera/bike/strava-gateway/internal/storage/sync.go:82.2,82.10 1 0
github.com/ericbutera/bike/strava-gateway/internal/storage/sync.go:92.2,98.35 5 0
github.com/ericbutera/bike/strava-gateway/internal/storage/sync.go:99.3,100.1 1 0
github.com/ericbutera/bike/strava-gateway/internal/storage/sync.go:101.2,101.68 1 0
github.com/ericbutera/bike/strava-gateway/internal/storage/sync.go:102.3,103.1 1 0
github.com/ericbutera/bike/strava-gateway/internal/storage/sync.go:104.2,104.20 1 0
github.com/ericbutera/bike/strava-gateway/internal/storage/sync.go:108.2,109.16 2 0
github.com/ericbutera/bike/strava-gateway/internal/storage/sync.go:110.3,111.1 1 0
github.com/ericbutera/bike/strava-gateway/internal/storage/sync.go:112.2,127.35 4 0
github.com/ericbutera/bike/strava-gateway/internal/storage/sync.go:128.3,129.1 1 0
github.com/ericbutera/bike/strava-gateway/internal/storage/sync.go:130.2,130.16 1 0
github.com/ericbutera/bike/strava-gateway/internal/storage/sync.go:131.3,132.1 1 0
github.com/ericbutera/bike/strava-gateway/internal/storage/sync.go:133.2,133.29 1 0
github.com/ericbutera/bike/strava-gateway/internal/storage/sync.go:134.3,136.120 1 0
github.com/ericbutera/bike/strava-gateway/internal/storage/sync.go:137.4,138.1 1 0
github.com/ericbutera/bike/strava-gateway/internal/storage/sync.go:139.3,140.62 1 0
github.com/ericbutera/bike/strava-gateway/internal/storage/sync.go:141.4,142.1 1 0
github.com/ericbutera/bike/strava-gateway/internal/storage/sync.go:144.2,144.39 1 0
github.com/ericbutera/bike/strava-gateway/internal/storage/sync.go:145.3,146.1 1 0
github.com/ericbutera/bike/strava-gateway/internal/storage/sync.go:147.2,147.18 1 0
github.com/ericbutera/bike/strava-gateway/internal/storage/sync.go:151.2,154.16 4 0
github.com/ericbutera/bike/strava-gateway/internal/storage/sync.go:155.3,156.1 1 0
github.com/ericbutera/bike/strava-gateway/internal/storage/sync.go:157.2,158.25 2 0
github.com/ericbutera/bike/strava-gateway/internal/storage/sync.go:159.3,162.1 3 0
github.com/ericbutera/bike/strava-gateway/internal/storage/sync.go:163.3,164.17 3 0
github.com/ericbutera/bike/strava-gateway/internal/storage/sync.go:165.4,166.1 1 0
github.com/ericbutera/bike/strava-gateway/internal/storage/sync.go:167.3,174.142 3 0
github.com/ericbutera/bike/strava-gateway/internal/storage/sync.go:175.4,176.1 1 0
github.com/ericbutera/bike/strava-gateway/internal/storage/sync.go:177.3,179.80 1 0
github.com/ericbutera/bike/strava-gateway/internal/storage/sync.go:180.4,181.1 1 0
github.com/ericbutera/bike/strava-gateway/internal/storage/sync.go:183.2,184.20 2 0
github.com/ericbutera/bike/strava-gateway/internal/storage/sync.go:185.3,186.1 1 0
github.com/ericbutera/bike/strava-gateway/internal/storage/sync.go:187.2,190.16 2 0
github.com/ericbutera/bike/strava-gateway/internal/storage/sync.go:191.3,192.1 1 0
github.com/ericbutera/bike/strava-gateway/internal/storage/sync.go:193.2,193.33 1 0
github.com/ericbutera/bike/strava-gateway/internal/storage/sync.go:194.3,195.1 1 0
github.com/ericbutera/bike/strava-gateway/internal/storage/sync.go:196.2,196.23 1 0
github.com/ericbutera/bike/strava-gateway/internal/storage/sync.go:200.2,201.24 2 0
github.com/ericbutera/bike/strava-gateway/internal/storage/sync.go:202.3,203.1 1 0
github.com/ericbutera/bike/strava-gateway/internal/storage/sync.go:204.2,205.16 2 0
github.com/ericbutera/bike/strava-gateway/internal/storage/sync.go:206.3,207.1 1 0
github.com/ericbutera/bike/strava-gateway/internal/storage/sync.go:208.2,212.16 3 0
github.com/ericbutera/bike/strava-gateway/internal/storage/sync.go:213.3,214.1 1 0
github.com/ericbutera/bike/strava-gateway/internal/storage/sync.go:215.2,215.33 1 0
github.com/ericbutera/bike/strava-gateway/internal/storage/sync.go:216.3,217.1 1 0
github.com/ericbutera/bike/strava-gateway/internal/storage/sync.go:218.2,218.47 1 0
github.com/ericbutera/bike/strava-gateway/internal/storage/sync.go:219.3,221.115 1 0
github.com/ericbutera/bike/strava-gateway/internal/storage/sync.go:222.4,223.1 1 0
github.com/ericbutera/bike/strava-gateway/internal/storage/sync.go:225.2,225.23 1 0
github.com/ericbutera/bike/strava-gateway/internal/storage/sync.go:229.2,233.1 2 0
github.com/ericbutera/bike/strava-gateway/internal/storage/transaction.go:13.2,15.84 3 0
github.com/ericbutera/bike/strava-gateway/internal/storage/transaction.go:16.3,17.1 1 0
github.com/ericbutera/bike/strava-gateway/internal/webhook/webhook.go:34.2,34.113 1 0
github.com/ericbutera/bike/strava-gateway/internal/webhook/webhook.go:35.3,36.1 1 0
github.com/ericbutera/bike/strava-gateway/internal/webhook/webhook.go:37.2,37.69 1 0
github.com/ericbutera/bike/strava-gateway/internal/webhook/webhook.go:38.3,39.1 1 0
github.com/ericbutera/bike/strava-gateway/internal/webhook/webhook.go:40.2,40.101 1 0
github.com/ericbutera/bike/strava-gateway/internal/webhook/webhook.go:46.2,49.1 3 0
github.com/ericbutera/bike/strava-gateway/internal/webhook/webhook.go:66.2,69.1 3 0
github.com/ericbutera/bike/strava-gateway/internal/webhook/webhook.go:72.2,72.18 1 0
github.com/ericbutera/bike/strava-gateway/internal/webhook/webhook.go:74.3,74.23 1 0
github.com/ericbutera/bike/strava-gateway/internal/webhook/webhook.go:76.3,76.24 1 0
github.com/ericbutera/bike/strava-gateway/internal/webhook/webhook.go:78.3,79.96 2 0
github.com/ericbutera/bike/strava-gateway/internal/webhook/webhook.go:84.2,88.43 3 0
github.com/ericbutera/bike/strava-gateway/internal/webhook/webhook.go:89.3,91.1 2 0
github.com/ericbutera/bike/strava-gateway/internal/webhook/webhook.go:92.2,93.78 2 0
github.com/ericbutera/bike/strava-gateway/internal/webhook/webhook.go:97.2,98.15 2 0
github.com/ericbutera/bike/strava-gateway/internal/webhook/webhook.go:99.3,99.29 1 0
github.com/ericbutera/bike/strava-gateway/internal/webhook/webhook.go:100.4,101.1 1 0
github.com/ericbutera/bike/strava-gateway/internal/webhook/webhook.go:103.2,103.57 1 0
github.com/ericbutera/bike/strava-gateway/internal/webhook/webhook.go:104.3,107.1 3 0
github.com/ericbutera/bike/strava-gateway/internal/webhook/webhook.go:108.2,108.74 1 0
github.com/ericbutera/bike/strava-gateway/internal/webhook/webhook.go:109.3,111.1 2 0
github.com/ericbutera/bike/strava-gateway/internal/webhook/webhook.go:112.2,113.16 2 0
github.com/ericbutera/bike/strava-gateway/internal/webhook/webhook.go:114.3,117.1 3 0
github.com/ericbutera/bike/strava-gateway/internal/webhook/webhook.go:118.2,118.71 1 0
github.com/ericbutera/bike/strava-gateway/internal/webhook/webhook.go:119.3,122.1 3 0
github.com/ericbutera/bike/strava-gateway/internal/webhook/webhook.go:123.2,124.53 2 0
github.com/ericbutera/bike/strava-gateway/internal/webhook/webhook.go:125.3,128.1 3 0
github.com/ericbutera/bike/strava-gateway/internal/webhook/webhook.go:129.2,129.42 1 0
github.com/ericbutera/bike/strava-gateway/internal/webhook/webhook.go:130.3,132.53 3 0
github.com/ericbutera/bike/strava-gateway/internal/webhook/webhook.go:133.4,134.1 1 0
github.com/ericbutera/bike/strava-gateway/internal/webhook/webhook.go:135.3,136.9 2 0
github.com/ericbutera/bike/strava-gateway/internal/webhook/webhook.go:138.2,141.16 4 0
github.com/ericbutera/bike/strava-gateway/internal/webhook/webhook.go:142.3,145.1 3 0
github.com/ericbutera/bike/strava-gateway/internal/webhook/webhook.go:146.2,146.14 1 0
github.com/ericbutera/bike/strava-gateway/internal/webhook/webhook.go:147.3,148.1 1 0
github.com/ericbutera/bike/strava-gateway/internal/webhook/webhook.go:149.3,150.1 1 0
github.com/ericbutera/bike/strava-gateway/internal/webhook/webhook.go:151.2,156.46 3 0
github.com/ericbutera/bike/strava-gateway/internal/webhook/webhook.go:160.2,162.46 3 0
github.com/ericbutera/bike/strava-gateway/internal/webhook/webhook.go:163.3,164.1 1 0
github.com/ericbutera/bike/strava-gateway/internal/webhook/webhook.go:167.2,172.32 2 0
github.com/ericbutera/bike/strava-gateway/internal/webhook/webhook.go:178.2,178.49 1 0
github.com/ericbutera/bike/strava-gateway/internal/webhook/webhook.go:179.3,180.1 1 0
github.com/ericbutera/bike/strava-gateway/internal/webhook/webhook.go:181.2,182.50 2 0
github.com/ericbutera/bike/strava-gateway/internal/webhook/webhook.go:183.3,184.30 2 0
github.com/ericbutera/bike/strava-gateway/internal/webhook/webhook.go:185.4,186.1 1 0
github.com/ericbutera/bike/strava-gateway/internal/webhook/webhook.go:187.3,187.21 1 0
github.com/ericbutera/bike/strava-gateway/internal/webhook/webhook.go:189.2,190.42 2 0
github.com/ericbutera/bike/strava-gateway/internal/webhook/webhook.go:191.3,192.1 1 0
github.com/ericbutera/bike/strava-gateway/internal/webhook/webhook.go:193.2,194.24 2 0
github.com/ericbutera/bike/strava-gateway/internal/webhook/webhook.go:195.3,196.1 1 0
github.com/ericbutera/bike/strava-gateway/internal/webhook/webhook.go:197.2,197.66 1 0
github.com/ericbutera/bike/strava-gateway/internal/webhook/webhook.go:198.3,199.1 1 0
github.com/ericbutera/bike/strava-gateway/internal/webhook/webhook.go:200.2,201.16 2 0
github.com/ericbutera/bike/strava-gateway/internal/webhook/webhook.go:202.3,203.1 1 0
github.com/ericbutera/bike/strava-gateway/internal/webhook/webhook.go:204.2,207.43 4 0
github.com/ericbutera/bike/strava-gateway/internal/webhook/webhook.go:213.2,213.121 1 0
github.com/ericbutera/bike/strava-gateway/internal/webhook/webhook.go:214.3,215.1 1 0
github.com/ericbutera/bike/strava-gateway/internal/webhook/webhook.go:216.2,216.12 1 0
github.com/ericbutera/bike/strava-gateway/internal/worker/artifacts.go:18.2,19.100 2 0
github.com/ericbutera/bike/strava-gateway/internal/worker/artifacts.go:20.3,20.21 1 0
github.com/ericbutera/bike/strava-gateway/internal/worker/artifacts.go:21.4,22.1 1 0
github.com/ericbutera/bike/strava-gateway/internal/worker/artifacts.go:23.3,23.20 1 0
github.com/ericbutera/bike/strava-gateway/internal/worker/artifacts.go:24.4,25.1 1 0
github.com/ericbutera/bike/strava-gateway/internal/worker/artifacts.go:26.3,27.17 2 0
github.com/ericbutera/bike/strava-gateway/internal/worker/artifacts.go:28.4,29.1 1 0
github.com/ericbutera/bike/strava-gateway/internal/worker/artifacts.go:30.3,31.13 2 0
github.com/ericbutera/bike/strava-gateway/internal/worker/artifacts.go:33.2,33.24 1 0
github.com/ericbutera/bike/strava-gateway/internal/worker/artifacts.go:34.3,35.1 1 0
github.com/ericbutera/bike/strava-gateway/internal/worker/artifacts.go:36.2,36.19 1 0
github.com/ericbutera/bike/strava-gateway/internal/worker/artifacts.go:43.2,44.86 2 2
github.com/ericbutera/bike/strava-gateway/internal/worker/artifacts.go:45.3,46.1 1 0
github.com/ericbutera/bike/strava-gateway/internal/worker/artifacts.go:47.2,49.16 3 2
github.com/ericbutera/bike/strava-gateway/internal/worker/artifacts.go:50.3,51.1 1 0
github.com/ericbutera/bike/strava-gateway/internal/worker/artifacts.go:52.2,52.103 1 2
github.com/ericbutera/bike/strava-gateway/internal/worker/artifacts.go:56.2,58.1 2 2
github.com/ericbutera/bike/strava-gateway/internal/worker/artifacts.go:61.2,61.20 1 2
github.com/ericbutera/bike/strava-gateway/internal/worker/artifacts.go:62.3,63.1 1 0
github.com/ericbutera/bike/strava-gateway/internal/worker/artifacts.go:64.2,68.70 5 2
github.com/ericbutera/bike/strava-gateway/internal/worker/artifacts.go:69.3,70.1 1 0
github.com/ericbutera/bike/strava-gateway/internal/worker/artifacts.go:71.2,71.59 1 2
github.com/ericbutera/bike/strava-gateway/internal/worker/artifacts.go:72.3,72.33 1 1
github.com/ericbutera/bike/strava-gateway/internal/worker/artifacts.go:73.4,74.27 2 0
github.com/ericbutera/bike/strava-gateway/internal/worker/artifacts.go:75.5,76.1 1 0
github.com/ericbutera/bike/strava-gateway/internal/worker/artifacts.go:78.9,78.44 1 1
github.com/ericbutera/bike/strava-gateway/internal/worker/artifacts.go:79.3,80.1 1 0
github.com/ericbutera/bike/strava-gateway/internal/worker/artifacts.go:81.2,82.16 2 2
github.com/ericbutera/bike/strava-gateway/internal/worker/artifacts.go:83.3,84.1 1 0
github.com/ericbutera/bike/strava-gateway/internal/worker/artifacts.go:85.2,86.15 2 2
github.com/ericbutera/bike/strava-gateway/internal/worker/artifacts.go:87.3,87.97 1 2
github.com/ericbutera/bike/strava-gateway/internal/worker/artifacts.go:88.4,89.1 1 0
github.com/ericbutera/bike/strava-gateway/internal/worker/artifacts.go:91.2,91.42 1 2
github.com/ericbutera/bike/strava-gateway/internal/worker/artifacts.go:92.3,93.1 1 0
github.com/ericbutera/bike/strava-gateway/internal/worker/artifacts.go:94.2,94.44 1 2
github.com/ericbutera/bike/strava-gateway/internal/worker/artifacts.go:95.3,96.1 1 0
github.com/ericbutera/bike/strava-gateway/internal/worker/artifacts.go:97.2,97.36 1 2
github.com/ericbutera/bike/strava-gateway/internal/worker/artifacts.go:98.3,99.1 1 0
github.com/ericbutera/bike/strava-gateway/internal/worker/artifacts.go:100.2,100.37 1 2
github.com/ericbutera/bike/strava-gateway/internal/worker/artifacts.go:101.3,102.1 1 0
github.com/ericbutera/bike/strava-gateway/internal/worker/artifacts.go:103.2,103.53 1 2
github.com/ericbutera/bike/strava-gateway/internal/worker/artifacts.go:104.3,105.1 1 0
github.com/ericbutera/bike/strava-gateway/internal/worker/artifacts.go:106.2,106.103 1 2
github.com/ericbutera/bike/strava-gateway/internal/worker/artifacts.go:110.2,110.104 1 2
github.com/ericbutera/bike/strava-gateway/internal/worker/artifacts.go:111.3,112.1 1 0
github.com/ericbutera/bike/strava-gateway/internal/worker/artifacts.go:113.2,114.16 2 2
github.com/ericbutera/bike/strava-gateway/internal/worker/artifacts.go:115.3,116.1 1 0
github.com/ericbutera/bike/strava-gateway/internal/worker/artifacts.go:117.2,118.85 2 2
github.com/ericbutera/bike/strava-gateway/internal/worker/artifacts.go:119.3,120.1 1 1
github.com/ericbutera/bike/strava-gateway/internal/worker/artifacts.go:121.2,121.18 1 1
github.com/ericbutera/bike/strava-gateway/internal/worker/delivery.go:47.43,47.62 1 0
github.com/ericbutera/bike/strava-gateway/internal/worker/delivery.go:50.2,51.56 2 0
github.com/ericbutera/bike/strava-gateway/internal/worker/delivery.go:52.3,53.1 1 0
github.com/ericbutera/bike/strava-gateway/internal/worker/delivery.go:54.2,59.1 3 0
github.com/ericbutera/bike/strava-gateway/internal/worker/delivery.go:60.2,60.31 3 0
github.com/ericbutera/bike/strava-gateway/internal/worker/delivery.go:61.3,61.26 1 0
github.com/ericbutera/bike/strava-gateway/internal/worker/delivery.go:62.4,63.1 1 0
github.com/ericbutera/bike/strava-gateway/internal/worker/delivery.go:64.3,65.17 2 0
github.com/ericbutera/bike/strava-gateway/internal/worker/delivery.go:66.4,67.1 1 0
github.com/ericbutera/bike/strava-gateway/internal/worker/delivery.go:68.3,69.29 2 0
github.com/ericbutera/bike/strava-gateway/internal/worker/delivery.go:71.2,72.16 2 0
github.com/ericbutera/bike/strava-gateway/internal/worker/delivery.go:73.3,74.1 1 0
github.com/ericbutera/bike/strava-gateway/internal/worker/delivery.go:75.2,80.16 6 0
github.com/ericbutera/bike/strava-gateway/internal/worker/delivery.go:81.3,82.1 1 0
github.com/ericbutera/bike/strava-gateway/internal/worker/delivery.go:83.2,88.23 6 0
github.com/ericbutera/bike/strava-gateway/internal/worker/delivery.go:89.3,90.1 1 0
github.com/ericbutera/bike/strava-gateway/internal/worker/delivery.go:91.2,92.16 2 0
github.com/ericbutera/bike/strava-gateway/internal/worker/delivery.go:93.3,94.1 1 0
github.com/ericbutera/bike/strava-gateway/internal/worker/delivery.go:95.2,95.15 1 0
github.com/ericbutera/bike/strava-gateway/internal/worker/delivery.go:95.17,95.64 1 0
github.com/ericbutera/bike/strava-gateway/internal/worker/delivery.go:96.2,96.84 1 0
github.com/ericbutera/bike/strava-gateway/internal/worker/delivery.go:97.3,98.1 1 0
github.com/ericbutera/bike/strava-gateway/internal/worker/delivery.go:99.2,99.88 1 0
github.com/ericbutera/bike/strava-gateway/internal/worker/delivery.go:100.3,101.1 1 0
github.com/ericbutera/bike/strava-gateway/internal/worker/delivery.go:102.2,103.88 1 0
github.com/ericbutera/bike/strava-gateway/internal/worker/failures.go:19.49,19.73 1 0
github.com/ericbutera/bike/strava-gateway/internal/worker/failures.go:20.49,20.65 1 0
github.com/ericbutera/bike/strava-gateway/internal/worker/failures.go:23.2,27.16 2 0
github.com/ericbutera/bike/strava-gateway/internal/worker/failures.go:28.3,29.1 1 0
github.com/ericbutera/bike/strava-gateway/internal/worker/failures.go:30.2,31.16 2 0
github.com/ericbutera/bike/strava-gateway/internal/worker/failures.go:32.3,32.28 1 0
github.com/ericbutera/bike/strava-gateway/internal/worker/failures.go:33.4,34.1 1 0
github.com/ericbutera/bike/strava-gateway/internal/worker/failures.go:35.3,35.136 1 0
github.com/ericbutera/bike/strava-gateway/internal/worker/failures.go:37.2,37.38 1 0
github.com/ericbutera/bike/strava-gateway/internal/worker/failures.go:38.3,39.1 1 0
github.com/ericbutera/bike/strava-gateway/internal/worker/failures.go:40.2,41.57 1 0
github.com/ericbutera/bike/strava-gateway/internal/worker/worker.go:35.47,35.71 1 0
github.com/ericbutera/bike/strava-gateway/internal/worker/worker.go:37.47,37.63 1 0
github.com/ericbutera/bike/strava-gateway/internal/worker/worker.go:49.2,50.30 2 7
github.com/ericbutera/bike/strava-gateway/internal/worker/worker.go:51.3,52.1 1 1
github.com/ericbutera/bike/strava-gateway/internal/worker/worker.go:53.2,53.23 1 6
github.com/ericbutera/bike/strava-gateway/internal/worker/worker.go:55.3,55.16 1 2
github.com/ericbutera/bike/strava-gateway/internal/worker/worker.go:56.4,57.1 1 1
github.com/ericbutera/bike/strava-gateway/internal/worker/worker.go:58.3,58.32 1 1
github.com/ericbutera/bike/strava-gateway/internal/worker/worker.go:60.3,60.31 1 2
github.com/ericbutera/bike/strava-gateway/internal/worker/worker.go:62.3,62.30 1 2
github.com/ericbutera/bike/strava-gateway/internal/worker/worker.go:67.2,67.40 1 2
github.com/ericbutera/bike/strava-gateway/internal/worker/worker.go:68.3,70.1 2 1
github.com/ericbutera/bike/strava-gateway/internal/worker/worker.go:71.2,71.22 1 1
github.com/ericbutera/bike/strava-gateway/internal/worker/worker.go:75.2,77.23 3 0
github.com/ericbutera/bike/strava-gateway/internal/worker/worker.go:78.3,78.73 1 0
github.com/ericbutera/bike/strava-gateway/internal/worker/worker.go:79.4,81.1 2 0
github.com/ericbutera/bike/strava-gateway/internal/worker/worker.go:82.3,82.78 1 0
github.com/ericbutera/bike/strava-gateway/internal/worker/worker.go:83.4,84.18 2 0
github.com/ericbutera/bike/strava-gateway/internal/worker/worker.go:85.5,86.1 1 0
github.com/ericbutera/bike/strava-gateway/internal/worker/worker.go:87.4,87.17 1 0
github.com/ericbutera/bike/strava-gateway/internal/worker/worker.go:88.5,89.1 1 0
github.com/ericbutera/bike/strava-gateway/internal/worker/worker.go:90.4,90.35 1 0
github.com/ericbutera/bike/strava-gateway/internal/worker/worker.go:92.3,93.17 2 0
github.com/ericbutera/bike/strava-gateway/internal/worker/worker.go:94.4,95.1 1 0
github.com/ericbutera/bike/strava-gateway/internal/worker/worker.go:96.3,96.14 1 0
github.com/ericbutera/bike/strava-gateway/internal/worker/worker.go:97.4,97.12 1 0
github.com/ericbutera/bike/strava-gateway/internal/worker/worker.go:99.3,100.10 2 0
github.com/ericbutera/bike/strava-gateway/internal/worker/worker.go:102.4,103.14 2 0
github.com/ericbutera/bike/strava-gateway/internal/worker/worker.go:104.18,104.18 0 0
github.com/ericbutera/bike/strava-gateway/internal/worker/worker.go:107.2,107.12 1 0
github.com/ericbutera/bike/strava-gateway/internal/worker/worker.go:111.2,112.16 2 0
github.com/ericbutera/bike/strava-gateway/internal/worker/worker.go:113.3,114.1 1 0
github.com/ericbutera/bike/strava-gateway/internal/worker/worker.go:115.2,115.18 1 0
github.com/ericbutera/bike/strava-gateway/internal/worker/worker.go:116.3,122.65 4 0
github.com/ericbutera/bike/strava-gateway/internal/worker/worker.go:123.4,127.128 5 0
github.com/ericbutera/bike/strava-gateway/internal/worker/worker.go:128.5,131.1 3 0
github.com/ericbutera/bike/strava-gateway/internal/worker/worker.go:132.4,133.41 2 0
github.com/ericbutera/bike/strava-gateway/internal/worker/worker.go:134.5,135.1 1 0
github.com/ericbutera/bike/strava-gateway/internal/worker/worker.go:136.4,137.67 2 0
github.com/ericbutera/bike/strava-gateway/internal/worker/worker.go:139.4,140.1 1 0
github.com/ericbutera/bike/strava-gateway/internal/worker/worker.go:141.3,142.19 2 0
github.com/ericbutera/bike/strava-gateway/internal/worker/worker.go:144.2,145.16 2 0
github.com/ericbutera/bike/strava-gateway/internal/worker/worker.go:146.3,147.1 1 0
github.com/ericbutera/bike/strava-gateway/internal/worker/worker.go:148.2,148.21 1 0
github.com/ericbutera/bike/strava-gateway/internal/worker/worker.go:149.3,149.29 1 0
github.com/ericbutera/bike/strava-gateway/internal/worker/worker.go:150.4,151.1 1 0
github.com/ericbutera/bike/strava-gateway/internal/worker/worker.go:152.3,153.35 2 0
github.com/ericbutera/bike/strava-gateway/internal/worker/worker.go:154.4,155.1 1 0
github.com/ericbutera/bike/strava-gateway/internal/worker/worker.go:156.3,162.66 4 0
github.com/ericbutera/bike/strava-gateway/internal/worker/worker.go:163.4,167.32 5 0
github.com/ericbutera/bike/strava-gateway/internal/worker/worker.go:168.5,168.87 1 0
github.com/ericbutera/bike/strava-gateway/internal/worker/worker.go:169.6,171.1 2 0
github.com/ericbutera/bike/strava-gateway/internal/worker/worker.go:172.5,172.38 1 0
github.com/ericbutera/bike/strava-gateway/internal/worker/worker.go:174.4,174.33 1 0
github.com/ericbutera/bike/strava-gateway/internal/worker/worker.go:175.5,178.1 3 0
github.com/ericbutera/bike/strava-gateway/internal/worker/worker.go:179.5,179.154 1 0
github.com/ericbutera/bike/strava-gateway/internal/worker/worker.go:180.6,183.1 3 0
github.com/ericbutera/bike/strava-gateway/internal/worker/worker.go:184.5,185.31 2 0
github.com/ericbutera/bike/strava-gateway/internal/worker/worker.go:186.6,187.1 1 0
github.com/ericbutera/bike/strava-gateway/internal/worker/worker.go:188.5,189.66 2 0
github.com/ericbutera/bike/strava-gateway/internal/worker/worker.go:192.4,193.1 1 0
github.com/ericbutera/bike/strava-gateway/internal/worker/worker.go:194.3,195.19 2 0
github.com/ericbutera/bike/strava-gateway/internal/worker/worker.go:197.2,204.30 3 0
github.com/ericbutera/bike/strava-gateway/internal/worker/worker.go:205.3,206.1 1 0
github.com/ericbutera/bike/strava-gateway/internal/worker/worker.go:207.2,208.27 2 0
github.com/ericbutera/bike/strava-gateway/internal/worker/worker.go:209.3,210.1 1 0
github.com/ericbutera/bike/strava-gateway/internal/worker/worker.go:211.2,212.70 2 0
github.com/ericbutera/bike/strava-gateway/internal/worker/worker.go:213.3,215.45 3 0
github.com/ericbutera/bike/strava-gateway/internal/worker/worker.go:216.4,217.29 2 0
github.com/ericbutera/bike/strava-gateway/internal/worker/worker.go:218.5,219.1 1 0
github.com/ericbutera/bike/strava-gateway/internal/worker/worker.go:220.4,221.91 2 0
github.com/ericbutera/bike/strava-gateway/internal/worker/worker.go:222.5,226.1 4 0
github.com/ericbutera/bike/strava-gateway/internal/worker/worker.go:227.4,229.20 3 0
github.com/ericbutera/bike/strava-gateway/internal/worker/worker.go:231.3,236.80 4 0
github.com/ericbutera/bike/strava-gateway/internal/worker/worker.go:237.4,241.1 4 0
github.com/ericbutera/bike/strava-gateway/internal/worker/worker.go:242.3,242.15 1 0
github.com/ericbutera/bike/strava-gateway/internal/worker/worker.go:243.4,244.1 1 0
github.com/ericbutera/bike/strava-gateway/internal/worker/worker.go:245.4,246.1 1 0
github.com/ericbutera/bike/strava-gateway/internal/worker/worker.go:247.3,247.45 1 0
github.com/ericbutera/bike/strava-gateway/internal/worker/worker.go:249.2,251.18 3 0
github.com/ericbutera/bike/strava-gateway/internal/worker/worker.go:255.2,256.78 2 0
github.com/ericbutera/bike/strava-gateway/internal/worker/worker.go:257.3,258.1 1 0
github.com/ericbutera/bike/strava-gateway/internal/worker/worker.go:259.2,260.22 2 0
github.com/ericbutera/bike/strava-gateway/internal/worker/worker.go:261.3,262.1 1 0
github.com/ericbutera/bike/strava-gateway/internal/worker/worker.go:263.2,263.36 1 0
github.com/ericbutera/bike/strava-gateway/internal/worker/worker.go:267.2,268.33 2 5
github.com/ericbutera/bike/strava-gateway/internal/worker/worker.go:269.3,269.10 1 7
github.com/ericbutera/bike/strava-gateway/internal/worker/worker.go:271.4,271.16 1 3
github.com/ericbutera/bike/strava-gateway/internal/worker/worker.go:273.4,273.22 1 3
github.com/ericbutera/bike/strava-gateway/internal/worker/worker.go:276.2,276.9 1 5
github.com/ericbutera/bike/strava-gateway/internal/worker/worker.go:278.3,278.40 1 1
github.com/ericbutera/bike/strava-gateway/internal/worker/worker.go:280.3,280.23 1 1
github.com/ericbutera/bike/strava-gateway/internal/worker/worker.go:282.3,282.30 1 1
github.com/ericbutera/bike/strava-gateway/internal/worker/worker.go:284.3,284.22 1 2
github.com/ericbutera/bike/strava-gateway/internal/worker/worker.go:289.2,289.27 1 0
github.com/ericbutera/bike/strava-gateway/internal/worker/worker.go:290.3,291.1 1 0
github.com/ericbutera/bike/strava-gateway/internal/worker/worker.go:295.2,295.27 1 0
github.com/ericbutera/bike/strava-gateway/internal/worker/worker.go:296.3,298.1 2 0
github.com/ericbutera/bike/strava-gateway/internal/worker/worker.go:302.2,303.16 2 0
github.com/ericbutera/bike/strava-gateway/internal/worker/worker.go:304.3,305.1 1 0
github.com/ericbutera/bike/strava-gateway/internal/worker/worker.go:306.3,309.1 2 0
github.com/ericbutera/bike/strava-gateway/internal/worker/worker.go:310.2,311.16 2 0
github.com/ericbutera/bike/strava-gateway/internal/worker/worker.go:312.3,313.1 1 0
github.com/ericbutera/bike/strava-gateway/internal/worker/worker.go:314.3,315.1 1 0
github.com/ericbutera/bike/strava-gateway/internal/worker/worker.go:316.2,317.16 2 0
github.com/ericbutera/bike/strava-gateway/internal/worker/worker.go:318.3,319.1 1 0
github.com/ericbutera/bike/strava-gateway/internal/worker/worker.go:320.3,320.43 1 0
github.com/ericbutera/bike/strava-gateway/internal/worker/worker.go:321.4,322.1 1 0
github.com/ericbutera/bike/strava-gateway/internal/worker/worker.go:327.2,328.30 2 0
github.com/ericbutera/bike/strava-gateway/internal/worker/worker.go:329.3,330.30 2 0
github.com/ericbutera/bike/strava-gateway/internal/worker/worker.go:331.4,332.1 1 0
github.com/ericbutera/bike/strava-gateway/internal/worker/worker.go:334.2,334.26 1 0
github.com/ericbutera/bike/strava-gateway/internal/worker/worker.go:335.3,337.1 2 0
github.com/ericbutera/bike/strava-gateway/internal/worker/worker.go:338.2,338.47 1 0
github.com/ericbutera/bike/strava-gateway/internal/worker/worker.go:339.3,341.1 2 0
github.com/ericbutera/bike/strava-gateway/internal/worker/worker.go:342.2,342.76 1 0
github.com/ericbutera/bike/strava-gateway/internal/worker/worker.go:346.2,347.16 2 0
github.com/ericbutera/bike/strava-gateway/internal/worker/worker.go:348.3,349.1 1 0
github.com/ericbutera/bike/strava-gateway/internal/worker/worker.go:350.2,350.64 1 0
github.com/ericbutera/bike/strava-gateway/internal/worker/worker.go:351.3,352.1 1 0
github.com/ericbutera/bike/strava-gateway/internal/worker/worker.go:353.2,354.16 2 0
github.com/ericbutera/bike/strava-gateway/internal/worker/worker.go:355.3,355.45 1 0
github.com/ericbutera/bike/strava-gateway/internal/worker/worker.go:356.4,357.1 1 0
github.com/ericbutera/bike/strava-gateway/internal/worker/worker.go:358.3,358.13 1 0
github.com/ericbutera/bike/strava-gateway/internal/worker/worker.go:360.2,361.67 2 0
github.com/ericbutera/bike/strava-gateway/internal/worker/worker.go:362.3,363.45 2 0
github.com/ericbutera/bike/strava-gateway/internal/worker/worker.go:364.4,365.1 1 0
github.com/ericbutera/bike/strava-gateway/internal/worker/worker.go:366.3,366.17 1 0
github.com/ericbutera/bike/strava-gateway/internal/worker/worker.go:367.4,368.1 1 0
github.com/ericbutera/bike/strava-gateway/internal/worker/worker.go:370.2,370.44 1 0
github.com/ericbutera/bike/strava-gateway/internal/worker/worker.go:371.3,372.1 1 0
github.com/ericbutera/bike/strava-gateway/internal/worker/worker.go:373.2,373.16 1 0
github.com/ericbutera/bike/strava-gateway/internal/worker/worker.go:374.3,375.1 1 0
github.com/ericbutera/bike/strava-gateway/internal/worker/worker.go:376.2,376.49 1 0
github.com/ericbutera/bike/strava-gateway/internal/worker/worker.go:380.2,380.58 1 0
github.com/ericbutera/bike/strava-gateway/internal/worker/worker.go:381.3,382.1 1 0
github.com/ericbutera/bike/strava-gateway/internal/worker/worker.go:382.9,382.30 1 0
github.com/ericbutera/bike/strava-gateway/internal/worker/worker.go:383.3,384.1 1 0
github.com/ericbutera/bike/strava-gateway/internal/worker/worker.go:385.2,386.88 2 0
github.com/ericbutera/bike/strava-gateway/internal/worker/worker.go:387.3,388.1 1 0
github.com/ericbutera/bike/strava-gateway/internal/worker/worker.go:389.2,389.56 1 0
github.com/ericbutera/bike/strava-gateway/internal/worker/worker.go:390.3,391.1 1 0
github.com/ericbutera/bike/strava-gateway/internal/worker/worker.go:392.2,392.17 1 0
github.com/ericbutera/bike/strava-gateway/internal/worker/worker.go:396.2,396.66 1 0
github.com/ericbutera/bike/strava-gateway/internal/worker/worker.go:397.3,398.1 1 0
github.com/ericbutera/bike/strava-gateway/internal/worker/worker.go:399.2,399.67 1 0
github.com/ericbutera/bike/strava-gateway/internal/worker/worker.go:400.3,401.1 1 0
github.com/ericbutera/bike/strava-gateway/internal/worker/worker.go:402.2,402.38 1 0
github.com/ericbutera/bike/strava-gateway/internal/worker/worker.go:406.2,407.35 2 0
github.com/ericbutera/bike/strava-gateway/internal/worker/worker.go:408.3,408.45 1 0
github.com/ericbutera/bike/strava-gateway/internal/worker/worker.go:409.4,410.1 1 0
github.com/ericbutera/bike/strava-gateway/internal/worker/worker.go:411.3,411.71 1 0
github.com/ericbutera/bike/strava-gateway/internal/worker/worker.go:412.4,413.1 1 0
github.com/ericbutera/bike/strava-gateway/internal/worker/worker.go:414.3,414.65 1 0
github.com/ericbutera/bike/strava-gateway/internal/worker/worker.go:416.2,416.34 1 0
github.com/ericbutera/bike/strava-gateway/internal/worker/worker.go:417.3,418.1 1 0
github.com/ericbutera/bike/strava-gateway/internal/worker/worker.go:419.2,420.16 2 0
github.com/ericbutera/bike/strava-gateway/internal/worker/worker.go:421.3,422.1 1 0
github.com/ericbutera/bike/strava-gateway/internal/worker/worker.go:423.2,423.64 1 0
github.com/ericbutera/bike/strava-gateway/internal/worker/worker.go:424.3,425.1 1 0
github.com/ericbutera/bike/strava-gateway/internal/worker/worker.go:426.2,427.16 2 0
github.com/ericbutera/bike/strava-gateway/internal/worker/worker.go:428.3,428.45 1 0
github.com/ericbutera/bike/strava-gateway/internal/worker/worker.go:429.4,430.1 1 0
github.com/ericbutera/bike/strava-gateway/internal/worker/worker.go:431.3,431.13 1 0
github.com/ericbutera/bike/strava-gateway/internal/worker/worker.go:433.2,433.58 1 0
github.com/ericbutera/bike/strava-gateway/internal/worker/worker.go:434.3,435.1 1 0
github.com/ericbutera/bike/strava-gateway/internal/worker/worker.go:435.9,435.30 1 0
github.com/ericbutera/bike/strava-gateway/internal/worker/worker.go:436.3,437.1 1 0
github.com/ericbutera/bike/strava-gateway/internal/worker/worker.go:438.2,439.86 2 0
github.com/ericbutera/bike/strava-gateway/internal/worker/worker.go:440.3,441.1 1 0
github.com/ericbutera/bike/strava-gateway/internal/worker/worker.go:442.2,442.67 1 0
github.com/ericbutera/bike/strava-gateway/internal/worker/worker.go:443.3,444.17 2 0
github.com/ericbutera/bike/strava-gateway/internal/worker/worker.go:445.4,445.46 1 0
github.com/ericbutera/bike/strava-gateway/internal/worker/worker.go:446.5,447.1 1 0
github.com/ericbutera/bike/strava-gateway/internal/worker/worker.go:448.4,448.14 1 0
github.com/ericbutera/bike/strava-gateway/internal/worker/worker.go:450.3,450.69 1 0
github.com/ericbutera/bike/strava-gateway/internal/worker/worker.go:451.4,452.1 1 0
github.com/ericbutera/bike/strava-gateway/internal/worker/worker.go:452.10,452.31 1 0
github.com/ericbutera/bike/strava-gateway/internal/worker/worker.go:453.4,454.1 1 0
github.com/ericbutera/bike/strava-gateway/internal/worker/worker.go:455.3,456.87 2 0
github.com/ericbutera/bike/strava-gateway/internal/worker/worker.go:457.4,458.1 1 0
github.com/ericbutera/bike/strava-gateway/internal/worker/worker.go:460.2,460.16 1 0
github.com/ericbutera/bike/strava-gateway/internal/worker/worker.go:461.3,462.43 2 0
github.com/ericbutera/bike/strava-gateway/internal/worker/worker.go:463.4,464.1 1 0
github.com/ericbutera/bike/strava-gateway/internal/worker/worker.go:465.3,465.43 1 0
github.com/ericbutera/bike/strava-gateway/internal/worker/worker.go:466.4,467.1 1 0
github.com/ericbutera/bike/strava-gateway/internal/worker/worker.go:468.3,468.13 1 0
github.com/ericbutera/bike/strava-gateway/internal/worker/worker.go:470.2,471.16 2 0
github.com/ericbutera/bike/strava-gateway/internal/worker/worker.go:472.3,473.1 1 0
github.com/ericbutera/bike/strava-gateway/internal/worker/worker.go:474.2,474.35 1 0
github.com/ericbutera/bike/strava-gateway/internal/worker/worker.go:475.3,477.1 1 0
github.com/ericbutera/bike/strava-gateway/internal/worker/worker.go:478.2,478.25 1 0
github.com/ericbutera/bike/strava-gateway/internal/worker/worker.go:479.3,480.1 1 0
github.com/ericbutera/bike/strava-gateway/internal/worker/worker.go:481.2,481.58 1 0
github.com/ericbutera/bike/strava-gateway/internal/worker/worker.go:482.3,483.1 1 0
github.com/ericbutera/bike/strava-gateway/internal/worker/worker.go:483.9,483.30 1 0
github.com/ericbutera/bike/strava-gateway/internal/worker/worker.go:484.3,485.1 1 0
github.com/ericbutera/bike/strava-gateway/internal/worker/worker.go:486.2,487.87 2 0
github.com/ericbutera/bike/strava-gateway/internal/worker/worker.go:488.3,489.1 1 0
github.com/ericbutera/bike/strava-gateway/internal/worker/worker.go:490.2,490.67 1 0
github.com/ericbutera/bike/strava-gateway/internal/worker/worker.go:491.3,492.17 2 0
github.com/ericbutera/bike/strava-gateway/internal/worker/worker.go:493.4,493.46 1 0
github.com/ericbutera/bike/strava-gateway/internal/worker/worker.go:494.5,495.1 1 0
github.com/ericbutera/bike/strava-gateway/internal/worker/worker.go:496.4,496.14 1 0
github.com/ericbutera/bike/strava-gateway/internal/worker/worker.go:498.3,498.69 1 0
github.com/ericbutera/bike/strava-gateway/internal/worker/worker.go:499.4,500.1 1 0
github.com/ericbutera/bike/strava-gateway/internal/worker/worker.go:500.10,500.31 1 0
github.com/ericbutera/bike/strava-gateway/internal/worker/worker.go:501.4,502.1 1 0
github.com/ericbutera/bike/strava-gateway/internal/worker/worker.go:503.3,504.88 2 0
github.com/ericbutera/bike/strava-gateway/internal/worker/worker.go:505.4,506.1 1 0
github.com/ericbutera/bike/strava-gateway/internal/worker/worker.go:508.2,509.16 2 0
github.com/ericbutera/bike/strava-gateway/internal/worker/worker.go:510.3,511.43 2 0
github.com/ericbutera/bike/strava-gateway/internal/worker/worker.go:512.4,513.1 1 0
github.com/ericbutera/bike/strava-gateway/internal/worker/worker.go:514.3,514.43 1 0
github.com/ericbutera/bike/strava-gateway/internal/worker/worker.go:515.4,516.1 1 0
github.com/ericbutera/bike/strava-gateway/internal/worker/worker.go:517.3,517.13 1 0
github.com/ericbutera/bike/strava-gateway/internal/worker/worker.go:519.2,519.31 1 0
github.com/ericbutera/bike/strava-gateway/internal/worker/worker.go:520.3,521.1 1 0
github.com/ericbutera/bike/strava-gateway/internal/worker/worker.go:522.2,526.16 2 0
github.com/ericbutera/bike/strava-gateway/internal/worker/worker.go:527.3,528.1 1 0
github.com/ericbutera/bike/strava-gateway/internal/worker/worker.go:529.2,530.16 2 0
github.com/ericbutera/bike/strava-gateway/internal/worker/worker.go:531.3,531.28 1 0
github.com/ericbutera/bike/strava-gateway/internal/worker/worker.go:532.4,533.1 1 0
github.com/ericbutera/bike/strava-gateway/internal/worker/worker.go:534.3,534.13 1 0
github.com/ericbutera/bike/strava-gateway/internal/worker/worker.go:536.2,536.38 1 0
github.com/ericbutera/bike/strava-gateway/internal/worker/worker.go:537.3,538.1 1 0
github.com/ericbutera/bike/strava-gateway/internal/worker/worker.go:539.2,539.65 1 0
github.com/ericbutera/bike/strava-gateway/internal/worker/worker.go:543.2,544.61 2 0
github.com/ericbutera/bike/strava-gateway/internal/worker/worker.go:545.3,546.1 1 0
github.com/ericbutera/bike/strava-gateway/internal/worker/worker.go:547.2,548.43 2 0
github.com/ericbutera/bike/strava-gateway/internal/worker/worker.go:549.3,551.1 2 0
github.com/ericbutera/bike/strava-gateway/internal/worker/worker.go:552.2,552.33 1 0
github.com/ericbutera/bike/strava-gateway/internal/worker/worker.go:553.3,554.1 1 0
github.com/ericbutera/bike/strava-gateway/internal/worker/worker.go:555.2,555.21 1 0
github.com/ericbutera/bike/strava-gateway/internal/worker/worker.go:559.2,559.73 1 0
github.com/ericbutera/bike/strava-gateway/internal/worker/worker.go:560.3,561.1 1 0
github.com/ericbutera/bike/strava-gateway/internal/worker/worker.go:562.2,562.59 1 0
github.com/ericbutera/bike/strava-gateway/internal/worker/worker.go:563.3,564.1 1 0
github.com/ericbutera/bike/strava-gateway/internal/worker/worker.go:564.9,564.30 1 0
github.com/ericbutera/bike/strava-gateway/internal/worker/worker.go:565.3,566.1 1 0
github.com/ericbutera/bike/strava-gateway/internal/worker/worker.go:567.2,568.88 2 0
github.com/ericbutera/bike/strava-gateway/internal/worker/worker.go:569.3,570.1 1 0
github.com/ericbutera/bike/strava-gateway/internal/worker/worker.go:571.2,571.16 1 0
github.com/ericbutera/bike/strava-gateway/internal/worker/worker.go:572.3,573.1 1 0
github.com/ericbutera/bike/strava-gateway/internal/worker/worker.go:574.2,576.23 3 0
github.com/ericbutera/bike/strava-gateway/internal/worker/worker.go:577.3,578.1 1 0
github.com/ericbutera/bike/strava-gateway/internal/worker/worker.go:579.2,579.67 1 0
github.com/ericbutera/bike/strava-gateway/internal/worker/worker.go:580.3,581.1 1 0
github.com/ericbutera/bike/strava-gateway/internal/worker/worker.go:582.2,582.24 1 0
github.com/ericbutera/bike/strava-gateway/internal/worker/worker.go:586.2,587.45 2 0
github.com/ericbutera/bike/strava-gateway/internal/worker/worker.go:588.3,589.1 1 0
github.com/ericbutera/bike/strava-gateway/internal/worker/worker.go:590.2,590.16 1 0
github.com/ericbutera/bike/strava-gateway/internal/worker/worker.go:591.3,592.1 1 0
github.com/ericbutera/bike/strava-gateway/internal/worker/worker.go:593.2,593.77 1 0
github.com/ericbutera/bike/strava-gateway/internal/worker/worker.go:594.3,595.1 1 0
github.com/ericbutera/bike/strava-gateway/internal/worker/worker.go:596.2,596.47 1 0
github.com/ericbutera/bike/strava-gateway/internal/worker/worker.go:600.2,600.66 1 0
github.com/ericbutera/bike/strava-gateway/internal/worker/worker.go:601.3,602.1 1 0
github.com/ericbutera/bike/strava-gateway/internal/worker/worker.go:603.2,603.64 1 0
github.com/ericbutera/bike/strava-gateway/internal/worker/worker.go:607.2,607.26 1 0
github.com/ericbutera/bike/strava-gateway/internal/worker/worker.go:608.3,609.1 1 0
github.com/ericbutera/bike/strava-gateway/internal/worker/worker.go:610.2,610.23 1 0
github.com/ericbutera/bike/strava-gateway/internal/worker/worker.go:614.2,616.1 2 2
github.com/ericbutera/bike/strava-gateway/internal/worker/worker.go:619.2,620.65 2 0
github.com/ericbutera/bike/strava-gateway/internal/worker/worker.go:621.3,622.1 1 0
github.com/ericbutera/bike/strava-gateway/internal/worker/worker.go:623.2,623.19 1 0
github.com/ericbutera/bike/strava-gateway/internal/worker/worker.go:624.3,625.1 1 0
github.com/ericbutera/bike/strava-gateway/internal/worker/worker.go:626.2,627.25 2 0
github.com/ericbutera/bike/strava-gateway/internal/worker/worker.go:628.3,629.1 1 0
github.com/ericbutera/bike/strava-gateway/internal/worker/worker.go:630.2,630.80 1 0
